model_id,precision,runtime,Torch Accuracy,Sim Accuracy,Device Accuracy,PSNR_0,PSNR_1,PSNR_2,PSNR_3,PSNR_4,PSNR_5,PSNR_6,PSNR_7,PSNR_8,PSNR_9,date,branch,chipset,dataset_name,dataset_link,split_description,metric_name,metric_unit,metric_description,metric_min,metric_max,metric_threshold,metric_higher_is_better,num_samples
amt_torchscript,float,tflite,,,,107.0,,,,,,,,,,2026-06-14,main,qualcomm-snapdragon-8-elite-for-galaxy,,,,,,,,,,True,
amt_torchscript,float,qnn_dlc,,,,40.7,,,,,,,,,,2026-06-14,main,qualcomm-snapdragon-8-elite-for-galaxy,,,,,,,,,,True,
cdcn_torchscript,float,tflite,,,,62.82,,,,,,,,,,2026-06-14,main,qualcomm-snapdragon-8-elite-for-galaxy,,,,,,,,,,True,
cdcn_torchscript,float,qnn_dlc,,,,62.82,,,,,,,,,,2026-06-14,main,qualcomm-snapdragon-8-elite-for-galaxy,,,,,,,,,,True,
cdcn_torchscript,float,qnn_dlc_via_qnn_ep,,,,62.82,,,,,,,,,,2026-06-14,main,qualcomm-snapdragon-8-elite-for-galaxy,,,,,,,,,,True,
cdcn_torchscript,float,onnx,,,,62.79,,,,,,,,,,2026-06-14,main,qualcomm-snapdragon-8-elite-for-galaxy,,,,,,,,,,True,
doc_enhancement_inpaint_torchscript,float,tflite,,,,12.5,,,,,,,,,,2026-06-14,main,qualcomm-snapdragon-8-elite-for-galaxy,,,,,,,,,,True,
doc_enhancement_inpaint_torchscript,float,qnn_dlc,,,,37.98,,,,,,,,,,2026-06-14,main,qualcomm-snapdragon-8-elite-for-galaxy,,,,,,,,,,True,
doc_enhancement_inpaint_torchscript,float,qnn_dlc_via_qnn_ep,,,,37.98,,,,,,,,,,2026-06-14,main,qualcomm-snapdragon-8-elite-for-galaxy,,,,,,,,,,True,
doc_enhancement_inpaint_torchscript,float,onnx,,,,37.98,,,,,,,,,,2026-06-14,main,qualcomm-snapdragon-8-elite-for-galaxy,,,,,,,,,,True,
doc_enhancement_object_removal_torchscript,float,tflite,,,,-17.87,,,,,,,,,,2026-06-14,main,qualcomm-snapdragon-8-elite-for-galaxy,,,,,,,,,,True,
doc_enhancement_object_removal_torchscript,float,qnn_dlc,,,,-17.87,,,,,,,,,,2026-06-14,main,qualcomm-snapdragon-8-elite-for-galaxy,,,,,,,,,,True,
doc_enhancement_object_removal_torchscript,float,qnn_dlc_via_qnn_ep,,,,-17.87,,,,,,,,,,2026-06-14,main,qualcomm-snapdragon-8-elite-for-galaxy,,,,,,,,,,True,
doc_enhancement_object_removal_torchscript,float,onnx,,,,-17.87,,,,,,,,,,2026-06-14,main,qualcomm-snapdragon-8-elite-for-galaxy,,,,,,,,,,True,
efficientformer_l1_onnx,float,tflite,,,,30.29,,,,,,,,,,2026-06-14,main,qualcomm-snapdragon-8-elite-for-galaxy,,,,,,,,,,True,
efficientformer_l1_onnx,float,qnn_dlc,,,,30.28,,,,,,,,,,2026-06-14,main,qualcomm-snapdragon-8-elite-for-galaxy,,,,,,,,,,True,
efficientformer_l1_onnx,float,qnn_dlc_via_qnn_ep,,,,30.38,,,,,,,,,,2026-06-14,main,qualcomm-snapdragon-8-elite-for-galaxy,,,,,,,,,,True,
efficientformer_l1_onnx,float,onnx,,,,30.38,,,,,,,,,,2026-06-14,main,qualcomm-snapdragon-8-elite-for-galaxy,,,,,,,,,,True,
efficientformer_onnx,float,tflite,,,,30.29,,,,,,,,,,2026-06-14,main,qualcomm-snapdragon-8-elite-for-galaxy,,,,,,,,,,True,
efficientformer_onnx,float,qnn_dlc,,,,30.28,,,,,,,,,,2026-06-14,main,qualcomm-snapdragon-8-elite-for-galaxy,,,,,,,,,,True,
efficientformer_onnx,float,qnn_dlc_via_qnn_ep,,,,30.38,,,,,,,,,,2026-06-14,main,qualcomm-snapdragon-8-elite-for-galaxy,,,,,,,,,,True,
efficientformer_onnx,float,onnx,,,,30.38,,,,,,,,,,2026-06-14,main,qualcomm-snapdragon-8-elite-for-galaxy,,,,,,,,,,True,
image_enhancement_cig_h_redrawing_torchscript,float,tflite,,,,22.79,,,,,,,,,,2026-06-14,main,qualcomm-snapdragon-8-elite-for-galaxy,,,,,,,,,,True,
image_enhancement_cig_h_redrawing_torchscript,float,qnn_dlc,,,,22.79,,,,,,,,,,2026-06-14,main,qualcomm-snapdragon-8-elite-for-galaxy,,,,,,,,,,True,
image_enhancement_cig_h_redrawing_torchscript,float,qnn_dlc_via_qnn_ep,,,,22.79,,,,,,,,,,2026-06-14,main,qualcomm-snapdragon-8-elite-for-galaxy,,,,,,,,,,True,
image_enhancement_cig_h_redrawing_torchscript,float,onnx,,,,16.14,,,,,,,,,,2026-06-14,main,qualcomm-snapdragon-8-elite-for-galaxy,,,,,,,,,,True,
image_enhancement_cig_i_redrawing_torchscript,float,tflite,,,,69.35,,,,,,,,,,2026-06-14,main,qualcomm-snapdragon-8-elite-for-galaxy,,,,,,,,,,True,
image_enhancement_cig_i_redrawing_torchscript,float,qnn_dlc,,,,69.35,,,,,,,,,,2026-06-14,main,qualcomm-snapdragon-8-elite-for-galaxy,,,,,,,,,,True,
image_enhancement_cig_i_redrawing_torchscript,float,qnn_dlc_via_qnn_ep,,,,69.6,,,,,,,,,,2026-06-14,main,qualcomm-snapdragon-8-elite-for-galaxy,,,,,,,,,,True,
image_enhancement_cig_i_redrawing_torchscript,float,onnx,,,,69.6,,,,,,,,,,2026-06-14,main,qualcomm-snapdragon-8-elite-for-galaxy,,,,,,,,,,True,
intern_image,float,qnn_dlc,,,,37.07,,,,,,,,,,2026-06-14,main,qualcomm-snapdragon-8-elite-for-galaxy,,,,,,,,,,True,
nanotrackv3template_torchscript,float,tflite,,,,49.18,,,,,,,,,,2026-06-14,main,qualcomm-snapdragon-8-elite-for-galaxy,,,,,,,,,,True,
nanotrackv3template_torchscript,float,qnn_dlc,,,,50.06,,,,,,,,,,2026-06-14,main,qualcomm-snapdragon-8-elite-for-galaxy,,,,,,,,,,True,
nanotrackv3template_torchscript,float,qnn_dlc_via_qnn_ep,,,,50.06,,,,,,,,,,2026-06-14,main,qualcomm-snapdragon-8-elite-for-galaxy,,,,,,,,,,True,
nanotrackv3template_torchscript,float,onnx,,,,50.06,,,,,,,,,,2026-06-14,main,qualcomm-snapdragon-8-elite-for-galaxy,,,,,,,,,,True,
photo_remaster_aideblur_fpn_torchscript,float,tflite,,,,62.43,66.2,70.56,,,,,,,,2026-06-14,main,qualcomm-snapdragon-8-elite-for-galaxy,,,,,,,,,,True,
photo_remaster_aideblur_fpn_torchscript,float,qnn_dlc,,,,62.43,66.2,70.56,,,,,,,,2026-06-14,main,qualcomm-snapdragon-8-elite-for-galaxy,,,,,,,,,,True,
photo_remaster_aideblur_v140_torchscript,float,tflite,,,,62.2,,,,,,,,,,2026-06-14,main,qualcomm-snapdragon-8-elite-for-galaxy,,,,,,,,,,True,
photo_remaster_aideblur_v140_torchscript,float,qnn_dlc,,,,62.2,,,,,,,,,,2026-06-14,main,qualcomm-snapdragon-8-elite-for-galaxy,,,,,,,,,,True,
photo_remaster_aideblur_v140_torchscript,float,qnn_dlc_via_qnn_ep,,,,62.2,,,,,,,,,,2026-06-14,main,qualcomm-snapdragon-8-elite-for-galaxy,,,,,,,,,,True,
photo_remaster_aideblur_v140_torchscript,float,onnx,,,,62.2,,,,,,,,,,2026-06-14,main,qualcomm-snapdragon-8-elite-for-galaxy,,,,,,,,,,True,
tcchunkdetection_torchscript,float,tflite,,,,76.34,,,,,,,,,,2026-06-14,main,qualcomm-snapdragon-8-elite-for-galaxy,,,,,,,,,,True,
tcchunkdetection_torchscript,float,qnn_dlc,,,,76.34,,,,,,,,,,2026-06-14,main,qualcomm-snapdragon-8-elite-for-galaxy,,,,,,,,,,True,
tcchunkdetection_torchscript,float,qnn_dlc_via_qnn_ep,,,,76.34,,,,,,,,,,2026-06-14,main,qualcomm-snapdragon-8-elite-for-galaxy,,,,,,,,,,True,
tcchunkdetection_torchscript,float,onnx,,,,76.34,,,,,,,,,,2026-06-14,main,qualcomm-snapdragon-8-elite-for-galaxy,,,,,,,,,,True,
tcdcvcdmc_360p_torchscript,float,qnn_dlc,,,,24.68,,,,,,,,,,2026-06-14,main,qualcomm-snapdragon-8-elite-for-galaxy,,,,,,,,,,True,
tcdcvcdmc_360p_torchscript,float,qnn_dlc_via_qnn_ep,,,,24.68,,,,,,,,,,2026-06-14,main,qualcomm-snapdragon-8-elite-for-galaxy,,,,,,,,,,True,
tcdcvcdmc_360p_torchscript,float,onnx,,,,24.68,,,,,,,,,,2026-06-14,main,qualcomm-snapdragon-8-elite-for-galaxy,,,,,,,,,,True,
tcdcvcintranoar_360p_torchscript,float,tflite,,,,38.39,,,,,,,,,,2026-06-14,main,qualcomm-snapdragon-8-elite-for-galaxy,,,,,,,,,,True,
tcdcvcintranoar_360p_torchscript,float,qnn_dlc_via_qnn_ep,,,,38.39,,,,,,,,,,2026-06-14,main,qualcomm-snapdragon-8-elite-for-galaxy,,,,,,,,,,True,
tcdcvcintranoar_360p_torchscript,float,onnx,,,,38.7,,,,,,,,,,2026-06-14,main,qualcomm-snapdragon-8-elite-for-galaxy,,,,,,,,,,True,
tcfacemodel_torchscript,float,tflite,,,,76.94,,,,,,,,,,2026-06-14,main,qualcomm-snapdragon-8-elite-for-galaxy,,,,,,,,,,True,
tcfacemodel_torchscript,float,qnn_dlc,,,,76.94,,,,,,,,,,2026-06-14,main,qualcomm-snapdragon-8-elite-for-galaxy,,,,,,,,,,True,
tcfacemodel_torchscript,float,qnn_dlc_via_qnn_ep,,,,76.94,,,,,,,,,,2026-06-14,main,qualcomm-snapdragon-8-elite-for-galaxy,,,,,,,,,,True,
tcfacemodel_torchscript,float,onnx,,,,76.85,,,,,,,,,,2026-06-14,main,qualcomm-snapdragon-8-elite-for-galaxy,,,,,,,,,,True,
tcgandecoder_torchscript,float,tflite,,,,43.43,,,,,,,,,,2026-06-14,main,qualcomm-snapdragon-8-elite-for-galaxy,,,,,,,,,,True,
tcgandecoder_torchscript,float,qnn_dlc,,,,43.44,,,,,,,,,,2026-06-14,main,qualcomm-snapdragon-8-elite-for-galaxy,,,,,,,,,,True,
tcgandecoder_torchscript,float,qnn_dlc_via_qnn_ep,,,,43.44,,,,,,,,,,2026-06-14,main,qualcomm-snapdragon-8-elite-for-galaxy,,,,,,,,,,True,
tcgandecoder_torchscript,float,onnx,,,,43.44,,,,,,,,,,2026-06-14,main,qualcomm-snapdragon-8-elite-for-galaxy,,,,,,,,,,True,
tcganencoder_torchscript,float,tflite,,,,,,,,,,,,,,2026-06-14,main,qualcomm-snapdragon-8-elite-for-galaxy,,,,,,,,,,True,
tcganencoder_torchscript,float,qnn_dlc,,,,,,,,,,,,,,2026-06-14,main,qualcomm-snapdragon-8-elite-for-galaxy,,,,,,,,,,True,
tcimagesegmentationrtmi_torchscript,float,tflite,,,,46.52,,,,,,,,,,2026-06-14,main,qualcomm-snapdragon-8-elite-for-galaxy,,,,,,,,,,True,
tcimagesegmentationrtmi_torchscript,float,qnn_dlc,,,,46.52,,,,,,,,,,2026-06-14,main,qualcomm-snapdragon-8-elite-for-galaxy,,,,,,,,,,True,
tcimagesegmentationrtmi_torchscript,float,qnn_dlc_via_qnn_ep,,,,46.52,,,,,,,,,,2026-06-14,main,qualcomm-snapdragon-8-elite-for-galaxy,,,,,,,,,,True,
tcimagesegmentationrtmi_torchscript,float,onnx,,,,46.52,,,,,,,,,,2026-06-14,main,qualcomm-snapdragon-8-elite-for-galaxy,,,,,,,,,,True,
tcmaskclassifier_torchscript,float,tflite,,,,51.44,,,,,,,,,,2026-06-14,main,qualcomm-snapdragon-8-elite-for-galaxy,,,,,,,,,,True,
tcmaskclassifier_torchscript,float,qnn_dlc,,,,51.44,,,,,,,,,,2026-06-14,main,qualcomm-snapdragon-8-elite-for-galaxy,,,,,,,,,,True,
tcmaskclassifier_torchscript,float,qnn_dlc_via_qnn_ep,,,,51.44,,,,,,,,,,2026-06-14,main,qualcomm-snapdragon-8-elite-for-galaxy,,,,,,,,,,True,
tcmaskclassifier_torchscript,float,onnx,,,,51.44,,,,,,,,,,2026-06-14,main,qualcomm-snapdragon-8-elite-for-galaxy,,,,,,,,,,True,
tcmultihead_torchscript,float,tflite,,,,72.06,66.44,52.32,48.54,54.41,35.42,34.1,17.18,16.28,60.02,2026-06-14,main,qualcomm-snapdragon-8-elite-for-galaxy,,,,,,,,,,True,
tcpersonsegmentation_torchscript,float,tflite,,,,72.55,,,,,,,,,,2026-06-14,main,qualcomm-snapdragon-8-elite-for-galaxy,,,,,,,,,,True,
tcpersonsegmentation_torchscript,float,qnn_dlc,,,,72.55,,,,,,,,,,2026-06-14,main,qualcomm-snapdragon-8-elite-for-galaxy,,,,,,,,,,True,
tcpersonsegmentation_torchscript,float,qnn_dlc_via_qnn_ep,,,,72.55,,,,,,,,,,2026-06-14,main,qualcomm-snapdragon-8-elite-for-galaxy,,,,,,,,,,True,
tcpersonsegmentation_torchscript,float,onnx,,,,72.55,,,,,,,,,,2026-06-14,main,qualcomm-snapdragon-8-elite-for-galaxy,,,,,,,,,,True,
tcswifty_torchscript,float,tflite,,,,77.84,80.61,82.63,80.48,86.69,,,,,,2026-06-14,main,qualcomm-snapdragon-8-elite-for-galaxy,,,,,,,,,,True,
tcswifty_torchscript,float,qnn_dlc,,,,77.84,80.61,82.63,80.48,86.69,,,,,,2026-06-14,main,qualcomm-snapdragon-8-elite-for-galaxy,,,,,,,,,,True,
tctc2convnet_torchscript,float,tflite,,,,86.91,,,,,,,,,,2026-06-14,main,qualcomm-snapdragon-8-elite-for-galaxy,,,,,,,,,,True,
tctc2convnet_torchscript,float,qnn_dlc,,,,86.1,,,,,,,,,,2026-06-14,main,qualcomm-snapdragon-8-elite-for-galaxy,,,,,,,,,,True,
tctc2convnet_torchscript,float,qnn_dlc_via_qnn_ep,,,,86.1,,,,,,,,,,2026-06-14,main,qualcomm-snapdragon-8-elite-for-galaxy,,,,,,,,,,True,
tctc2convnet_torchscript,float,onnx,,,,86.1,,,,,,,,,,2026-06-14,main,qualcomm-snapdragon-8-elite-for-galaxy,,,,,,,,,,True,
tctc2decoderstep_torchscript,float,tflite,,,,73.66,72.32,74.63,73.75,58.35,76.6,71.98,71.25,100.0,,2026-06-14,main,qualcomm-snapdragon-8-elite-for-galaxy,,,,,,,,,,True,
tctc2encoderstep_torchscript,float,tflite,,,,72.56,72.32,72.4,73.37,73.04,72.9,,,,,2026-06-14,main,qualcomm-snapdragon-8-elite-for-galaxy,,,,,,,,,,True,
tctc2encoderstep_torchscript,float,qnn_dlc,,,,12.37,7.359,8.47,24.68,2.168,24.8,,,,,2026-06-14,main,qualcomm-snapdragon-8-elite-for-galaxy,,,,,,,,,,True,
tctc2encoderstep_torchscript,float,qnn_dlc_via_qnn_ep,,,,7.113,3.963,8.47,6.478,2.318,8.522,,,,,2026-06-14,main,qualcomm-snapdragon-8-elite-for-galaxy,,,,,,,,,,True,
tctc2encoderstep_torchscript,float,onnx,,,,72.56,72.32,72.4,73.37,73.04,72.9,,,,,2026-06-14,main,qualcomm-snapdragon-8-elite-for-galaxy,,,,,,,,,,True,
tctc2memorylayer_torchscript,float,tflite,,,,82.59,,,,,,,,,,2026-06-14,main,qualcomm-snapdragon-8-elite-for-galaxy,,,,,,,,,,True,
tctc2memorylayer_torchscript,float,qnn_dlc,,,,82.59,,,,,,,,,,2026-06-14,main,qualcomm-snapdragon-8-elite-for-galaxy,,,,,,,,,,True,
tctc2memorylayer_torchscript,float,qnn_dlc_via_qnn_ep,,,,82.59,,,,,,,,,,2026-06-14,main,qualcomm-snapdragon-8-elite-for-galaxy,,,,,,,,,,True,
tctc2memorylayer_torchscript,float,onnx,,,,82.59,,,,,,,,,,2026-06-14,main,qualcomm-snapdragon-8-elite-for-galaxy,,,,,,,,,,True,
tctc2postnet_torchscript,float,tflite,,,,65.64,,,,,,,,,,2026-06-14,main,qualcomm-snapdragon-8-elite-for-galaxy,,,,,,,,,,True,
tctc2postnet_torchscript,float,qnn_dlc,,,,75.69,,,,,,,,,,2026-06-14,main,qualcomm-snapdragon-8-elite-for-galaxy,,,,,,,,,,True,
tctc2postnet_torchscript,float,qnn_dlc_via_qnn_ep,,,,75.69,,,,,,,,,,2026-06-14,main,qualcomm-snapdragon-8-elite-for-galaxy,,,,,,,,,,True,
tctc2postnet_torchscript,float,onnx,,,,75.69,,,,,,,,,,2026-06-14,main,qualcomm-snapdragon-8-elite-for-galaxy,,,,,,,,,,True,
tctfv5_torchscript,float,tflite,,,,59.42,,,,,,,,,,2026-06-14,main,qualcomm-snapdragon-8-elite-for-galaxy,,,,,,,,,,True,
tctfv5_torchscript,float,qnn_dlc,,,,59.31,,,,,,,,,,2026-06-14,main,qualcomm-snapdragon-8-elite-for-galaxy,,,,,,,,,,True,
tctfv5_torchscript,float,qnn_dlc_via_qnn_ep,,,,59.59,,,,,,,,,,2026-06-14,main,qualcomm-snapdragon-8-elite-for-galaxy,,,,,,,,,,True,
tctfv5_torchscript,float,onnx,,,,59.51,,,,,,,,,,2026-06-14,main,qualcomm-snapdragon-8-elite-for-galaxy,,,,,,,,,,True,
tcvocoder_torchscript,float,onnx,,,,50.47,,,,,,,,,,2026-06-14,main,qualcomm-snapdragon-8-elite-for-galaxy,,,,,,,,,,True,
tcvoicealigncruse_torchscript,float,onnx,,,,80.36,,,,,,,,,,2026-06-14,main,qualcomm-snapdragon-8-elite-for-galaxy,,,,,,,,,,True,
uniformer_torchscript,float,tflite,,,,10.01,,,,,,,,,,2026-06-14,main,qualcomm-snapdragon-8-elite-for-galaxy,,,,,,,,,,True,
uniformer_torchscript,float,qnn_dlc,,,,40.54,,,,,,,,,,2026-06-14,main,qualcomm-snapdragon-8-elite-for-galaxy,,,,,,,,,,True,
uniformer_torchscript,float,qnn_dlc_via_qnn_ep,,,,40.57,,,,,,,,,,2026-06-14,main,qualcomm-snapdragon-8-elite-for-galaxy,,,,,,,,,,True,
uniformer_torchscript,float,onnx,,,,40.57,,,,,,,,,,2026-06-14,main,qualcomm-snapdragon-8-elite-for-galaxy,,,,,,,,,,True,
zerodce_torchscript,float,tflite,,,,51.32,45.87,33.11,,,,,,,,2026-06-14,main,qualcomm-snapdragon-8-elite-for-galaxy,,,,,,,,,,True,
zerodceplusplus_torchscript,float,tflite,,,,46.02,35.55,,,,,,,,,2026-06-14,main,qualcomm-snapdragon-8-elite-for-galaxy,,,,,,,,,,True,
zerodceplusplus_torchscript,float,qnn_dlc,,,,46.02,35.55,,,,,,,,,2026-06-14,main,qualcomm-snapdragon-8-elite-for-galaxy,,,,,,,,,,True,
zerodceplusplus_torchscript,float,qnn_dlc_via_qnn_ep,,,,-11.3,1.882,,,,,,,,,2026-06-14,main,qualcomm-snapdragon-8-elite-for-galaxy,,,,,,,,,,True,
zerodceplusplus_torchscript,float,onnx,,,,46.02,35.55,,,,,,,,,2026-06-14,main,qualcomm-snapdragon-8-elite-for-galaxy,,,,,,,,,,True,
cdcn_torchscript,float,tflite,,,,62.82,,,,,,,,,,2026-07-26,main,qualcomm-snapdragon-8-elite-for-galaxy,,,,,,,,,,True,
cdcn_torchscript,float,qnn_dlc,,,,62.82,,,,,,,,,,2026-07-26,main,qualcomm-snapdragon-8-elite-for-galaxy,,,,,,,,,,True,
cdcn_torchscript,float,qnn_dlc_via_qnn_ep,,,,62.82,,,,,,,,,,2026-07-26,main,qualcomm-snapdragon-8-elite-for-galaxy,,,,,,,,,,True,
cdcn_torchscript,float,onnx,,,,62.79,,,,,,,,,,2026-07-26,main,qualcomm-snapdragon-8-elite-for-galaxy,,,,,,,,,,True,
doc_enhancement_inpaint_torchscript,float,tflite,,,,12.5,,,,,,,,,,2026-07-26,main,qualcomm-snapdragon-8-elite-for-galaxy,,,,,,,,,,True,
doc_enhancement_inpaint_torchscript,float,qnn_dlc,,,,37.98,,,,,,,,,,2026-07-26,main,qualcomm-snapdragon-8-elite-for-galaxy,,,,,,,,,,True,
doc_enhancement_inpaint_torchscript,float,qnn_dlc_via_qnn_ep,,,,37.98,,,,,,,,,,2026-07-26,main,qualcomm-snapdragon-8-elite-for-galaxy,,,,,,,,,,True,
doc_enhancement_inpaint_torchscript,float,onnx,,,,37.98,,,,,,,,,,2026-07-26,main,qualcomm-snapdragon-8-elite-for-galaxy,,,,,,,,,,True,
doc_enhancement_object_removal_torchscript,float,tflite,,,,-17.87,,,,,,,,,,2026-07-26,main,qualcomm-snapdragon-8-elite-for-galaxy,,,,,,,,,,True,
doc_enhancement_object_removal_torchscript,float,qnn_dlc,,,,-17.87,,,,,,,,,,2026-07-26,main,qualcomm-snapdragon-8-elite-for-galaxy,,,,,,,,,,True,
doc_enhancement_object_removal_torchscript,float,qnn_dlc_via_qnn_ep,,,,-17.87,,,,,,,,,,2026-07-26,main,qualcomm-snapdragon-8-elite-for-galaxy,,,,,,,,,,True,
doc_enhancement_object_removal_torchscript,float,onnx,,,,-17.87,,,,,,,,,,2026-07-26,main,qualcomm-snapdragon-8-elite-for-galaxy,,,,,,,,,,True,
efficientformer_l1_onnx,float,tflite,,,,30.29,,,,,,,,,,2026-07-26,main,qualcomm-snapdragon-8-elite-for-galaxy,,,,,,,,,,True,
efficientformer_l1_onnx,float,qnn_dlc,,,,30.28,,,,,,,,,,2026-07-26,main,qualcomm-snapdragon-8-elite-for-galaxy,,,,,,,,,,True,
efficientformer_l1_onnx,float,qnn_dlc_via_qnn_ep,,,,30.38,,,,,,,,,,2026-07-26,main,qualcomm-snapdragon-8-elite-for-galaxy,,,,,,,,,,True,
efficientformer_l1_onnx,float,onnx,,,,30.38,,,,,,,,,,2026-07-26,main,qualcomm-snapdragon-8-elite-for-galaxy,,,,,,,,,,True,
efficientformer_onnx,float,tflite,,,,30.29,,,,,,,,,,2026-07-26,main,qualcomm-snapdragon-8-elite-for-galaxy,,,,,,,,,,True,
efficientformer_onnx,float,qnn_dlc,,,,30.28,,,,,,,,,,2026-07-26,main,qualcomm-snapdragon-8-elite-for-galaxy,,,,,,,,,,True,
efficientformer_onnx,float,qnn_dlc_via_qnn_ep,,,,30.38,,,,,,,,,,2026-07-26,main,qualcomm-snapdragon-8-elite-for-galaxy,,,,,,,,,,True,
efficientformer_onnx,float,onnx,,,,30.38,,,,,,,,,,2026-07-26,main,qualcomm-snapdragon-8-elite-for-galaxy,,,,,,,,,,True,
image_enhancement_cig_h_redrawing_torchscript,float,tflite,,,,22.79,,,,,,,,,,2026-07-26,main,qualcomm-snapdragon-8-elite-for-galaxy,,,,,,,,,,True,
image_enhancement_cig_h_redrawing_torchscript,float,qnn_dlc,,,,22.79,,,,,,,,,,2026-07-26,main,qualcomm-snapdragon-8-elite-for-galaxy,,,,,,,,,,True,
image_enhancement_cig_h_redrawing_torchscript,float,qnn_dlc_via_qnn_ep,,,,22.79,,,,,,,,,,2026-07-26,main,qualcomm-snapdragon-8-elite-for-galaxy,,,,,,,,,,True,
image_enhancement_cig_h_redrawing_torchscript,float,onnx,,,,16.14,,,,,,,,,,2026-07-26,main,qualcomm-snapdragon-8-elite-for-galaxy,,,,,,,,,,True,
image_enhancement_cig_i_redrawing_torchscript,float,tflite,,,,69.35,,,,,,,,,,2026-07-26,main,qualcomm-snapdragon-8-elite-for-galaxy,,,,,,,,,,True,
image_enhancement_cig_i_redrawing_torchscript,float,qnn_dlc,,,,69.35,,,,,,,,,,2026-07-26,main,qualcomm-snapdragon-8-elite-for-galaxy,,,,,,,,,,True,
image_enhancement_cig_i_redrawing_torchscript,float,qnn_dlc_via_qnn_ep,,,,69.6,,,,,,,,,,2026-07-26,main,qualcomm-snapdragon-8-elite-for-galaxy,,,,,,,,,,True,
image_enhancement_cig_i_redrawing_torchscript,float,onnx,,,,69.6,,,,,,,,,,2026-07-26,main,qualcomm-snapdragon-8-elite-for-galaxy,,,,,,,,,,True,
intern_image,float,qnn_dlc,,,,37.07,,,,,,,,,,2026-07-26,main,qualcomm-snapdragon-8-elite-for-galaxy,,,,,,,,,,True,
nanotrackv3template_torchscript,float,tflite,,,,49.18,,,,,,,,,,2026-07-26,main,qualcomm-snapdragon-8-elite-for-galaxy,,,,,,,,,,True,
nanotrackv3template_torchscript,float,qnn_dlc,,,,50.06,,,,,,,,,,2026-07-26,main,qualcomm-snapdragon-8-elite-for-galaxy,,,,,,,,,,True,
nanotrackv3template_torchscript,float,qnn_dlc_via_qnn_ep,,,,50.06,,,,,,,,,,2026-07-26,main,qualcomm-snapdragon-8-elite-for-galaxy,,,,,,,,,,True,
nanotrackv3template_torchscript,float,onnx,,,,50.06,,,,,,,,,,2026-07-26,main,qualcomm-snapdragon-8-elite-for-galaxy,,,,,,,,,,True,
photo_remaster_aideblur_fpn_torchscript,float,tflite,,,,62.43,66.2,70.56,,,,,,,,2026-07-26,main,qualcomm-snapdragon-8-elite-for-galaxy,,,,,,,,,,True,
photo_remaster_aideblur_fpn_torchscript,float,qnn_dlc,,,,62.43,66.2,70.56,,,,,,,,2026-07-26,main,qualcomm-snapdragon-8-elite-for-galaxy,,,,,,,,,,True,
photo_remaster_aideblur_v140_torchscript,float,tflite,,,,62.2,,,,,,,,,,2026-07-26,main,qualcomm-snapdragon-8-elite-for-galaxy,,,,,,,,,,True,
photo_remaster_aideblur_v140_torchscript,float,qnn_dlc,,,,62.2,,,,,,,,,,2026-07-26,main,qualcomm-snapdragon-8-elite-for-galaxy,,,,,,,,,,True,
photo_remaster_aideblur_v140_torchscript,float,qnn_dlc_via_qnn_ep,,,,62.2,,,,,,,,,,2026-07-26,main,qualcomm-snapdragon-8-elite-for-galaxy,,,,,,,,,,True,
photo_remaster_aideblur_v140_torchscript,float,onnx,,,,62.2,,,,,,,,,,2026-07-26,main,qualcomm-snapdragon-8-elite-for-galaxy,,,,,,,,,,True,
tcchunkdetection_torchscript,float,tflite,,,,76.34,,,,,,,,,,2026-07-26,main,qualcomm-snapdragon-8-elite-for-galaxy,,,,,,,,,,True,
tcchunkdetection_torchscript,float,qnn_dlc,,,,76.34,,,,,,,,,,2026-07-26,main,qualcomm-snapdragon-8-elite-for-galaxy,,,,,,,,,,True,
tcchunkdetection_torchscript,float,qnn_dlc_via_qnn_ep,,,,76.34,,,,,,,,,,2026-07-26,main,qualcomm-snapdragon-8-elite-for-galaxy,,,,,,,,,,True,
tcchunkdetection_torchscript,float,onnx,,,,76.34,,,,,,,,,,2026-07-26,main,qualcomm-snapdragon-8-elite-for-galaxy,,,,,,,,,,True,
tcdcvcdmc_360p_torchscript,float,qnn_dlc,,,,24.68,,,,,,,,,,2026-07-26,main,qualcomm-snapdragon-8-elite-for-galaxy,,,,,,,,,,True,
tcdcvcdmc_360p_torchscript,float,qnn_dlc_via_qnn_ep,,,,24.68,,,,,,,,,,2026-07-26,main,qualcomm-snapdragon-8-elite-for-galaxy,,,,,,,,,,True,
tcdcvcdmc_360p_torchscript,float,onnx,,,,24.68,,,,,,,,,,2026-07-26,main,qualcomm-snapdragon-8-elite-for-galaxy,,,,,,,,,,True,
tcdcvcintranoar_360p_torchscript,float,tflite,,,,38.39,,,,,,,,,,2026-07-26,main,qualcomm-snapdragon-8-elite-for-galaxy,,,,,,,,,,True,
tcdcvcintranoar_360p_torchscript,float,qnn_dlc_via_qnn_ep,,,,38.39,,,,,,,,,,2026-07-26,main,qualcomm-snapdragon-8-elite-for-galaxy,,,,,,,,,,True,
tcdcvcintranoar_360p_torchscript,float,onnx,,,,38.7,,,,,,,,,,2026-07-26,main,qualcomm-snapdragon-8-elite-for-galaxy,,,,,,,,,,True,
tcfacemodel_torchscript,float,tflite,,,,76.94,,,,,,,,,,2026-07-26,main,qualcomm-snapdragon-8-elite-for-galaxy,,,,,,,,,,True,
tcfacemodel_torchscript,float,qnn_dlc,,,,76.94,,,,,,,,,,2026-07-26,main,qualcomm-snapdragon-8-elite-for-galaxy,,,,,,,,,,True,
tcfacemodel_torchscript,float,qnn_dlc_via_qnn_ep,,,,76.94,,,,,,,,,,2026-07-26,main,qualcomm-snapdragon-8-elite-for-galaxy,,,,,,,,,,True,
tcfacemodel_torchscript,float,onnx,,,,76.85,,,,,,,,,,2026-07-26,main,qualcomm-snapdragon-8-elite-for-galaxy,,,,,,,,,,True,
tcgandecoder_torchscript,float,tflite,,,,43.43,,,,,,,,,,2026-07-26,main,qualcomm-snapdragon-8-elite-for-galaxy,,,,,,,,,,True,
tcgandecoder_torchscript,float,qnn_dlc,,,,43.44,,,,,,,,,,2026-07-26,main,qualcomm-snapdragon-8-elite-for-galaxy,,,,,,,,,,True,
tcgandecoder_torchscript,float,qnn_dlc_via_qnn_ep,,,,43.44,,,,,,,,,,2026-07-26,main,qualcomm-snapdragon-8-elite-for-galaxy,,,,,,,,,,True,
tcgandecoder_torchscript,float,onnx,,,,43.44,,,,,,,,,,2026-07-26,main,qualcomm-snapdragon-8-elite-for-galaxy,,,,,,,,,,True,
tcganencoder_torchscript,float,tflite,,,,,,,,,,,,,,2026-07-26,main,qualcomm-snapdragon-8-elite-for-galaxy,,,,,,,,,,True,
tcganencoder_torchscript,float,qnn_dlc,,,,,,,,,,,,,,2026-07-26,main,qualcomm-snapdragon-8-elite-for-galaxy,,,,,,,,,,True,
tcimagesegmentationrtmi_torchscript,float,tflite,,,,46.52,,,,,,,,,,2026-07-26,main,qualcomm-snapdragon-8-elite-for-galaxy,,,,,,,,,,True,
tcimagesegmentationrtmi_torchscript,float,qnn_dlc,,,,46.52,,,,,,,,,,2026-07-26,main,qualcomm-snapdragon-8-elite-for-galaxy,,,,,,,,,,True,
tcimagesegmentationrtmi_torchscript,float,qnn_dlc_via_qnn_ep,,,,46.52,,,,,,,,,,2026-07-26,main,qualcomm-snapdragon-8-elite-for-galaxy,,,,,,,,,,True,
tcimagesegmentationrtmi_torchscript,float,onnx,,,,46.52,,,,,,,,,,2026-07-26,main,qualcomm-snapdragon-8-elite-for-galaxy,,,,,,,,,,True,
tcmaskclassifier_torchscript,float,tflite,,,,51.44,,,,,,,,,,2026-07-26,main,qualcomm-snapdragon-8-elite-for-galaxy,,,,,,,,,,True,
tcmaskclassifier_torchscript,float,qnn_dlc,,,,51.44,,,,,,,,,,2026-07-26,main,qualcomm-snapdragon-8-elite-for-galaxy,,,,,,,,,,True,
tcmaskclassifier_torchscript,float,qnn_dlc_via_qnn_ep,,,,51.44,,,,,,,,,,2026-07-26,main,qualcomm-snapdragon-8-elite-for-galaxy,,,,,,,,,,True,
tcmaskclassifier_torchscript,float,onnx,,,,51.44,,,,,,,,,,2026-07-26,main,qualcomm-snapdragon-8-elite-for-galaxy,,,,,,,,,,True,
tcmultihead_torchscript,float,tflite,,,,72.06,66.44,52.32,48.54,54.41,35.42,34.1,17.18,16.28,60.02,2026-07-26,main,qualcomm-snapdragon-8-elite-for-galaxy,,,,,,,,,,True,
tcpersonsegmentation_torchscript,float,tflite,,,,72.55,,,,,,,,,,2026-07-26,main,qualcomm-snapdragon-8-elite-for-galaxy,,,,,,,,,,True,
tcpersonsegmentation_torchscript,float,qnn_dlc,,,,72.55,,,,,,,,,,2026-07-26,main,qualcomm-snapdragon-8-elite-for-galaxy,,,,,,,,,,True,
tcpersonsegmentation_torchscript,float,qnn_dlc_via_qnn_ep,,,,72.55,,,,,,,,,,2026-07-26,main,qualcomm-snapdragon-8-elite-for-galaxy,,,,,,,,,,True,
tcpersonsegmentation_torchscript,float,onnx,,,,72.55,,,,,,,,,,2026-07-26,main,qualcomm-snapdragon-8-elite-for-galaxy,,,,,,,,,,True,
tcswifty_torchscript,float,tflite,,,,77.84,80.61,82.63,80.48,86.69,,,,,,2026-07-26,main,qualcomm-snapdragon-8-elite-for-galaxy,,,,,,,,,,True,
tcswifty_torchscript,float,qnn_dlc,,,,77.84,80.61,82.63,80.48,86.69,,,,,,2026-07-26,main,qualcomm-snapdragon-8-elite-for-galaxy,,,,,,,,,,True,
tctc2convnet_torchscript,float,tflite,,,,86.91,,,,,,,,,,2026-07-26,main,qualcomm-snapdragon-8-elite-for-galaxy,,,,,,,,,,True,
tctc2convnet_torchscript,float,qnn_dlc,,,,86.1,,,,,,,,,,2026-07-26,main,qualcomm-snapdragon-8-elite-for-galaxy,,,,,,,,,,True,
tctc2convnet_torchscript,float,qnn_dlc_via_qnn_ep,,,,86.1,,,,,,,,,,2026-07-26,main,qualcomm-snapdragon-8-elite-for-galaxy,,,,,,,,,,True,
tctc2convnet_torchscript,float,onnx,,,,86.1,,,,,,,,,,2026-07-26,main,qualcomm-snapdragon-8-elite-for-galaxy,,,,,,,,,,True,
tctc2decoderstep_torchscript,float,tflite,,,,73.66,72.32,74.63,73.75,58.35,76.6,71.98,71.25,100.0,,2026-07-26,main,qualcomm-snapdragon-8-elite-for-galaxy,,,,,,,,,,True,
tctc2encoderstep_torchscript,float,tflite,,,,72.56,72.32,72.4,73.37,73.04,72.9,,,,,2026-07-26,main,qualcomm-snapdragon-8-elite-for-galaxy,,,,,,,,,,True,
tctc2encoderstep_torchscript,float,qnn_dlc,,,,12.37,7.359,8.47,24.68,2.168,24.8,,,,,2026-07-26,main,qualcomm-snapdragon-8-elite-for-galaxy,,,,,,,,,,True,
tctc2encoderstep_torchscript,float,qnn_dlc_via_qnn_ep,,,,7.113,3.963,8.47,6.478,2.318,8.522,,,,,2026-07-26,main,qualcomm-snapdragon-8-elite-for-galaxy,,,,,,,,,,True,
tctc2encoderstep_torchscript,float,onnx,,,,72.56,72.32,72.4,73.37,73.04,72.9,,,,,2026-07-26,main,qualcomm-snapdragon-8-elite-for-galaxy,,,,,,,,,,True,
tctc2memorylayer_torchscript,float,tflite,,,,82.59,,,,,,,,,,2026-07-26,main,qualcomm-snapdragon-8-elite-for-galaxy,,,,,,,,,,True,
tctc2memorylayer_torchscript,float,qnn_dlc,,,,82.59,,,,,,,,,,2026-07-26,main,qualcomm-snapdragon-8-elite-for-galaxy,,,,,,,,,,True,
tctc2memorylayer_torchscript,float,qnn_dlc_via_qnn_ep,,,,82.59,,,,,,,,,,2026-07-26,main,qualcomm-snapdragon-8-elite-for-galaxy,,,,,,,,,,True,
tctc2memorylayer_torchscript,float,onnx,,,,82.59,,,,,,,,,,2026-07-26,main,qualcomm-snapdragon-8-elite-for-galaxy,,,,,,,,,,True,
tctc2postnet_torchscript,float,tflite,,,,65.64,,,,,,,,,,2026-07-26,main,qualcomm-snapdragon-8-elite-for-galaxy,,,,,,,,,,True,
tctc2postnet_torchscript,float,qnn_dlc,,,,75.69,,,,,,,,,,2026-07-26,main,qualcomm-snapdragon-8-elite-for-galaxy,,,,,,,,,,True,
tctc2postnet_torchscript,float,qnn_dlc_via_qnn_ep,,,,75.69,,,,,,,,,,2026-07-26,main,qualcomm-snapdragon-8-elite-for-galaxy,,,,,,,,,,True,
tctc2postnet_torchscript,float,onnx,,,,75.69,,,,,,,,,,2026-07-26,main,qualcomm-snapdragon-8-elite-for-galaxy,,,,,,,,,,True,
tctfv5_torchscript,float,tflite,,,,59.42,,,,,,,,,,2026-07-26,main,qualcomm-snapdragon-8-elite-for-galaxy,,,,,,,,,,True,
tctfv5_torchscript,float,qnn_dlc,,,,59.31,,,,,,,,,,2026-07-26,main,qualcomm-snapdragon-8-elite-for-galaxy,,,,,,,,,,True,
tctfv5_torchscript,float,qnn_dlc_via_qnn_ep,,,,59.59,,,,,,,,,,2026-07-26,main,qualcomm-snapdragon-8-elite-for-galaxy,,,,,,,,,,True,
tctfv5_torchscript,float,onnx,,,,59.51,,,,,,,,,,2026-07-26,main,qualcomm-snapdragon-8-elite-for-galaxy,,,,,,,,,,True,
tcvocoder_torchscript,float,tflite,,,,50.49,,,,,,,,,,2026-07-26,main,qualcomm-snapdragon-8-elite-for-galaxy,,,,,,,,,,True,
tcvocoder_torchscript,float,qnn_dlc,,,,50.47,,,,,,,,,,2026-07-26,main,qualcomm-snapdragon-8-elite-for-galaxy,,,,,,,,,,True,
tcvocoder_torchscript,float,qnn_dlc_via_qnn_ep,,,,50.47,,,,,,,,,,2026-07-26,main,qualcomm-snapdragon-8-elite-for-galaxy,,,,,,,,,,True,
tcvocoder_torchscript,float,onnx,,,,50.47,,,,,,,,,,2026-07-26,main,qualcomm-snapdragon-8-elite-for-galaxy,,,,,,,,,,True,
tcvoicealigncruse_torchscript,float,tflite,,,,80.09,,,,,,,,,,2026-07-26,main,qualcomm-snapdragon-8-elite-for-galaxy,,,,,,,,,,True,
tcvoicealigncruse_torchscript,float,qnn_dlc,,,,80.36,,,,,,,,,,2026-07-26,main,qualcomm-snapdragon-8-elite-for-galaxy,,,,,,,,,,True,
tcvoicealigncruse_torchscript,float,onnx,,,,80.36,,,,,,,,,,2026-07-26,main,qualcomm-snapdragon-8-elite-for-galaxy,,,,,,,,,,True,
uniformer_torchscript,float,tflite,,,,10.01,,,,,,,,,,2026-07-26,main,qualcomm-snapdragon-8-elite-for-galaxy,,,,,,,,,,True,
uniformer_torchscript,float,qnn_dlc,,,,40.54,,,,,,,,,,2026-07-26,main,qualcomm-snapdragon-8-elite-for-galaxy,,,,,,,,,,True,
uniformer_torchscript,float,qnn_dlc_via_qnn_ep,,,,40.57,,,,,,,,,,2026-07-26,main,qualcomm-snapdragon-8-elite-for-galaxy,,,,,,,,,,True,
uniformer_torchscript,float,onnx,,,,40.57,,,,,,,,,,2026-07-26,main,qualcomm-snapdragon-8-elite-for-galaxy,,,,,,,,,,True,
zerodce_torchscript,float,tflite,,,,51.32,45.87,33.11,,,,,,,,2026-07-26,main,qualcomm-snapdragon-8-elite-for-galaxy,,,,,,,,,,True,
zerodceplusplus_torchscript,float,tflite,,,,46.02,35.55,,,,,,,,,2026-07-26,main,qualcomm-snapdragon-8-elite-for-galaxy,,,,,,,,,,True,
zerodceplusplus_torchscript,float,qnn_dlc,,,,46.02,35.55,,,,,,,,,2026-07-26,main,qualcomm-snapdragon-8-elite-for-galaxy,,,,,,,,,,True,
zerodceplusplus_torchscript,float,qnn_dlc_via_qnn_ep,,,,-11.3,1.882,,,,,,,,,2026-07-26,main,qualcomm-snapdragon-8-elite-for-galaxy,,,,,,,,,,True,
zerodceplusplus_torchscript,float,onnx,,,,46.02,35.55,,,,,,,,,2026-07-26,main,qualcomm-snapdragon-8-elite-for-galaxy,,,,,,,,,,True,
levit,w8a16_mixed_int16,qnn_dlc,73.7,73.8,73.9,45.29,,,,,,,,,,2026-07-26,main,qualcomm-snapdragon-8-elite-for-galaxy,imagenet,https://www.image-net.org/,validation split,Top-1 Accuracy,%,Percentage of top 1 model predictions that are correct.,0.0,100.0,10.0,True,1000.0
levit,w8a16_mixed_int16,qnn_dlc_via_qnn_ep,73.7,73.8,73.9,45.3,,,,,,,,,,2026-07-26,main,qualcomm-snapdragon-8-elite-for-galaxy,imagenet,https://www.image-net.org/,validation split,Top-1 Accuracy,%,Percentage of top 1 model predictions that are correct.,0.0,100.0,10.0,True,1000.0
levit,w8a16_mixed_int16,onnx,73.7,73.8,73.5,39.42,,,,,,,,,,2026-07-26,main,qualcomm-snapdragon-8-elite-for-galaxy,imagenet,https://www.image-net.org/,validation split,Top-1 Accuracy,%,Percentage of top 1 model predictions that are correct.,0.0,100.0,10.0,True,1000.0
nasnet,w8a8_mixed_fp16,qnn_dlc,80.2,80.4,,,,,,,,,,,,2026-07-26,main,qualcomm-snapdragon-8-elite-for-galaxy,imagenet_nasnet,https://www.image-net.org/,validation split,Top-1 Accuracy,%,Percentage of top 1 model predictions that are correct.,0.0,100.0,10.0,True,1000.0
nasnet,w8a8_mixed_fp16,qnn_dlc_via_qnn_ep,80.2,80.4,80.3,46.85,,,,,,,,,,2026-07-26,main,qualcomm-snapdragon-8-elite-for-galaxy,imagenet_nasnet,https://www.image-net.org/,validation split,Top-1 Accuracy,%,Percentage of top 1 model predictions that are correct.,0.0,100.0,10.0,True,1000.0
nasnet,w8a8_mixed_fp16,onnx,80.2,80.4,,,,,,,,,,,,2026-07-26,main,qualcomm-snapdragon-8-elite-for-galaxy,imagenet_nasnet,https://www.image-net.org/,validation split,Top-1 Accuracy,%,Percentage of top 1 model predictions that are correct.,0.0,100.0,10.0,True,1000.0
amt_torchscript,float,qnn_dlc_via_qnn_ep,,,,40.7,,,,,,,,,,2026-08-09,main,qualcomm-snapdragon-8-elite-for-galaxy,,,,,,,,,,True,
cdcn_torchscript,float,tflite,,,,62.82,,,,,,,,,,2026-08-09,main,qualcomm-snapdragon-8-elite-for-galaxy,,,,,,,,,,True,
cdcn_torchscript,float,qnn_dlc,,,,62.82,,,,,,,,,,2026-08-09,main,qualcomm-snapdragon-8-elite-for-galaxy,,,,,,,,,,True,
cdcn_torchscript,float,qnn_dlc_via_qnn_ep,,,,62.82,,,,,,,,,,2026-08-09,main,qualcomm-snapdragon-8-elite-for-galaxy,,,,,,,,,,True,
cdcn_torchscript,float,onnx,,,,62.79,,,,,,,,,,2026-08-09,main,qualcomm-snapdragon-8-elite-for-galaxy,,,,,,,,,,True,
doc_enhancement_inpaint_torchscript,float,tflite,,,,12.5,,,,,,,,,,2026-08-09,main,qualcomm-snapdragon-8-elite-for-galaxy,,,,,,,,,,True,
doc_enhancement_inpaint_torchscript,float,qnn_dlc,,,,37.98,,,,,,,,,,2026-08-09,main,qualcomm-snapdragon-8-elite-for-galaxy,,,,,,,,,,True,
doc_enhancement_inpaint_torchscript,float,qnn_dlc_via_qnn_ep,,,,37.98,,,,,,,,,,2026-08-09,main,qualcomm-snapdragon-8-elite-for-galaxy,,,,,,,,,,True,
doc_enhancement_inpaint_torchscript,float,onnx,,,,37.98,,,,,,,,,,2026-08-09,main,qualcomm-snapdragon-8-elite-for-galaxy,,,,,,,,,,True,
doc_enhancement_object_removal_torchscript,float,tflite,,,,-17.87,,,,,,,,,,2026-08-09,main,qualcomm-snapdragon-8-elite-for-galaxy,,,,,,,,,,True,
doc_enhancement_object_removal_torchscript,float,qnn_dlc,,,,-17.87,,,,,,,,,,2026-08-09,main,qualcomm-snapdragon-8-elite-for-galaxy,,,,,,,,,,True,
doc_enhancement_object_removal_torchscript,float,qnn_dlc_via_qnn_ep,,,,-17.87,,,,,,,,,,2026-08-09,main,qualcomm-snapdragon-8-elite-for-galaxy,,,,,,,,,,True,
doc_enhancement_object_removal_torchscript,float,onnx,,,,-17.87,,,,,,,,,,2026-08-09,main,qualcomm-snapdragon-8-elite-for-galaxy,,,,,,,,,,True,
efficientformer_l1_onnx,float,tflite,,,,30.29,,,,,,,,,,2026-08-09,main,qualcomm-snapdragon-8-elite-for-galaxy,,,,,,,,,,True,
efficientformer_l1_onnx,float,qnn_dlc,,,,30.28,,,,,,,,,,2026-08-09,main,qualcomm-snapdragon-8-elite-for-galaxy,,,,,,,,,,True,
efficientformer_l1_onnx,float,qnn_dlc_via_qnn_ep,,,,30.28,,,,,,,,,,2026-08-09,main,qualcomm-snapdragon-8-elite-for-galaxy,,,,,,,,,,True,
efficientformer_l1_onnx,float,onnx,,,,30.28,,,,,,,,,,2026-08-09,main,qualcomm-snapdragon-8-elite-for-galaxy,,,,,,,,,,True,
efficientformer_onnx,float,tflite,,,,30.29,,,,,,,,,,2026-08-09,main,qualcomm-snapdragon-8-elite-for-galaxy,,,,,,,,,,True,
efficientformer_onnx,float,qnn_dlc,,,,30.28,,,,,,,,,,2026-08-09,main,qualcomm-snapdragon-8-elite-for-galaxy,,,,,,,,,,True,
efficientformer_onnx,float,qnn_dlc_via_qnn_ep,,,,30.28,,,,,,,,,,2026-08-09,main,qualcomm-snapdragon-8-elite-for-galaxy,,,,,,,,,,True,
efficientformer_onnx,float,onnx,,,,30.28,,,,,,,,,,2026-08-09,main,qualcomm-snapdragon-8-elite-for-galaxy,,,,,,,,,,True,
image_enhancement_cig_h_redrawing_torchscript,float,tflite,,,,22.79,,,,,,,,,,2026-08-09,main,qualcomm-snapdragon-8-elite-for-galaxy,,,,,,,,,,True,
image_enhancement_cig_h_redrawing_torchscript,float,qnn_dlc,,,,22.79,,,,,,,,,,2026-08-09,main,qualcomm-snapdragon-8-elite-for-galaxy,,,,,,,,,,True,
image_enhancement_cig_h_redrawing_torchscript,float,qnn_dlc_via_qnn_ep,,,,22.79,,,,,,,,,,2026-08-09,main,qualcomm-snapdragon-8-elite-for-galaxy,,,,,,,,,,True,
image_enhancement_cig_h_redrawing_torchscript,float,onnx,,,,16.14,,,,,,,,,,2026-08-09,main,qualcomm-snapdragon-8-elite-for-galaxy,,,,,,,,,,True,
image_enhancement_cig_i_redrawing_torchscript,float,tflite,,,,69.35,,,,,,,,,,2026-08-09,main,qualcomm-snapdragon-8-elite-for-galaxy,,,,,,,,,,True,
image_enhancement_cig_i_redrawing_torchscript,float,qnn_dlc,,,,69.35,,,,,,,,,,2026-08-09,main,qualcomm-snapdragon-8-elite-for-galaxy,,,,,,,,,,True,
image_enhancement_cig_i_redrawing_torchscript,float,qnn_dlc_via_qnn_ep,,,,69.35,,,,,,,,,,2026-08-09,main,qualcomm-snapdragon-8-elite-for-galaxy,,,,,,,,,,True,
image_enhancement_cig_i_redrawing_torchscript,float,onnx,,,,69.35,,,,,,,,,,2026-08-09,main,qualcomm-snapdragon-8-elite-for-galaxy,,,,,,,,,,True,
intern_image,float,qnn_dlc,,,,37.07,,,,,,,,,,2026-08-09,main,qualcomm-snapdragon-8-elite-for-galaxy,,,,,,,,,,True,
nanotrackv3template_torchscript,float,tflite,,,,49.18,,,,,,,,,,2026-08-09,main,qualcomm-snapdragon-8-elite-for-galaxy,,,,,,,,,,True,
nanotrackv3template_torchscript,float,qnn_dlc,,,,50.06,,,,,,,,,,2026-08-09,main,qualcomm-snapdragon-8-elite-for-galaxy,,,,,,,,,,True,
nanotrackv3template_torchscript,float,qnn_dlc_via_qnn_ep,,,,50.06,,,,,,,,,,2026-08-09,main,qualcomm-snapdragon-8-elite-for-galaxy,,,,,,,,,,True,
nanotrackv3template_torchscript,float,onnx,,,,50.06,,,,,,,,,,2026-08-09,main,qualcomm-snapdragon-8-elite-for-galaxy,,,,,,,,,,True,
photo_remaster_aideblur_fpn_torchscript,float,tflite,,,,62.43,66.2,70.56,,,,,,,,2026-08-09,main,qualcomm-snapdragon-8-elite-for-galaxy,,,,,,,,,,True,
photo_remaster_aideblur_fpn_torchscript,float,qnn_dlc,,,,62.43,66.2,70.56,,,,,,,,2026-08-09,main,qualcomm-snapdragon-8-elite-for-galaxy,,,,,,,,,,True,
photo_remaster_aideblur_v140_torchscript,float,tflite,,,,62.2,,,,,,,,,,2026-08-09,main,qualcomm-snapdragon-8-elite-for-galaxy,,,,,,,,,,True,
photo_remaster_aideblur_v140_torchscript,float,qnn_dlc,,,,62.2,,,,,,,,,,2026-08-09,main,qualcomm-snapdragon-8-elite-for-galaxy,,,,,,,,,,True,
photo_remaster_aideblur_v140_torchscript,float,qnn_dlc_via_qnn_ep,,,,62.2,,,,,,,,,,2026-08-09,main,qualcomm-snapdragon-8-elite-for-galaxy,,,,,,,,,,True,
photo_remaster_aideblur_v140_torchscript,float,onnx,,,,62.2,,,,,,,,,,2026-08-09,main,qualcomm-snapdragon-8-elite-for-galaxy,,,,,,,,,,True,
tcchunkdetection_torchscript,float,tflite,,,,76.34,,,,,,,,,,2026-08-09,main,qualcomm-snapdragon-8-elite-for-galaxy,,,,,,,,,,True,
tcchunkdetection_torchscript,float,qnn_dlc,,,,76.34,,,,,,,,,,2026-08-09,main,qualcomm-snapdragon-8-elite-for-galaxy,,,,,,,,,,True,
tcchunkdetection_torchscript,float,qnn_dlc_via_qnn_ep,,,,76.34,,,,,,,,,,2026-08-09,main,qualcomm-snapdragon-8-elite-for-galaxy,,,,,,,,,,True,
tcchunkdetection_torchscript,float,onnx,,,,76.34,,,,,,,,,,2026-08-09,main,qualcomm-snapdragon-8-elite-for-galaxy,,,,,,,,,,True,
tcdcvcdmc_360p_torchscript,float,qnn_dlc,,,,24.68,,,,,,,,,,2026-08-09,main,qualcomm-snapdragon-8-elite-for-galaxy,,,,,,,,,,True,
tcdcvcdmc_360p_torchscript,float,qnn_dlc_via_qnn_ep,,,,24.68,,,,,,,,,,2026-08-09,main,qualcomm-snapdragon-8-elite-for-galaxy,,,,,,,,,,True,
tcdcvcdmc_360p_torchscript,float,onnx,,,,24.68,,,,,,,,,,2026-08-09,main,qualcomm-snapdragon-8-elite-for-galaxy,,,,,,,,,,True,
tcdcvcintranoar_360p_torchscript,float,tflite,,,,38.39,,,,,,,,,,2026-08-09,main,qualcomm-snapdragon-8-elite-for-galaxy,,,,,,,,,,True,
tcdcvcintranoar_360p_torchscript,float,qnn_dlc_via_qnn_ep,,,,38.39,,,,,,,,,,2026-08-09,main,qualcomm-snapdragon-8-elite-for-galaxy,,,,,,,,,,True,
tcdcvcintranoar_360p_torchscript,float,onnx,,,,38.7,,,,,,,,,,2026-08-09,main,qualcomm-snapdragon-8-elite-for-galaxy,,,,,,,,,,True,
tcfacemodel_torchscript,float,tflite,,,,76.94,,,,,,,,,,2026-08-09,main,qualcomm-snapdragon-8-elite-for-galaxy,,,,,,,,,,True,
tcfacemodel_torchscript,float,qnn_dlc,,,,76.94,,,,,,,,,,2026-08-09,main,qualcomm-snapdragon-8-elite-for-galaxy,,,,,,,,,,True,
tcfacemodel_torchscript,float,qnn_dlc_via_qnn_ep,,,,76.94,,,,,,,,,,2026-08-09,main,qualcomm-snapdragon-8-elite-for-galaxy,,,,,,,,,,True,
tcfacemodel_torchscript,float,onnx,,,,76.85,,,,,,,,,,2026-08-09,main,qualcomm-snapdragon-8-elite-for-galaxy,,,,,,,,,,True,
tcgandecoder_torchscript,float,tflite,,,,43.43,,,,,,,,,,2026-08-09,main,qualcomm-snapdragon-8-elite-for-galaxy,,,,,,,,,,True,
tcgandecoder_torchscript,float,qnn_dlc,,,,43.44,,,,,,,,,,2026-08-09,main,qualcomm-snapdragon-8-elite-for-galaxy,,,,,,,,,,True,
tcgandecoder_torchscript,float,qnn_dlc_via_qnn_ep,,,,43.44,,,,,,,,,,2026-08-09,main,qualcomm-snapdragon-8-elite-for-galaxy,,,,,,,,,,True,
tcgandecoder_torchscript,float,onnx,,,,43.44,,,,,,,,,,2026-08-09,main,qualcomm-snapdragon-8-elite-for-galaxy,,,,,,,,,,True,
tcganencoder_torchscript,float,tflite,,,,,,,,,,,,,,2026-08-09,main,qualcomm-snapdragon-8-elite-for-galaxy,,,,,,,,,,True,
tcganencoder_torchscript,float,qnn_dlc,,,,,,,,,,,,,,2026-08-09,main,qualcomm-snapdragon-8-elite-for-galaxy,,,,,,,,,,True,
tcimagesegmentationrtmi_torchscript,float,tflite,,,,46.52,,,,,,,,,,2026-08-09,main,qualcomm-snapdragon-8-elite-for-galaxy,,,,,,,,,,True,
tcimagesegmentationrtmi_torchscript,float,qnn_dlc,,,,46.52,,,,,,,,,,2026-08-09,main,qualcomm-snapdragon-8-elite-for-galaxy,,,,,,,,,,True,
tcimagesegmentationrtmi_torchscript,float,qnn_dlc_via_qnn_ep,,,,46.52,,,,,,,,,,2026-08-09,main,qualcomm-snapdragon-8-elite-for-galaxy,,,,,,,,,,True,
tcimagesegmentationrtmi_torchscript,float,onnx,,,,46.52,,,,,,,,,,2026-08-09,main,qualcomm-snapdragon-8-elite-for-galaxy,,,,,,,,,,True,
tcmaskclassifier_torchscript,float,tflite,,,,51.44,,,,,,,,,,2026-08-09,main,qualcomm-snapdragon-8-elite-for-galaxy,,,,,,,,,,True,
tcmaskclassifier_torchscript,float,qnn_dlc,,,,51.44,,,,,,,,,,2026-08-09,main,qualcomm-snapdragon-8-elite-for-galaxy,,,,,,,,,,True,
tcmaskclassifier_torchscript,float,qnn_dlc_via_qnn_ep,,,,51.44,,,,,,,,,,2026-08-09,main,qualcomm-snapdragon-8-elite-for-galaxy,,,,,,,,,,True,
tcmaskclassifier_torchscript,float,onnx,,,,51.44,,,,,,,,,,2026-08-09,main,qualcomm-snapdragon-8-elite-for-galaxy,,,,,,,,,,True,
tcmultihead_torchscript,float,tflite,,,,72.06,66.44,52.32,48.54,54.41,35.42,34.1,17.18,16.28,60.02,2026-08-09,main,qualcomm-snapdragon-8-elite-for-galaxy,,,,,,,,,,True,
tcpersonsegmentation_torchscript,float,tflite,,,,72.55,,,,,,,,,,2026-08-09,main,qualcomm-snapdragon-8-elite-for-galaxy,,,,,,,,,,True,
tcpersonsegmentation_torchscript,float,qnn_dlc,,,,72.55,,,,,,,,,,2026-08-09,main,qualcomm-snapdragon-8-elite-for-galaxy,,,,,,,,,,True,
tcpersonsegmentation_torchscript,float,qnn_dlc_via_qnn_ep,,,,72.55,,,,,,,,,,2026-08-09,main,qualcomm-snapdragon-8-elite-for-galaxy,,,,,,,,,,True,
tcpersonsegmentation_torchscript,float,onnx,,,,72.55,,,,,,,,,,2026-08-09,main,qualcomm-snapdragon-8-elite-for-galaxy,,,,,,,,,,True,
tcswifty_torchscript,float,tflite,,,,77.84,80.61,82.63,80.48,86.69,,,,,,2026-08-09,main,qualcomm-snapdragon-8-elite-for-galaxy,,,,,,,,,,True,
tcswifty_torchscript,float,qnn_dlc,,,,77.84,80.61,82.63,80.48,86.69,,,,,,2026-08-09,main,qualcomm-snapdragon-8-elite-for-galaxy,,,,,,,,,,True,
tctc2convnet_torchscript,float,tflite,,,,86.91,,,,,,,,,,2026-08-09,main,qualcomm-snapdragon-8-elite-for-galaxy,,,,,,,,,,True,
tctc2convnet_torchscript,float,qnn_dlc,,,,86.1,,,,,,,,,,2026-08-09,main,qualcomm-snapdragon-8-elite-for-galaxy,,,,,,,,,,True,
tctc2convnet_torchscript,float,qnn_dlc_via_qnn_ep,,,,86.1,,,,,,,,,,2026-08-09,main,qualcomm-snapdragon-8-elite-for-galaxy,,,,,,,,,,True,
tctc2convnet_torchscript,float,onnx,,,,86.1,,,,,,,,,,2026-08-09,main,qualcomm-snapdragon-8-elite-for-galaxy,,,,,,,,,,True,
tctc2decoderstep_torchscript,float,tflite,,,,73.66,72.32,74.63,73.75,58.35,76.6,71.98,71.25,100.0,,2026-08-09,main,qualcomm-snapdragon-8-elite-for-galaxy,,,,,,,,,,True,
tctc2encoderstep_torchscript,float,tflite,,,,72.56,72.32,72.4,73.37,73.04,72.9,,,,,2026-08-09,main,qualcomm-snapdragon-8-elite-for-galaxy,,,,,,,,,,True,
tctc2encoderstep_torchscript,float,qnn_dlc,,,,12.37,7.359,8.47,24.68,2.168,24.8,,,,,2026-08-09,main,qualcomm-snapdragon-8-elite-for-galaxy,,,,,,,,,,True,
tctc2encoderstep_torchscript,float,qnn_dlc_via_qnn_ep,,,,7.113,3.963,8.47,6.478,2.318,8.522,,,,,2026-08-09,main,qualcomm-snapdragon-8-elite-for-galaxy,,,,,,,,,,True,
tctc2encoderstep_torchscript,float,onnx,,,,72.56,72.32,72.4,73.37,73.04,72.9,,,,,2026-08-09,main,qualcomm-snapdragon-8-elite-for-galaxy,,,,,,,,,,True,
tctc2memorylayer_torchscript,float,tflite,,,,82.59,,,,,,,,,,2026-08-09,main,qualcomm-snapdragon-8-elite-for-galaxy,,,,,,,,,,True,
tctc2memorylayer_torchscript,float,qnn_dlc,,,,82.59,,,,,,,,,,2026-08-09,main,qualcomm-snapdragon-8-elite-for-galaxy,,,,,,,,,,True,
tctc2memorylayer_torchscript,float,qnn_dlc_via_qnn_ep,,,,82.59,,,,,,,,,,2026-08-09,main,qualcomm-snapdragon-8-elite-for-galaxy,,,,,,,,,,True,
tctc2memorylayer_torchscript,float,onnx,,,,82.59,,,,,,,,,,2026-08-09,main,qualcomm-snapdragon-8-elite-for-galaxy,,,,,,,,,,True,
tctc2postnet_torchscript,float,tflite,,,,65.64,,,,,,,,,,2026-08-09,main,qualcomm-snapdragon-8-elite-for-galaxy,,,,,,,,,,True,
tctc2postnet_torchscript,float,qnn_dlc,,,,75.69,,,,,,,,,,2026-08-09,main,qualcomm-snapdragon-8-elite-for-galaxy,,,,,,,,,,True,
tctc2postnet_torchscript,float,qnn_dlc_via_qnn_ep,,,,75.69,,,,,,,,,,2026-08-09,main,qualcomm-snapdragon-8-elite-for-galaxy,,,,,,,,,,True,
tctc2postnet_torchscript,float,onnx,,,,75.69,,,,,,,,,,2026-08-09,main,qualcomm-snapdragon-8-elite-for-galaxy,,,,,,,,,,True,
tctfv5_torchscript,float,tflite,,,,59.42,,,,,,,,,,2026-08-09,main,qualcomm-snapdragon-8-elite-for-galaxy,,,,,,,,,,True,
tctfv5_torchscript,float,qnn_dlc,,,,59.31,,,,,,,,,,2026-08-09,main,qualcomm-snapdragon-8-elite-for-galaxy,,,,,,,,,,True,
tctfv5_torchscript,float,qnn_dlc_via_qnn_ep,,,,59.59,,,,,,,,,,2026-08-09,main,qualcomm-snapdragon-8-elite-for-galaxy,,,,,,,,,,True,
tctfv5_torchscript,float,onnx,,,,59.51,,,,,,,,,,2026-08-09,main,qualcomm-snapdragon-8-elite-for-galaxy,,,,,,,,,,True,
tcvocoder_torchscript,float,tflite,,,,50.49,,,,,,,,,,2026-08-09,main,qualcomm-snapdragon-8-elite-for-galaxy,,,,,,,,,,True,
tcvocoder_torchscript,float,qnn_dlc,,,,50.47,,,,,,,,,,2026-08-09,main,qualcomm-snapdragon-8-elite-for-galaxy,,,,,,,,,,True,
tcvocoder_torchscript,float,qnn_dlc_via_qnn_ep,,,,50.47,,,,,,,,,,2026-08-09,main,qualcomm-snapdragon-8-elite-for-galaxy,,,,,,,,,,True,
tcvocoder_torchscript,float,onnx,,,,50.47,,,,,,,,,,2026-08-09,main,qualcomm-snapdragon-8-elite-for-galaxy,,,,,,,,,,True,
tcvoicealigncruse_torchscript,float,tflite,,,,80.09,,,,,,,,,,2026-08-09,main,qualcomm-snapdragon-8-elite-for-galaxy,,,,,,,,,,True,
tcvoicealigncruse_torchscript,float,qnn_dlc,,,,80.36,,,,,,,,,,2026-08-09,main,qualcomm-snapdragon-8-elite-for-galaxy,,,,,,,,,,True,
tcvoicealigncruse_torchscript,float,onnx,,,,80.36,,,,,,,,,,2026-08-09,main,qualcomm-snapdragon-8-elite-for-galaxy,,,,,,,,,,True,
uniformer_torchscript,float,tflite,,,,10.01,,,,,,,,,,2026-08-09,main,qualcomm-snapdragon-8-elite-for-galaxy,,,,,,,,,,True,
uniformer_torchscript,float,qnn_dlc,,,,40.54,,,,,,,,,,2026-08-09,main,qualcomm-snapdragon-8-elite-for-galaxy,,,,,,,,,,True,
uniformer_torchscript,float,qnn_dlc_via_qnn_ep,,,,40.57,,,,,,,,,,2026-08-09,main,qualcomm-snapdragon-8-elite-for-galaxy,,,,,,,,,,True,
uniformer_torchscript,float,onnx,,,,40.57,,,,,,,,,,2026-08-09,main,qualcomm-snapdragon-8-elite-for-galaxy,,,,,,,,,,True,
zerodce_torchscript,float,tflite,,,,51.32,45.87,33.11,,,,,,,,2026-08-09,main,qualcomm-snapdragon-8-elite-for-galaxy,,,,,,,,,,True,
zerodceplusplus_torchscript,float,tflite,,,,46.02,35.55,,,,,,,,,2026-08-09,main,qualcomm-snapdragon-8-elite-for-galaxy,,,,,,,,,,True,
zerodceplusplus_torchscript,float,qnn_dlc,,,,46.02,35.55,,,,,,,,,2026-08-09,main,qualcomm-snapdragon-8-elite-for-galaxy,,,,,,,,,,True,
zerodceplusplus_torchscript,float,qnn_dlc_via_qnn_ep,,,,-11.3,1.882,,,,,,,,,2026-08-09,main,qualcomm-snapdragon-8-elite-for-galaxy,,,,,,,,,,True,
zerodceplusplus_torchscript,float,onnx,,,,46.02,35.55,,,,,,,,,2026-08-09,main,qualcomm-snapdragon-8-elite-for-galaxy,,,,,,,,,,True,
efficientnet_b0,w8a16,qnn_dlc,77.1,76.0,76.1,41.83,,,,,,,,,,2026-08-09,main,qualcomm-snapdragon-8-elite-for-galaxy,imagenet,https://www.image-net.org/,validation split,Top-1 Accuracy,%,Percentage of top 1 model predictions that are correct.,0.0,100.0,10.0,True,1000.0
efficientnet_b0,w8a16,qnn_dlc_via_qnn_ep,77.1,76.0,76.1,41.83,,,,,,,,,,2026-08-09,main,qualcomm-snapdragon-8-elite-for-galaxy,imagenet,https://www.image-net.org/,validation split,Top-1 Accuracy,%,Percentage of top 1 model predictions that are correct.,0.0,100.0,10.0,True,1000.0
efficientnet_b0,w8a16,onnx,77.1,76.0,76.1,41.83,,,,,,,,,,2026-08-09,main,qualcomm-snapdragon-8-elite-for-galaxy,imagenet,https://www.image-net.org/,validation split,Top-1 Accuracy,%,Percentage of top 1 model predictions that are correct.,0.0,100.0,10.0,True,1000.0
mobilenet_v3_small,w8a16,qnn_dlc,67.4,66.3,66.5,36.38,,,,,,,,,,2026-08-09,main,qualcomm-snapdragon-8-elite-for-galaxy,imagenet,https://www.image-net.org/,validation split,Top-1 Accuracy,%,Percentage of top 1 model predictions that are correct.,0.0,100.0,10.0,True,1000.0
mobilenet_v3_small,w8a16,qnn_dlc_via_qnn_ep,67.4,66.3,66.5,36.38,,,,,,,,,,2026-08-09,main,qualcomm-snapdragon-8-elite-for-galaxy,imagenet,https://www.image-net.org/,validation split,Top-1 Accuracy,%,Percentage of top 1 model predictions that are correct.,0.0,100.0,10.0,True,1000.0
mobilenet_v3_small,w8a16,onnx,67.4,66.3,2.6,10.87,,,,,,,,,,2026-08-09,main,qualcomm-snapdragon-8-elite-for-galaxy,imagenet,https://www.image-net.org/,validation split,Top-1 Accuracy,%,Percentage of top 1 model predictions that are correct.,0.0,100.0,10.0,True,1000.0
falcon_v3_7b_instruct,w4a16,genie,79.4,,85.7,,,,,,,,,,,2026-08-23,main,qualcomm-snapdragon-x-elite,grace2,https://github.com/qualcomm/ai-hub-models/blob/main/tutorials/llm/grace.md,on-device prompt eval set,Grace2,%,Grading Response Accuracy Evaluation: percentage score from grading generated responses to the Grace2 prompt set with a grader LLM.,0.0,100.0,10.0,True,100.0
llama_v3_2_3b_instruct_ssd,w4a16,genie,,,81.8,,,,,,,,,,,2026-08-23,main,qualcomm-snapdragon-x-elite,grace2,https://github.com/qualcomm/ai-hub-models/blob/main/tutorials/llm/grace.md,on-device prompt eval set,Grace2,%,Grading Response Accuracy Evaluation: percentage score from grading generated responses to the Grace2 prompt set with a grader LLM.,0.0,100.0,10.0,True,100.0
llama_v3_8b_instruct,w4a16,genie,90.9,,80.0,,,,,,,,,,,2026-08-23,main,qualcomm-snapdragon-x-elite,grace2,https://github.com/qualcomm/ai-hub-models/blob/main/tutorials/llm/grace.md,on-device prompt eval set,Grace2,%,Grading Response Accuracy Evaluation: percentage score from grading generated responses to the Grace2 prompt set with a grader LLM.,0.0,100.0,10.0,True,100.0
qwen3_0_6b,w4a16,genie,71.4,,57.1,,,,,,,,,,,2026-08-23,main,qualcomm-snapdragon-x-elite,grace2,https://github.com/qualcomm/ai-hub-models/blob/main/tutorials/llm/grace.md,on-device prompt eval set,Grace2,%,Grading Response Accuracy Evaluation: percentage score from grading generated responses to the Grace2 prompt set with a grader LLM.,0.0,100.0,10.0,True,100.0
falcon_v3_7b_instruct,w4a16,geniex_qairt,79.4,,87.9,,,,,,,,,,,2026-08-23,main,qualcomm-snapdragon-x-elite,grace2,https://github.com/qualcomm/ai-hub-models/blob/main/tutorials/llm/grace.md,on-device prompt eval set,Grace2,%,Grading Response Accuracy Evaluation: percentage score from grading generated responses to the Grace2 prompt set with a grader LLM.,0.0,100.0,10.0,True,100.0
llama_v3_2_3b_instruct_ssd,w4a16,geniex_qairt,,,81.3,,,,,,,,,,,2026-08-23,main,qualcomm-snapdragon-x-elite,grace2,https://github.com/qualcomm/ai-hub-models/blob/main/tutorials/llm/grace.md,on-device prompt eval set,Grace2,%,Grading Response Accuracy Evaluation: percentage score from grading generated responses to the Grace2 prompt set with a grader LLM.,0.0,100.0,10.0,True,100.0
llama_v3_8b_instruct,w4a16,geniex_qairt,90.9,,78.8,,,,,,,,,,,2026-08-23,main,qualcomm-snapdragon-x-elite,grace2,https://github.com/qualcomm/ai-hub-models/blob/main/tutorials/llm/grace.md,on-device prompt eval set,Grace2,%,Grading Response Accuracy Evaluation: percentage score from grading generated responses to the Grace2 prompt set with a grader LLM.,0.0,100.0,10.0,True,100.0
qwen3_0_6b,q4_0,geniex_llamacpp,71.4,,65.7,,,,,,,,,,,2026-08-22,main,qualcomm-snapdragon-x-elite,grace2,https://github.com/qualcomm/ai-hub-models/blob/main/tutorials/llm/grace.md,on-device prompt eval set,Grace2,%,Grading Response Accuracy Evaluation: percentage score from grading generated responses to the Grace2 prompt set with a grader LLM.,0.0,100.0,10.0,True,100.0
qwen3_0_6b,w4a16,geniex_qairt,71.4,,59.7,,,,,,,,,,,2026-08-23,main,qualcomm-snapdragon-x-elite,grace2,https://github.com/qualcomm/ai-hub-models/blob/main/tutorials/llm/grace.md,on-device prompt eval set,Grace2,%,Grading Response Accuracy Evaluation: percentage score from grading generated responses to the Grace2 prompt set with a grader LLM.,0.0,100.0,10.0,True,100.0
qwen3_1_7b,w4a16,geniex_qairt,81.2,,73.0,,,,,,,,,,,2026-08-23,main,qualcomm-snapdragon-x-elite,grace2,https://github.com/qualcomm/ai-hub-models/blob/main/tutorials/llm/grace.md,on-device prompt eval set,Grace2,%,Grading Response Accuracy Evaluation: percentage score from grading generated responses to the Grace2 prompt set with a grader LLM.,0.0,100.0,10.0,True,100.0
qwen3_4b,w4a16,geniex_qairt,93.1,,64.2,,,,,,,,,,,2026-08-23,main,qualcomm-snapdragon-x-elite,grace2,https://github.com/qualcomm/ai-hub-models/blob/main/tutorials/llm/grace.md,on-device prompt eval set,Grace2,%,Grading Response Accuracy Evaluation: percentage score from grading generated responses to the Grace2 prompt set with a grader LLM.,0.0,100.0,10.0,True,100.0
qwen3_vl_8b_instruct,w4a16,geniex_qairt,,,1.22,,,,,,,,,,,2026-08-23,main,qualcomm-snapdragon-x-elite,grace2,https://github.com/qualcomm/ai-hub-models/blob/main/tutorials/llm/grace.md,on-device prompt eval set,Grace2,%,Grading Response Accuracy Evaluation: percentage score from grading generated responses to the Grace2 prompt set with a grader LLM.,0.0,100.0,10.0,True,49.0
amt_torchscript,float,qnn_dlc,,,,40.7,,,,,,,,,,2026-08-23,main,qualcomm-snapdragon-8-elite-for-galaxy,,,,,,,,,,True,
amt_torchscript,float,qnn_dlc_via_qnn_ep,,,,40.7,,,,,,,,,,2026-08-23,main,qualcomm-snapdragon-8-elite-for-galaxy,,,,,,,,,,True,
cdcn_torchscript,float,tflite,,,,62.82,,,,,,,,,,2026-08-23,main,qualcomm-snapdragon-8-elite-for-galaxy,,,,,,,,,,True,
cdcn_torchscript,float,qnn_dlc,,,,62.82,,,,,,,,,,2026-08-23,main,qualcomm-snapdragon-8-elite-for-galaxy,,,,,,,,,,True,
cdcn_torchscript,float,qnn_dlc_via_qnn_ep,,,,62.82,,,,,,,,,,2026-08-23,main,qualcomm-snapdragon-8-elite-for-galaxy,,,,,,,,,,True,
cdcn_torchscript,float,onnx,,,,62.79,,,,,,,,,,2026-08-23,main,qualcomm-snapdragon-8-elite-for-galaxy,,,,,,,,,,True,
doc_enhancement_inpaint_torchscript,float,tflite,,,,12.5,,,,,,,,,,2026-08-23,main,qualcomm-snapdragon-8-elite-for-galaxy,,,,,,,,,,True,
doc_enhancement_inpaint_torchscript,float,qnn_dlc,,,,37.98,,,,,,,,,,2026-08-23,main,qualcomm-snapdragon-8-elite-for-galaxy,,,,,,,,,,True,
doc_enhancement_inpaint_torchscript,float,qnn_dlc_via_qnn_ep,,,,37.98,,,,,,,,,,2026-08-23,main,qualcomm-snapdragon-8-elite-for-galaxy,,,,,,,,,,True,
doc_enhancement_inpaint_torchscript,float,onnx,,,,37.98,,,,,,,,,,2026-08-23,main,qualcomm-snapdragon-8-elite-for-galaxy,,,,,,,,,,True,
doc_enhancement_object_removal_torchscript,float,tflite,,,,-17.87,,,,,,,,,,2026-08-23,main,qualcomm-snapdragon-8-elite-for-galaxy,,,,,,,,,,True,
doc_enhancement_object_removal_torchscript,float,qnn_dlc,,,,-17.87,,,,,,,,,,2026-08-23,main,qualcomm-snapdragon-8-elite-for-galaxy,,,,,,,,,,True,
doc_enhancement_object_removal_torchscript,float,qnn_dlc_via_qnn_ep,,,,-17.87,,,,,,,,,,2026-08-23,main,qualcomm-snapdragon-8-elite-for-galaxy,,,,,,,,,,True,
doc_enhancement_object_removal_torchscript,float,onnx,,,,-17.87,,,,,,,,,,2026-08-23,main,qualcomm-snapdragon-8-elite-for-galaxy,,,,,,,,,,True,
efficientformer_l1_onnx,float,tflite,,,,30.29,,,,,,,,,,2026-08-23,main,qualcomm-snapdragon-8-elite-for-galaxy,,,,,,,,,,True,
efficientformer_l1_onnx,float,qnn_dlc,,,,30.28,,,,,,,,,,2026-08-23,main,qualcomm-snapdragon-8-elite-for-galaxy,,,,,,,,,,True,
efficientformer_l1_onnx,float,qnn_dlc_via_qnn_ep,,,,30.28,,,,,,,,,,2026-08-23,main,qualcomm-snapdragon-8-elite-for-galaxy,,,,,,,,,,True,
efficientformer_l1_onnx,float,onnx,,,,30.28,,,,,,,,,,2026-08-23,main,qualcomm-snapdragon-8-elite-for-galaxy,,,,,,,,,,True,
efficientformer_onnx,float,tflite,,,,30.29,,,,,,,,,,2026-08-23,main,qualcomm-snapdragon-8-elite-for-galaxy,,,,,,,,,,True,
efficientformer_onnx,float,qnn_dlc,,,,30.28,,,,,,,,,,2026-08-23,main,qualcomm-snapdragon-8-elite-for-galaxy,,,,,,,,,,True,
efficientformer_onnx,float,qnn_dlc_via_qnn_ep,,,,30.28,,,,,,,,,,2026-08-23,main,qualcomm-snapdragon-8-elite-for-galaxy,,,,,,,,,,True,
efficientformer_onnx,float,onnx,,,,30.28,,,,,,,,,,2026-08-23,main,qualcomm-snapdragon-8-elite-for-galaxy,,,,,,,,,,True,
image_enhancement_cig_h_redrawing_torchscript,float,tflite,,,,22.79,,,,,,,,,,2026-08-23,main,qualcomm-snapdragon-8-elite-for-galaxy,,,,,,,,,,True,
image_enhancement_cig_h_redrawing_torchscript,float,qnn_dlc,,,,22.79,,,,,,,,,,2026-08-23,main,qualcomm-snapdragon-8-elite-for-galaxy,,,,,,,,,,True,
image_enhancement_cig_h_redrawing_torchscript,float,qnn_dlc_via_qnn_ep,,,,22.79,,,,,,,,,,2026-08-23,main,qualcomm-snapdragon-8-elite-for-galaxy,,,,,,,,,,True,
image_enhancement_cig_h_redrawing_torchscript,float,onnx,,,,16.14,,,,,,,,,,2026-08-23,main,qualcomm-snapdragon-8-elite-for-galaxy,,,,,,,,,,True,
image_enhancement_cig_i_redrawing_torchscript,float,tflite,,,,69.35,,,,,,,,,,2026-08-23,main,qualcomm-snapdragon-8-elite-for-galaxy,,,,,,,,,,True,
image_enhancement_cig_i_redrawing_torchscript,float,qnn_dlc,,,,69.35,,,,,,,,,,2026-08-23,main,qualcomm-snapdragon-8-elite-for-galaxy,,,,,,,,,,True,
image_enhancement_cig_i_redrawing_torchscript,float,qnn_dlc_via_qnn_ep,,,,69.35,,,,,,,,,,2026-08-23,main,qualcomm-snapdragon-8-elite-for-galaxy,,,,,,,,,,True,
image_enhancement_cig_i_redrawing_torchscript,float,onnx,,,,69.35,,,,,,,,,,2026-08-23,main,qualcomm-snapdragon-8-elite-for-galaxy,,,,,,,,,,True,
intern_image,float,qnn_dlc,,,,37.07,,,,,,,,,,2026-08-23,main,qualcomm-snapdragon-8-elite-for-galaxy,,,,,,,,,,True,
nanotrackv3template_torchscript,float,tflite,,,,49.18,,,,,,,,,,2026-08-23,main,qualcomm-snapdragon-8-elite-for-galaxy,,,,,,,,,,True,
nanotrackv3template_torchscript,float,qnn_dlc,,,,50.06,,,,,,,,,,2026-08-23,main,qualcomm-snapdragon-8-elite-for-galaxy,,,,,,,,,,True,
nanotrackv3template_torchscript,float,qnn_dlc_via_qnn_ep,,,,50.06,,,,,,,,,,2026-08-23,main,qualcomm-snapdragon-8-elite-for-galaxy,,,,,,,,,,True,
nanotrackv3template_torchscript,float,onnx,,,,50.06,,,,,,,,,,2026-08-23,main,qualcomm-snapdragon-8-elite-for-galaxy,,,,,,,,,,True,
photo_remaster_aideblur_fpn_torchscript,float,tflite,,,,62.43,66.2,70.56,,,,,,,,2026-08-23,main,qualcomm-snapdragon-8-elite-for-galaxy,,,,,,,,,,True,
photo_remaster_aideblur_fpn_torchscript,float,qnn_dlc,,,,62.43,66.2,70.56,,,,,,,,2026-08-23,main,qualcomm-snapdragon-8-elite-for-galaxy,,,,,,,,,,True,
photo_remaster_aideblur_v140_torchscript,float,tflite,,,,62.2,,,,,,,,,,2026-08-23,main,qualcomm-snapdragon-8-elite-for-galaxy,,,,,,,,,,True,
photo_remaster_aideblur_v140_torchscript,float,qnn_dlc,,,,62.2,,,,,,,,,,2026-08-23,main,qualcomm-snapdragon-8-elite-for-galaxy,,,,,,,,,,True,
photo_remaster_aideblur_v140_torchscript,float,qnn_dlc_via_qnn_ep,,,,62.2,,,,,,,,,,2026-08-23,main,qualcomm-snapdragon-8-elite-for-galaxy,,,,,,,,,,True,
photo_remaster_aideblur_v140_torchscript,float,onnx,,,,62.2,,,,,,,,,,2026-08-23,main,qualcomm-snapdragon-8-elite-for-galaxy,,,,,,,,,,True,
tcchunkdetection_torchscript,float,tflite,,,,76.34,,,,,,,,,,2026-08-23,main,qualcomm-snapdragon-8-elite-for-galaxy,,,,,,,,,,True,
tcchunkdetection_torchscript,float,qnn_dlc,,,,76.34,,,,,,,,,,2026-08-23,main,qualcomm-snapdragon-8-elite-for-galaxy,,,,,,,,,,True,
tcchunkdetection_torchscript,float,qnn_dlc_via_qnn_ep,,,,76.34,,,,,,,,,,2026-08-23,main,qualcomm-snapdragon-8-elite-for-galaxy,,,,,,,,,,True,
tcchunkdetection_torchscript,float,onnx,,,,76.34,,,,,,,,,,2026-08-23,main,qualcomm-snapdragon-8-elite-for-galaxy,,,,,,,,,,True,
tcdcvcdmc_360p_torchscript,float,qnn_dlc,,,,24.68,,,,,,,,,,2026-08-23,main,qualcomm-snapdragon-8-elite-for-galaxy,,,,,,,,,,True,
tcdcvcdmc_360p_torchscript,float,qnn_dlc_via_qnn_ep,,,,24.68,,,,,,,,,,2026-08-23,main,qualcomm-snapdragon-8-elite-for-galaxy,,,,,,,,,,True,
tcdcvcdmc_360p_torchscript,float,onnx,,,,24.68,,,,,,,,,,2026-08-23,main,qualcomm-snapdragon-8-elite-for-galaxy,,,,,,,,,,True,
tcdcvcintranoar_360p_torchscript,float,tflite,,,,38.39,,,,,,,,,,2026-08-23,main,qualcomm-snapdragon-8-elite-for-galaxy,,,,,,,,,,True,
tcdcvcintranoar_360p_torchscript,float,qnn_dlc_via_qnn_ep,,,,38.39,,,,,,,,,,2026-08-23,main,qualcomm-snapdragon-8-elite-for-galaxy,,,,,,,,,,True,
tcdcvcintranoar_360p_torchscript,float,onnx,,,,38.7,,,,,,,,,,2026-08-23,main,qualcomm-snapdragon-8-elite-for-galaxy,,,,,,,,,,True,
tcfacemodel_torchscript,float,tflite,,,,76.94,,,,,,,,,,2026-08-23,main,qualcomm-snapdragon-8-elite-for-galaxy,,,,,,,,,,True,
tcfacemodel_torchscript,float,qnn_dlc,,,,76.94,,,,,,,,,,2026-08-23,main,qualcomm-snapdragon-8-elite-for-galaxy,,,,,,,,,,True,
tcfacemodel_torchscript,float,qnn_dlc_via_qnn_ep,,,,76.94,,,,,,,,,,2026-08-23,main,qualcomm-snapdragon-8-elite-for-galaxy,,,,,,,,,,True,
tcfacemodel_torchscript,float,onnx,,,,76.85,,,,,,,,,,2026-08-23,main,qualcomm-snapdragon-8-elite-for-galaxy,,,,,,,,,,True,
tcgandecoder_torchscript,float,tflite,,,,43.43,,,,,,,,,,2026-08-23,main,qualcomm-snapdragon-8-elite-for-galaxy,,,,,,,,,,True,
tcgandecoder_torchscript,float,qnn_dlc,,,,43.44,,,,,,,,,,2026-08-23,main,qualcomm-snapdragon-8-elite-for-galaxy,,,,,,,,,,True,
tcgandecoder_torchscript,float,qnn_dlc_via_qnn_ep,,,,43.44,,,,,,,,,,2026-08-23,main,qualcomm-snapdragon-8-elite-for-galaxy,,,,,,,,,,True,
tcgandecoder_torchscript,float,onnx,,,,43.44,,,,,,,,,,2026-08-23,main,qualcomm-snapdragon-8-elite-for-galaxy,,,,,,,,,,True,
tcganencoder_torchscript,float,tflite,,,,,,,,,,,,,,2026-08-23,main,qualcomm-snapdragon-8-elite-for-galaxy,,,,,,,,,,True,
tcganencoder_torchscript,float,qnn_dlc,,,,,,,,,,,,,,2026-08-23,main,qualcomm-snapdragon-8-elite-for-galaxy,,,,,,,,,,True,
tcimagesegmentationrtmi_torchscript,float,tflite,,,,46.52,,,,,,,,,,2026-08-23,main,qualcomm-snapdragon-8-elite-for-galaxy,,,,,,,,,,True,
tcimagesegmentationrtmi_torchscript,float,qnn_dlc,,,,46.52,,,,,,,,,,2026-08-23,main,qualcomm-snapdragon-8-elite-for-galaxy,,,,,,,,,,True,
tcimagesegmentationrtmi_torchscript,float,qnn_dlc_via_qnn_ep,,,,46.52,,,,,,,,,,2026-08-23,main,qualcomm-snapdragon-8-elite-for-galaxy,,,,,,,,,,True,
tcimagesegmentationrtmi_torchscript,float,onnx,,,,46.52,,,,,,,,,,2026-08-23,main,qualcomm-snapdragon-8-elite-for-galaxy,,,,,,,,,,True,
tcmaskclassifier_torchscript,float,tflite,,,,51.44,,,,,,,,,,2026-08-23,main,qualcomm-snapdragon-8-elite-for-galaxy,,,,,,,,,,True,
tcmaskclassifier_torchscript,float,qnn_dlc,,,,51.44,,,,,,,,,,2026-08-23,main,qualcomm-snapdragon-8-elite-for-galaxy,,,,,,,,,,True,
tcmaskclassifier_torchscript,float,qnn_dlc_via_qnn_ep,,,,51.44,,,,,,,,,,2026-08-23,main,qualcomm-snapdragon-8-elite-for-galaxy,,,,,,,,,,True,
tcmaskclassifier_torchscript,float,onnx,,,,51.44,,,,,,,,,,2026-08-23,main,qualcomm-snapdragon-8-elite-for-galaxy,,,,,,,,,,True,
tcmultihead_torchscript,float,tflite,,,,72.06,66.44,52.32,48.54,54.41,35.42,34.1,17.18,16.28,60.02,2026-08-23,main,qualcomm-snapdragon-8-elite-for-galaxy,,,,,,,,,,True,
tcpersonsegmentation_torchscript,float,tflite,,,,72.55,,,,,,,,,,2026-08-23,main,qualcomm-snapdragon-8-elite-for-galaxy,,,,,,,,,,True,
tcpersonsegmentation_torchscript,float,qnn_dlc,,,,72.55,,,,,,,,,,2026-08-23,main,qualcomm-snapdragon-8-elite-for-galaxy,,,,,,,,,,True,
tcpersonsegmentation_torchscript,float,qnn_dlc_via_qnn_ep,,,,72.55,,,,,,,,,,2026-08-23,main,qualcomm-snapdragon-8-elite-for-galaxy,,,,,,,,,,True,
tcpersonsegmentation_torchscript,float,onnx,,,,72.55,,,,,,,,,,2026-08-23,main,qualcomm-snapdragon-8-elite-for-galaxy,,,,,,,,,,True,
tcswifty_torchscript,float,tflite,,,,77.84,80.61,82.63,80.48,86.69,,,,,,2026-08-23,main,qualcomm-snapdragon-8-elite-for-galaxy,,,,,,,,,,True,
tcswifty_torchscript,float,qnn_dlc,,,,77.84,80.61,82.63,80.48,86.69,,,,,,2026-08-23,main,qualcomm-snapdragon-8-elite-for-galaxy,,,,,,,,,,True,
tctc2convnet_torchscript,float,tflite,,,,86.91,,,,,,,,,,2026-08-23,main,qualcomm-snapdragon-8-elite-for-galaxy,,,,,,,,,,True,
tctc2convnet_torchscript,float,qnn_dlc,,,,86.1,,,,,,,,,,2026-08-23,main,qualcomm-snapdragon-8-elite-for-galaxy,,,,,,,,,,True,
tctc2convnet_torchscript,float,qnn_dlc_via_qnn_ep,,,,86.1,,,,,,,,,,2026-08-23,main,qualcomm-snapdragon-8-elite-for-galaxy,,,,,,,,,,True,
tctc2convnet_torchscript,float,onnx,,,,86.1,,,,,,,,,,2026-08-23,main,qualcomm-snapdragon-8-elite-for-galaxy,,,,,,,,,,True,
tctc2decoderstep_torchscript,float,tflite,,,,73.66,72.32,74.63,73.75,58.35,76.6,71.98,71.25,100.0,,2026-08-23,main,qualcomm-snapdragon-8-elite-for-galaxy,,,,,,,,,,True,
tctc2encoderstep_torchscript,float,tflite,,,,72.56,72.32,72.4,73.37,73.04,72.9,,,,,2026-08-23,main,qualcomm-snapdragon-8-elite-for-galaxy,,,,,,,,,,True,
tctc2encoderstep_torchscript,float,qnn_dlc,,,,12.37,7.359,8.47,24.68,2.168,24.8,,,,,2026-08-23,main,qualcomm-snapdragon-8-elite-for-galaxy,,,,,,,,,,True,
tctc2encoderstep_torchscript,float,qnn_dlc_via_qnn_ep,,,,7.113,3.963,8.47,6.478,2.318,8.522,,,,,2026-08-23,main,qualcomm-snapdragon-8-elite-for-galaxy,,,,,,,,,,True,
tctc2encoderstep_torchscript,float,onnx,,,,72.56,72.32,72.4,73.37,73.04,72.9,,,,,2026-08-23,main,qualcomm-snapdragon-8-elite-for-galaxy,,,,,,,,,,True,
tctc2memorylayer_torchscript,float,tflite,,,,82.59,,,,,,,,,,2026-08-23,main,qualcomm-snapdragon-8-elite-for-galaxy,,,,,,,,,,True,
tctc2memorylayer_torchscript,float,qnn_dlc,,,,82.59,,,,,,,,,,2026-08-23,main,qualcomm-snapdragon-8-elite-for-galaxy,,,,,,,,,,True,
tctc2memorylayer_torchscript,float,qnn_dlc_via_qnn_ep,,,,82.59,,,,,,,,,,2026-08-23,main,qualcomm-snapdragon-8-elite-for-galaxy,,,,,,,,,,True,
tctc2memorylayer_torchscript,float,onnx,,,,82.59,,,,,,,,,,2026-08-23,main,qualcomm-snapdragon-8-elite-for-galaxy,,,,,,,,,,True,
tctc2postnet_torchscript,float,tflite,,,,65.64,,,,,,,,,,2026-08-23,main,qualcomm-snapdragon-8-elite-for-galaxy,,,,,,,,,,True,
tctc2postnet_torchscript,float,qnn_dlc,,,,75.69,,,,,,,,,,2026-08-23,main,qualcomm-snapdragon-8-elite-for-galaxy,,,,,,,,,,True,
tctc2postnet_torchscript,float,qnn_dlc_via_qnn_ep,,,,75.69,,,,,,,,,,2026-08-23,main,qualcomm-snapdragon-8-elite-for-galaxy,,,,,,,,,,True,
tctc2postnet_torchscript,float,onnx,,,,75.69,,,,,,,,,,2026-08-23,main,qualcomm-snapdragon-8-elite-for-galaxy,,,,,,,,,,True,
tctfv5_torchscript,float,tflite,,,,59.42,,,,,,,,,,2026-08-23,main,qualcomm-snapdragon-8-elite-for-galaxy,,,,,,,,,,True,
tctfv5_torchscript,float,qnn_dlc,,,,59.31,,,,,,,,,,2026-08-23,main,qualcomm-snapdragon-8-elite-for-galaxy,,,,,,,,,,True,
tctfv5_torchscript,float,qnn_dlc_via_qnn_ep,,,,59.59,,,,,,,,,,2026-08-23,main,qualcomm-snapdragon-8-elite-for-galaxy,,,,,,,,,,True,
tctfv5_torchscript,float,onnx,,,,59.51,,,,,,,,,,2026-08-23,main,qualcomm-snapdragon-8-elite-for-galaxy,,,,,,,,,,True,
tcvocoder_torchscript,float,tflite,,,,50.49,,,,,,,,,,2026-08-23,main,qualcomm-snapdragon-8-elite-for-galaxy,,,,,,,,,,True,
tcvocoder_torchscript,float,qnn_dlc,,,,50.47,,,,,,,,,,2026-08-23,main,qualcomm-snapdragon-8-elite-for-galaxy,,,,,,,,,,True,
tcvocoder_torchscript,float,qnn_dlc_via_qnn_ep,,,,50.47,,,,,,,,,,2026-08-23,main,qualcomm-snapdragon-8-elite-for-galaxy,,,,,,,,,,True,
tcvocoder_torchscript,float,onnx,,,,50.47,,,,,,,,,,2026-08-23,main,qualcomm-snapdragon-8-elite-for-galaxy,,,,,,,,,,True,
tcvoicealigncruse_torchscript,float,tflite,,,,80.09,,,,,,,,,,2026-08-23,main,qualcomm-snapdragon-8-elite-for-galaxy,,,,,,,,,,True,
tcvoicealigncruse_torchscript,float,qnn_dlc,,,,80.36,,,,,,,,,,2026-08-23,main,qualcomm-snapdragon-8-elite-for-galaxy,,,,,,,,,,True,
tcvoicealigncruse_torchscript,float,onnx,,,,80.36,,,,,,,,,,2026-08-23,main,qualcomm-snapdragon-8-elite-for-galaxy,,,,,,,,,,True,
uniformer_torchscript,float,tflite,,,,10.01,,,,,,,,,,2026-08-23,main,qualcomm-snapdragon-8-elite-for-galaxy,,,,,,,,,,True,
uniformer_torchscript,float,qnn_dlc,,,,40.54,,,,,,,,,,2026-08-23,main,qualcomm-snapdragon-8-elite-for-galaxy,,,,,,,,,,True,
uniformer_torchscript,float,qnn_dlc_via_qnn_ep,,,,40.57,,,,,,,,,,2026-08-23,main,qualcomm-snapdragon-8-elite-for-galaxy,,,,,,,,,,True,
uniformer_torchscript,float,onnx,,,,40.57,,,,,,,,,,2026-08-23,main,qualcomm-snapdragon-8-elite-for-galaxy,,,,,,,,,,True,
zerodce_torchscript,float,tflite,,,,51.32,45.87,33.11,,,,,,,,2026-08-23,main,qualcomm-snapdragon-8-elite-for-galaxy,,,,,,,,,,True,
zerodceplusplus_torchscript,float,tflite,,,,46.02,35.55,,,,,,,,,2026-08-23,main,qualcomm-snapdragon-8-elite-for-galaxy,,,,,,,,,,True,
zerodceplusplus_torchscript,float,qnn_dlc,,,,46.02,35.55,,,,,,,,,2026-08-23,main,qualcomm-snapdragon-8-elite-for-galaxy,,,,,,,,,,True,
zerodceplusplus_torchscript,float,qnn_dlc_via_qnn_ep,,,,-11.3,1.882,,,,,,,,,2026-08-23,main,qualcomm-snapdragon-8-elite-for-galaxy,,,,,,,,,,True,
zerodceplusplus_torchscript,float,onnx,,,,46.02,35.55,,,,,,,,,2026-08-23,main,qualcomm-snapdragon-8-elite-for-galaxy,,,,,,,,,,True,
detr_resnet50_dc5,w8a16_mixed_fp16,qnn_dlc,43.7,37.2,37.0,31.68,28.84,20.24,,,,,,,,2026-08-23,main,qualcomm-snapdragon-8-elite-for-galaxy,coco91_class,https://cocodataset.org/,val2017 split,Mean Average Precision,mAP@0.5:0.95,Mean Average Precision averaged over IOU thresholds 0.5 to 0.95 in 0.05 increments.,0.0,100.0,10.0,True,300.0
detr_resnet50_dc5,w8a16_mixed_fp16,qnn_dlc_via_qnn_ep,43.7,37.2,,,,,,,,,,,,2026-08-23,main,qualcomm-snapdragon-8-elite-for-galaxy,coco91_class,https://cocodataset.org/,val2017 split,Mean Average Precision,mAP@0.5:0.95,Mean Average Precision averaged over IOU thresholds 0.5 to 0.95 in 0.05 increments.,0.0,100.0,10.0,True,300.0
detr_resnet50_dc5,w8a16_mixed_fp16,onnx,43.7,37.2,36.4,21.89,19.18,16.11,,,,,,,,2026-08-23,main,qualcomm-snapdragon-8-elite-for-galaxy,coco91_class,https://cocodataset.org/,val2017 split,Mean Average Precision,mAP@0.5:0.95,Mean Average Precision averaged over IOU thresholds 0.5 to 0.95 in 0.05 increments.,0.0,100.0,10.0,True,300.0
llama_v3_1_8b_instruct,w4a16,genie,90.5,,82.7,,,,,,,,,,,2026-08-31,main,qualcomm-snapdragon-x-elite,grace2,https://github.com/qualcomm/ai-hub-models/blob/main/tutorials/llm/grace.md,on-device prompt eval set,Grace2,%,Grading Response Accuracy Evaluation: percentage score from grading generated responses to the Grace2 prompt set with a grader LLM.,0.0,100.0,10.0,True,100.0
llama_v3_2_1b_instruct,w4,genie,73.7,,58.4,,,,,,,,,,,2026-08-31,main,qualcomm-snapdragon-x-elite,grace2,https://github.com/qualcomm/ai-hub-models/blob/main/tutorials/llm/grace.md,on-device prompt eval set,Grace2,%,Grading Response Accuracy Evaluation: percentage score from grading generated responses to the Grace2 prompt set with a grader LLM.,0.0,100.0,10.0,True,100.0
llama_v3_2_1b_instruct,w4a16,genie,73.7,,55.1,,,,,,,,,,,2026-08-31,main,qualcomm-snapdragon-x-elite,grace2,https://github.com/qualcomm/ai-hub-models/blob/main/tutorials/llm/grace.md,on-device prompt eval set,Grace2,%,Grading Response Accuracy Evaluation: percentage score from grading generated responses to the Grace2 prompt set with a grader LLM.,0.0,100.0,10.0,True,100.0
llama_v3_2_3b_instruct,w4,genie,87.0,,78.3,,,,,,,,,,,2026-08-31,main,qualcomm-snapdragon-x-elite,grace2,https://github.com/qualcomm/ai-hub-models/blob/main/tutorials/llm/grace.md,on-device prompt eval set,Grace2,%,Grading Response Accuracy Evaluation: percentage score from grading generated responses to the Grace2 prompt set with a grader LLM.,0.0,100.0,10.0,True,100.0
llama_v3_2_3b_instruct,w4a16,genie,87.0,,79.6,,,,,,,,,,,2026-08-31,main,qualcomm-snapdragon-x-elite,grace2,https://github.com/qualcomm/ai-hub-models/blob/main/tutorials/llm/grace.md,on-device prompt eval set,Grace2,%,Grading Response Accuracy Evaluation: percentage score from grading generated responses to the Grace2 prompt set with a grader LLM.,0.0,100.0,10.0,True,100.0
qwen2_5_vl_7b_instruct,w4a16,genie,,,77.7,,,,,,,,,,,2026-08-31,main,qualcomm-snapdragon-x-elite,grace2,https://github.com/qualcomm/ai-hub-models/blob/main/tutorials/llm/grace.md,on-device prompt eval set,Grace2,%,Grading Response Accuracy Evaluation: percentage score from grading generated responses to the Grace2 prompt set with a grader LLM.,0.0,100.0,10.0,True,100.0
qwen3_8b,w4a16,genie,94.0,,81.8,,,,,,,,,,,2026-08-31,main,qualcomm-snapdragon-x-elite,grace2,https://github.com/qualcomm/ai-hub-models/blob/main/tutorials/llm/grace.md,on-device prompt eval set,Grace2,%,Grading Response Accuracy Evaluation: percentage score from grading generated responses to the Grace2 prompt set with a grader LLM.,0.0,100.0,10.0,True,100.0
llama_v3_1_8b_instruct,w4a16,geniex_qairt,90.5,,79.4,,,,,,,,,,,2026-08-30,main,qualcomm-snapdragon-x-elite,grace2,https://github.com/qualcomm/ai-hub-models/blob/main/tutorials/llm/grace.md,on-device prompt eval set,Grace2,%,Grading Response Accuracy Evaluation: percentage score from grading generated responses to the Grace2 prompt set with a grader LLM.,0.0,100.0,10.0,True,100.0
llama_v3_2_1b_instruct,w4,geniex_qairt,73.7,,55.0,,,,,,,,,,,2026-08-30,main,qualcomm-snapdragon-x-elite,grace2,https://github.com/qualcomm/ai-hub-models/blob/main/tutorials/llm/grace.md,on-device prompt eval set,Grace2,%,Grading Response Accuracy Evaluation: percentage score from grading generated responses to the Grace2 prompt set with a grader LLM.,0.0,100.0,10.0,True,100.0
llama_v3_2_1b_instruct,w4a16,geniex_qairt,73.7,,52.1,,,,,,,,,,,2026-08-30,main,qualcomm-snapdragon-x-elite,grace2,https://github.com/qualcomm/ai-hub-models/blob/main/tutorials/llm/grace.md,on-device prompt eval set,Grace2,%,Grading Response Accuracy Evaluation: percentage score from grading generated responses to the Grace2 prompt set with a grader LLM.,0.0,100.0,10.0,True,100.0
llama_v3_2_3b_instruct,w4,geniex_qairt,87.0,,85.3,,,,,,,,,,,2026-08-30,main,qualcomm-snapdragon-x-elite,grace2,https://github.com/qualcomm/ai-hub-models/blob/main/tutorials/llm/grace.md,on-device prompt eval set,Grace2,%,Grading Response Accuracy Evaluation: percentage score from grading generated responses to the Grace2 prompt set with a grader LLM.,0.0,100.0,10.0,True,100.0
llama_v3_2_3b_instruct,w4a16,geniex_qairt,87.0,,77.0,,,,,,,,,,,2026-08-30,main,qualcomm-snapdragon-x-elite,grace2,https://github.com/qualcomm/ai-hub-models/blob/main/tutorials/llm/grace.md,on-device prompt eval set,Grace2,%,Grading Response Accuracy Evaluation: percentage score from grading generated responses to the Grace2 prompt set with a grader LLM.,0.0,100.0,10.0,True,100.0
qwen2_5_vl_7b_instruct,w4a16,geniex_qairt,,,78.9,,,,,,,,,,,2026-08-30,main,qualcomm-snapdragon-x-elite,grace2,https://github.com/qualcomm/ai-hub-models/blob/main/tutorials/llm/grace.md,on-device prompt eval set,Grace2,%,Grading Response Accuracy Evaluation: percentage score from grading generated responses to the Grace2 prompt set with a grader LLM.,0.0,100.0,10.0,True,100.0
qwen3_4b_instruct_2507,w4a16,geniex_qairt,95.5,,86.4,,,,,,,,,,,2026-08-30,main,qualcomm-snapdragon-x-elite,grace2,https://github.com/qualcomm/ai-hub-models/blob/main/tutorials/llm/grace.md,on-device prompt eval set,Grace2,%,Grading Response Accuracy Evaluation: percentage score from grading generated responses to the Grace2 prompt set with a grader LLM.,0.0,100.0,10.0,True,100.0
qwen3_8b,w4a16,geniex_qairt,94.0,,83.9,,,,,,,,,,,2026-08-30,main,qualcomm-snapdragon-x-elite,grace2,https://github.com/qualcomm/ai-hub-models/blob/main/tutorials/llm/grace.md,on-device prompt eval set,Grace2,%,Grading Response Accuracy Evaluation: percentage score from grading generated responses to the Grace2 prompt set with a grader LLM.,0.0,100.0,10.0,True,100.0
qwen3_vl_4b_instruct,w4a16,geniex_qairt,88.5,,66.9,,,,,,,,,,,2026-08-30,main,qualcomm-snapdragon-x-elite,grace2,https://github.com/qualcomm/ai-hub-models/blob/main/tutorials/llm/grace.md,on-device prompt eval set,Grace2,%,Grading Response Accuracy Evaluation: percentage score from grading generated responses to the Grace2 prompt set with a grader LLM.,0.0,100.0,10.0,True,100.0
pi05,mixed,qnn_context_binary,,,,61.74,114.3,100.0,14.81,14.67,22.24,22.0,100.0,26.6,27.86,2026-08-30,main,qualcomm-qcs9075,,,,,,,,,,,
pi05,mixed,precompiled_qnn_onnx,,,,61.74,114.3,100.0,14.81,14.67,22.24,22.0,100.0,26.6,27.86,2026-08-30,main,qualcomm-qcs9075,,,,,,,,,,,
grootn15,float,qnn_context_binary,,,,37.13,80.52,66.26,68.06,68.18,68.0,67.17,67.54,67.32,67.06,2026-08-30,main,qualcomm-qcs9075,,,,,,,,,,,
grootn15,float,precompiled_qnn_onnx,,,,37.13,80.52,66.26,68.06,68.18,68.0,67.17,67.54,67.32,67.06,2026-08-30,main,qualcomm-qcs9075,,,,,,,,,,,
amt_torchscript,float,qnn_dlc,,,,40.7,,,,,,,,,,2026-08-30,main,qualcomm-snapdragon-8-elite-for-galaxy,,,,,,,,,,,
cdcn_torchscript,float,tflite,,,,62.82,,,,,,,,,,2026-08-30,main,qualcomm-snapdragon-8-elite-for-galaxy,,,,,,,,,,,
cdcn_torchscript,float,qnn_dlc,,,,62.82,,,,,,,,,,2026-08-30,main,qualcomm-snapdragon-8-elite-for-galaxy,,,,,,,,,,,
cdcn_torchscript,float,qnn_dlc_via_qnn_ep,,,,62.82,,,,,,,,,,2026-08-30,main,qualcomm-snapdragon-8-elite-for-galaxy,,,,,,,,,,,
cdcn_torchscript,float,onnx,,,,62.79,,,,,,,,,,2026-08-30,main,qualcomm-snapdragon-8-elite-for-galaxy,,,,,,,,,,,
custom_grid_sampler_torchscript,float,qnn_dlc,,,,52.22,40.23,29.84,23.85,19.28,18.02,19.61,18.42,17.82,14.98,2026-08-30,main,qualcomm-snapdragon-8-elite-for-galaxy,,,,,,,,,,,
doc_enhancement_inpaint_torchscript,float,tflite,,,,12.5,,,,,,,,,,2026-08-30,main,qualcomm-snapdragon-8-elite-for-galaxy,,,,,,,,,,,
doc_enhancement_inpaint_torchscript,float,qnn_dlc,,,,37.98,,,,,,,,,,2026-08-30,main,qualcomm-snapdragon-8-elite-for-galaxy,,,,,,,,,,,
doc_enhancement_inpaint_torchscript,float,qnn_dlc_via_qnn_ep,,,,37.98,,,,,,,,,,2026-08-30,main,qualcomm-snapdragon-8-elite-for-galaxy,,,,,,,,,,,
doc_enhancement_inpaint_torchscript,float,onnx,,,,37.98,,,,,,,,,,2026-08-30,main,qualcomm-snapdragon-8-elite-for-galaxy,,,,,,,,,,,
doc_enhancement_object_removal_torchscript,float,tflite,,,,-17.87,,,,,,,,,,2026-08-30,main,qualcomm-snapdragon-8-elite-for-galaxy,,,,,,,,,,,
doc_enhancement_object_removal_torchscript,float,qnn_dlc,,,,-17.87,,,,,,,,,,2026-08-30,main,qualcomm-snapdragon-8-elite-for-galaxy,,,,,,,,,,,
doc_enhancement_object_removal_torchscript,float,qnn_dlc_via_qnn_ep,,,,-17.87,,,,,,,,,,2026-08-30,main,qualcomm-snapdragon-8-elite-for-galaxy,,,,,,,,,,,
doc_enhancement_object_removal_torchscript,float,onnx,,,,-17.87,,,,,,,,,,2026-08-30,main,qualcomm-snapdragon-8-elite-for-galaxy,,,,,,,,,,,
efficientformer_l1_onnx,float,tflite,,,,30.29,,,,,,,,,,2026-08-30,main,qualcomm-snapdragon-8-elite-for-galaxy,,,,,,,,,,,
efficientformer_l1_onnx,float,qnn_dlc,,,,30.28,,,,,,,,,,2026-08-30,main,qualcomm-snapdragon-8-elite-for-galaxy,,,,,,,,,,,
efficientformer_l1_onnx,float,qnn_dlc_via_qnn_ep,,,,30.28,,,,,,,,,,2026-08-30,main,qualcomm-snapdragon-8-elite-for-galaxy,,,,,,,,,,,
efficientformer_l1_onnx,float,onnx,,,,30.28,,,,,,,,,,2026-08-30,main,qualcomm-snapdragon-8-elite-for-galaxy,,,,,,,,,,,
efficientformer_onnx,float,tflite,,,,30.29,,,,,,,,,,2026-08-30,main,qualcomm-snapdragon-8-elite-for-galaxy,,,,,,,,,,,
efficientformer_onnx,float,qnn_dlc,,,,30.28,,,,,,,,,,2026-08-30,main,qualcomm-snapdragon-8-elite-for-galaxy,,,,,,,,,,,
efficientformer_onnx,float,qnn_dlc_via_qnn_ep,,,,30.28,,,,,,,,,,2026-08-30,main,qualcomm-snapdragon-8-elite-for-galaxy,,,,,,,,,,,
efficientformer_onnx,float,onnx,,,,30.28,,,,,,,,,,2026-08-30,main,qualcomm-snapdragon-8-elite-for-galaxy,,,,,,,,,,,
image_enhancement_cig_h_redrawing_torchscript,float,tflite,,,,22.79,,,,,,,,,,2026-08-30,main,qualcomm-snapdragon-8-elite-for-galaxy,,,,,,,,,,,
image_enhancement_cig_h_redrawing_torchscript,float,qnn_dlc,,,,22.79,,,,,,,,,,2026-08-30,main,qualcomm-snapdragon-8-elite-for-galaxy,,,,,,,,,,,
image_enhancement_cig_h_redrawing_torchscript,float,qnn_dlc_via_qnn_ep,,,,22.79,,,,,,,,,,2026-08-30,main,qualcomm-snapdragon-8-elite-for-galaxy,,,,,,,,,,,
image_enhancement_cig_h_redrawing_torchscript,float,onnx,,,,16.14,,,,,,,,,,2026-08-30,main,qualcomm-snapdragon-8-elite-for-galaxy,,,,,,,,,,,
image_enhancement_cig_i_redrawing_torchscript,float,tflite,,,,69.35,,,,,,,,,,2026-08-30,main,qualcomm-snapdragon-8-elite-for-galaxy,,,,,,,,,,,
image_enhancement_cig_i_redrawing_torchscript,float,qnn_dlc,,,,69.35,,,,,,,,,,2026-08-30,main,qualcomm-snapdragon-8-elite-for-galaxy,,,,,,,,,,,
image_enhancement_cig_i_redrawing_torchscript,float,qnn_dlc_via_qnn_ep,,,,69.35,,,,,,,,,,2026-08-30,main,qualcomm-snapdragon-8-elite-for-galaxy,,,,,,,,,,,
image_enhancement_cig_i_redrawing_torchscript,float,onnx,,,,69.35,,,,,,,,,,2026-08-30,main,qualcomm-snapdragon-8-elite-for-galaxy,,,,,,,,,,,
intern_image,float,qnn_dlc,,,,37.07,,,,,,,,,,2026-08-30,main,qualcomm-snapdragon-8-elite-for-galaxy,,,,,,,,,,,
nanotrackv3template_torchscript,float,tflite,,,,49.18,,,,,,,,,,2026-08-30,main,qualcomm-snapdragon-8-elite-for-galaxy,,,,,,,,,,,
nanotrackv3template_torchscript,float,qnn_dlc,,,,50.06,,,,,,,,,,2026-08-30,main,qualcomm-snapdragon-8-elite-for-galaxy,,,,,,,,,,,
nanotrackv3template_torchscript,float,qnn_dlc_via_qnn_ep,,,,50.06,,,,,,,,,,2026-08-30,main,qualcomm-snapdragon-8-elite-for-galaxy,,,,,,,,,,,
nanotrackv3template_torchscript,float,onnx,,,,50.06,,,,,,,,,,2026-08-30,main,qualcomm-snapdragon-8-elite-for-galaxy,,,,,,,,,,,
photo_remaster_aideblur_fpn_torchscript,float,tflite,,,,62.43,66.2,70.56,,,,,,,,2026-08-30,main,qualcomm-snapdragon-8-elite-for-galaxy,,,,,,,,,,,
photo_remaster_aideblur_fpn_torchscript,float,qnn_dlc,,,,62.43,66.2,70.56,,,,,,,,2026-08-30,main,qualcomm-snapdragon-8-elite-for-galaxy,,,,,,,,,,,
photo_remaster_aideblur_v140_torchscript,float,tflite,,,,62.2,,,,,,,,,,2026-08-30,main,qualcomm-snapdragon-8-elite-for-galaxy,,,,,,,,,,,
photo_remaster_aideblur_v140_torchscript,float,qnn_dlc,,,,62.2,,,,,,,,,,2026-08-30,main,qualcomm-snapdragon-8-elite-for-galaxy,,,,,,,,,,,
photo_remaster_aideblur_v140_torchscript,float,qnn_dlc_via_qnn_ep,,,,62.2,,,,,,,,,,2026-08-30,main,qualcomm-snapdragon-8-elite-for-galaxy,,,,,,,,,,,
photo_remaster_aideblur_v140_torchscript,float,onnx,,,,62.2,,,,,,,,,,2026-08-30,main,qualcomm-snapdragon-8-elite-for-galaxy,,,,,,,,,,,
tcchunkdetection_torchscript,float,tflite,,,,76.34,,,,,,,,,,2026-08-30,main,qualcomm-snapdragon-8-elite-for-galaxy,,,,,,,,,,,
tcchunkdetection_torchscript,float,qnn_dlc,,,,76.34,,,,,,,,,,2026-08-30,main,qualcomm-snapdragon-8-elite-for-galaxy,,,,,,,,,,,
tcchunkdetection_torchscript,float,qnn_dlc_via_qnn_ep,,,,76.34,,,,,,,,,,2026-08-30,main,qualcomm-snapdragon-8-elite-for-galaxy,,,,,,,,,,,
tcchunkdetection_torchscript,float,onnx,,,,76.34,,,,,,,,,,2026-08-30,main,qualcomm-snapdragon-8-elite-for-galaxy,,,,,,,,,,,
tcdcvcdmc_360p_torchscript,float,qnn_dlc,,,,24.68,,,,,,,,,,2026-08-30,main,qualcomm-snapdragon-8-elite-for-galaxy,,,,,,,,,,,
tcdcvcdmc_360p_torchscript,float,qnn_dlc_via_qnn_ep,,,,24.68,,,,,,,,,,2026-08-30,main,qualcomm-snapdragon-8-elite-for-galaxy,,,,,,,,,,,
tcdcvcdmc_360p_torchscript,float,onnx,,,,24.68,,,,,,,,,,2026-08-30,main,qualcomm-snapdragon-8-elite-for-galaxy,,,,,,,,,,,
tcdcvcintranoar_360p_torchscript,float,tflite,,,,38.39,,,,,,,,,,2026-08-30,main,qualcomm-snapdragon-8-elite-for-galaxy,,,,,,,,,,,
tcdcvcintranoar_360p_torchscript,float,qnn_dlc_via_qnn_ep,,,,38.39,,,,,,,,,,2026-08-30,main,qualcomm-snapdragon-8-elite-for-galaxy,,,,,,,,,,,
tcdcvcintranoar_360p_torchscript,float,onnx,,,,38.7,,,,,,,,,,2026-08-30,main,qualcomm-snapdragon-8-elite-for-galaxy,,,,,,,,,,,
tcfacemodel_torchscript,float,tflite,,,,76.94,,,,,,,,,,2026-08-30,main,qualcomm-snapdragon-8-elite-for-galaxy,,,,,,,,,,,
tcfacemodel_torchscript,float,qnn_dlc,,,,76.94,,,,,,,,,,2026-08-30,main,qualcomm-snapdragon-8-elite-for-galaxy,,,,,,,,,,,
tcfacemodel_torchscript,float,qnn_dlc_via_qnn_ep,,,,76.94,,,,,,,,,,2026-08-30,main,qualcomm-snapdragon-8-elite-for-galaxy,,,,,,,,,,,
tcfacemodel_torchscript,float,onnx,,,,76.85,,,,,,,,,,2026-08-30,main,qualcomm-snapdragon-8-elite-for-galaxy,,,,,,,,,,,
tcgandecoder_torchscript,float,tflite,,,,43.43,,,,,,,,,,2026-08-30,main,qualcomm-snapdragon-8-elite-for-galaxy,,,,,,,,,,,
tcgandecoder_torchscript,float,qnn_dlc,,,,43.44,,,,,,,,,,2026-08-30,main,qualcomm-snapdragon-8-elite-for-galaxy,,,,,,,,,,,
tcgandecoder_torchscript,float,qnn_dlc_via_qnn_ep,,,,43.44,,,,,,,,,,2026-08-30,main,qualcomm-snapdragon-8-elite-for-galaxy,,,,,,,,,,,
tcgandecoder_torchscript,float,onnx,,,,43.44,,,,,,,,,,2026-08-30,main,qualcomm-snapdragon-8-elite-for-galaxy,,,,,,,,,,,
tcganencoder_torchscript,float,tflite,,,,,,,,,,,,,,2026-08-30,main,qualcomm-snapdragon-8-elite-for-galaxy,,,,,,,,,,,
tcganencoder_torchscript,float,qnn_dlc,,,,,,,,,,,,,,2026-08-30,main,qualcomm-snapdragon-8-elite-for-galaxy,,,,,,,,,,,
tcimagesegmentationrtmi_torchscript,float,tflite,,,,46.52,,,,,,,,,,2026-08-30,main,qualcomm-snapdragon-8-elite-for-galaxy,,,,,,,,,,,
tcimagesegmentationrtmi_torchscript,float,qnn_dlc,,,,46.52,,,,,,,,,,2026-08-30,main,qualcomm-snapdragon-8-elite-for-galaxy,,,,,,,,,,,
tcimagesegmentationrtmi_torchscript,float,qnn_dlc_via_qnn_ep,,,,46.52,,,,,,,,,,2026-08-30,main,qualcomm-snapdragon-8-elite-for-galaxy,,,,,,,,,,,
tcimagesegmentationrtmi_torchscript,float,onnx,,,,46.52,,,,,,,,,,2026-08-30,main,qualcomm-snapdragon-8-elite-for-galaxy,,,,,,,,,,,
tcmaskclassifier_torchscript,float,tflite,,,,51.44,,,,,,,,,,2026-08-30,main,qualcomm-snapdragon-8-elite-for-galaxy,,,,,,,,,,,
tcmaskclassifier_torchscript,float,qnn_dlc,,,,51.44,,,,,,,,,,2026-08-30,main,qualcomm-snapdragon-8-elite-for-galaxy,,,,,,,,,,,
tcmaskclassifier_torchscript,float,qnn_dlc_via_qnn_ep,,,,51.44,,,,,,,,,,2026-08-30,main,qualcomm-snapdragon-8-elite-for-galaxy,,,,,,,,,,,
tcmaskclassifier_torchscript,float,onnx,,,,51.44,,,,,,,,,,2026-08-30,main,qualcomm-snapdragon-8-elite-for-galaxy,,,,,,,,,,,
tcmultihead_torchscript,float,tflite,,,,72.06,66.44,52.32,48.54,54.41,35.42,34.1,17.18,16.28,60.02,2026-08-30,main,qualcomm-snapdragon-8-elite-for-galaxy,,,,,,,,,,,
tcpersonsegmentation_torchscript,float,tflite,,,,72.55,,,,,,,,,,2026-08-30,main,qualcomm-snapdragon-8-elite-for-galaxy,,,,,,,,,,,
tcpersonsegmentation_torchscript,float,qnn_dlc,,,,72.55,,,,,,,,,,2026-08-30,main,qualcomm-snapdragon-8-elite-for-galaxy,,,,,,,,,,,
tcpersonsegmentation_torchscript,float,qnn_dlc_via_qnn_ep,,,,72.55,,,,,,,,,,2026-08-30,main,qualcomm-snapdragon-8-elite-for-galaxy,,,,,,,,,,,
tcpersonsegmentation_torchscript,float,onnx,,,,72.55,,,,,,,,,,2026-08-30,main,qualcomm-snapdragon-8-elite-for-galaxy,,,,,,,,,,,
tcswifty_torchscript,float,tflite,,,,77.84,80.61,82.63,80.48,86.69,,,,,,2026-08-30,main,qualcomm-snapdragon-8-elite-for-galaxy,,,,,,,,,,,
tcswifty_torchscript,float,qnn_dlc,,,,77.84,80.61,82.63,80.48,86.69,,,,,,2026-08-30,main,qualcomm-snapdragon-8-elite-for-galaxy,,,,,,,,,,,
tctc2convnet_torchscript,float,tflite,,,,86.91,,,,,,,,,,2026-08-30,main,qualcomm-snapdragon-8-elite-for-galaxy,,,,,,,,,,,
tctc2convnet_torchscript,float,qnn_dlc,,,,86.1,,,,,,,,,,2026-08-30,main,qualcomm-snapdragon-8-elite-for-galaxy,,,,,,,,,,,
tctc2convnet_torchscript,float,qnn_dlc_via_qnn_ep,,,,86.1,,,,,,,,,,2026-08-30,main,qualcomm-snapdragon-8-elite-for-galaxy,,,,,,,,,,,
tctc2convnet_torchscript,float,onnx,,,,86.1,,,,,,,,,,2026-08-30,main,qualcomm-snapdragon-8-elite-for-galaxy,,,,,,,,,,,
tctc2decoderstep_torchscript,float,tflite,,,,73.66,72.32,74.63,73.75,58.35,76.6,71.98,71.25,100.0,,2026-08-30,main,qualcomm-snapdragon-8-elite-for-galaxy,,,,,,,,,,,
tctc2encoderstep_torchscript,float,tflite,,,,72.56,72.32,72.4,73.37,73.04,72.9,,,,,2026-08-30,main,qualcomm-snapdragon-8-elite-for-galaxy,,,,,,,,,,,
tctc2encoderstep_torchscript,float,qnn_dlc,,,,12.37,7.359,8.47,24.68,2.168,24.8,,,,,2026-08-30,main,qualcomm-snapdragon-8-elite-for-galaxy,,,,,,,,,,,
tctc2encoderstep_torchscript,float,qnn_dlc_via_qnn_ep,,,,7.113,3.963,8.47,6.478,2.318,8.522,,,,,2026-08-30,main,qualcomm-snapdragon-8-elite-for-galaxy,,,,,,,,,,,
tctc2encoderstep_torchscript,float,onnx,,,,72.56,72.32,72.4,73.37,73.04,72.9,,,,,2026-08-30,main,qualcomm-snapdragon-8-elite-for-galaxy,,,,,,,,,,,
tctc2memorylayer_torchscript,float,tflite,,,,82.59,,,,,,,,,,2026-08-30,main,qualcomm-snapdragon-8-elite-for-galaxy,,,,,,,,,,,
tctc2memorylayer_torchscript,float,qnn_dlc,,,,82.59,,,,,,,,,,2026-08-30,main,qualcomm-snapdragon-8-elite-for-galaxy,,,,,,,,,,,
tctc2memorylayer_torchscript,float,qnn_dlc_via_qnn_ep,,,,82.59,,,,,,,,,,2026-08-30,main,qualcomm-snapdragon-8-elite-for-galaxy,,,,,,,,,,,
tctc2memorylayer_torchscript,float,onnx,,,,82.59,,,,,,,,,,2026-08-30,main,qualcomm-snapdragon-8-elite-for-galaxy,,,,,,,,,,,
tctc2postnet_torchscript,float,tflite,,,,65.64,,,,,,,,,,2026-08-30,main,qualcomm-snapdragon-8-elite-for-galaxy,,,,,,,,,,,
tctc2postnet_torchscript,float,qnn_dlc,,,,75.69,,,,,,,,,,2026-08-30,main,qualcomm-snapdragon-8-elite-for-galaxy,,,,,,,,,,,
tctc2postnet_torchscript,float,qnn_dlc_via_qnn_ep,,,,75.69,,,,,,,,,,2026-08-30,main,qualcomm-snapdragon-8-elite-for-galaxy,,,,,,,,,,,
tctc2postnet_torchscript,float,onnx,,,,75.69,,,,,,,,,,2026-08-30,main,qualcomm-snapdragon-8-elite-for-galaxy,,,,,,,,,,,
tctfv5_torchscript,float,tflite,,,,59.42,,,,,,,,,,2026-08-30,main,qualcomm-snapdragon-8-elite-for-galaxy,,,,,,,,,,,
tctfv5_torchscript,float,qnn_dlc,,,,59.31,,,,,,,,,,2026-08-30,main,qualcomm-snapdragon-8-elite-for-galaxy,,,,,,,,,,,
tctfv5_torchscript,float,qnn_dlc_via_qnn_ep,,,,59.59,,,,,,,,,,2026-08-30,main,qualcomm-snapdragon-8-elite-for-galaxy,,,,,,,,,,,
tctfv5_torchscript,float,onnx,,,,59.51,,,,,,,,,,2026-08-30,main,qualcomm-snapdragon-8-elite-for-galaxy,,,,,,,,,,,
tcvocoder_torchscript,float,tflite,,,,50.49,,,,,,,,,,2026-08-30,main,qualcomm-snapdragon-8-elite-for-galaxy,,,,,,,,,,,
tcvocoder_torchscript,float,qnn_dlc,,,,50.47,,,,,,,,,,2026-08-30,main,qualcomm-snapdragon-8-elite-for-galaxy,,,,,,,,,,,
tcvocoder_torchscript,float,qnn_dlc_via_qnn_ep,,,,50.47,,,,,,,,,,2026-08-30,main,qualcomm-snapdragon-8-elite-for-galaxy,,,,,,,,,,,
tcvocoder_torchscript,float,onnx,,,,50.47,,,,,,,,,,2026-08-30,main,qualcomm-snapdragon-8-elite-for-galaxy,,,,,,,,,,,
tcvoicealigncruse_torchscript,float,tflite,,,,80.09,,,,,,,,,,2026-08-30,main,qualcomm-snapdragon-8-elite-for-galaxy,,,,,,,,,,,
tcvoicealigncruse_torchscript,float,qnn_dlc,,,,80.36,,,,,,,,,,2026-08-30,main,qualcomm-snapdragon-8-elite-for-galaxy,,,,,,,,,,,
tcvoicealigncruse_torchscript,float,onnx,,,,80.36,,,,,,,,,,2026-08-30,main,qualcomm-snapdragon-8-elite-for-galaxy,,,,,,,,,,,
uniformer_torchscript,float,tflite,,,,10.01,,,,,,,,,,2026-08-30,main,qualcomm-snapdragon-8-elite-for-galaxy,,,,,,,,,,,
uniformer_torchscript,float,qnn_dlc,,,,40.54,,,,,,,,,,2026-08-30,main,qualcomm-snapdragon-8-elite-for-galaxy,,,,,,,,,,,
uniformer_torchscript,float,qnn_dlc_via_qnn_ep,,,,40.57,,,,,,,,,,2026-08-30,main,qualcomm-snapdragon-8-elite-for-galaxy,,,,,,,,,,,
uniformer_torchscript,float,onnx,,,,40.57,,,,,,,,,,2026-08-30,main,qualcomm-snapdragon-8-elite-for-galaxy,,,,,,,,,,,
zerodce_torchscript,float,tflite,,,,51.32,45.87,33.11,,,,,,,,2026-08-30,main,qualcomm-snapdragon-8-elite-for-galaxy,,,,,,,,,,,
zerodceplusplus_torchscript,float,tflite,,,,46.02,35.55,,,,,,,,,2026-08-30,main,qualcomm-snapdragon-8-elite-for-galaxy,,,,,,,,,,,
zerodceplusplus_torchscript,float,qnn_dlc,,,,46.02,35.55,,,,,,,,,2026-08-30,main,qualcomm-snapdragon-8-elite-for-galaxy,,,,,,,,,,,
zerodceplusplus_torchscript,float,qnn_dlc_via_qnn_ep,,,,-11.3,1.882,,,,,,,,,2026-08-30,main,qualcomm-snapdragon-8-elite-for-galaxy,,,,,,,,,,,
zerodceplusplus_torchscript,float,onnx,,,,46.02,35.55,,,,,,,,,2026-08-30,main,qualcomm-snapdragon-8-elite-for-galaxy,,,,,,,,,,,
whisper_small_quantized,w8a16,qnn_context_binary,,,,39.11,39.49,42.12,39.01,37.47,38.47,41.69,42.29,39.72,36.86,2026-08-30,main,qualcomm-snapdragon-8-elite-for-galaxy,,,,,,,,,,,
whisper_small_quantized,w8a16,precompiled_qnn_onnx,,,,39.11,39.49,42.12,39.01,37.47,38.47,41.69,42.29,39.72,36.86,2026-08-30,main,qualcomm-snapdragon-8-elite-for-galaxy,,,,,,,,,,,
whisper_small_quantized,w8a16,voice_ai,,,,39.11,39.49,42.12,39.01,37.47,38.47,41.69,42.29,39.72,36.86,2026-08-30,main,qualcomm-snapdragon-8-elite-for-galaxy,,,,,,,,,,,
internimage,float,qnn_dlc_via_qnn_ep,81.0,,81.1,51.84,,,,,,,,,,2026-08-30,main,qualcomm-snapdragon-8-elite-for-galaxy,imagenet,https://www.image-net.org/,validation split,Top-1 Accuracy,%,Percentage of top 1 model predictions that are correct.,0.0,100.0,10.0,True,1000.0
internimage,float,qnn_context_binary,81.0,,81.1,51.84,,,,,,,,,,2026-08-30,main,qualcomm-snapdragon-8-elite-for-galaxy,imagenet,https://www.image-net.org/,validation split,Top-1 Accuracy,%,Percentage of top 1 model predictions that are correct.,0.0,100.0,10.0,True,1000.0
internimage,float,precompiled_qnn_onnx,81.0,,81.1,51.84,,,,,,,,,,2026-08-30,main,qualcomm-snapdragon-8-elite-for-galaxy,imagenet,https://www.image-net.org/,validation split,Top-1 Accuracy,%,Percentage of top 1 model predictions that are correct.,0.0,100.0,10.0,True,1000.0
internimage,w8a8,qnn_dlc_via_qnn_ep,81.0,81.6,81.2,25.97,,,,,,,,,,2026-08-30,main,qualcomm-snapdragon-8-elite-for-galaxy,imagenet,https://www.image-net.org/,validation split,Top-1 Accuracy,%,Percentage of top 1 model predictions that are correct.,0.0,100.0,10.0,True,1000.0
internimage,w8a8,qnn_context_binary,81.0,81.6,81.2,25.97,,,,,,,,,,2026-08-30,main,qualcomm-snapdragon-8-elite-for-galaxy,imagenet,https://www.image-net.org/,validation split,Top-1 Accuracy,%,Percentage of top 1 model predictions that are correct.,0.0,100.0,10.0,True,1000.0
internimage,w8a8,precompiled_qnn_onnx,81.0,81.6,81.2,25.97,,,,,,,,,,2026-08-30,main,qualcomm-snapdragon-8-elite-for-galaxy,imagenet,https://www.image-net.org/,validation split,Top-1 Accuracy,%,Percentage of top 1 model predictions that are correct.,0.0,100.0,10.0,True,1000.0
melotts_zh,mixed_with_float,qnn_dlc_via_qnn_ep,,,,100.0,100.0,92.76,84.03,87.97,100.0,,20.43,45.58,,2026-08-30,main,qualcomm-snapdragon-8-elite-for-galaxy,,,,,,,,,,,
melotts_zh,mixed_with_float,voice_ai,,,,100.0,100.0,92.76,84.03,87.97,100.0,,20.42,45.63,,2026-08-30,main,qualcomm-snapdragon-8-elite-for-galaxy,,,,,,,,,,,
pipertts_en,float,qnn_dlc_via_qnn_ep,,,,107.4,118.3,111.2,200.0,49.25,36.12,,43.39,11.11,9.521,2026-08-30,main,qualcomm-snapdragon-8-elite-for-galaxy,,,,,,,,,,,
pipertts_en,float,voice_ai,,,,107.4,118.3,111.2,200.0,49.25,36.12,,43.39,11.11,9.521,2026-08-30,main,qualcomm-snapdragon-8-elite-for-galaxy,,,,,,,,,,,
whisper_base,float,qnn_dlc_via_qnn_ep,,,,15.35,19.21,11.63,14.95,16.22,16.18,16.75,18.16,15.78,16.22,2026-08-30,main,qualcomm-snapdragon-8-elite-for-galaxy,,,,,,,,,,,
whisper_base,float,qnn_context_binary,,,,15.35,19.21,11.63,14.95,16.22,16.18,16.75,18.17,15.79,16.21,2026-08-30,main,qualcomm-snapdragon-8-elite-for-galaxy,,,,,,,,,,,
whisper_base,float,precompiled_qnn_onnx,,,,15.35,19.21,11.63,14.95,16.22,16.18,16.75,18.17,15.79,16.21,2026-08-30,main,qualcomm-snapdragon-8-elite-for-galaxy,,,,,,,,,,,
whisper_base,float,voice_ai,,,,15.35,19.21,11.63,14.95,16.22,16.18,16.75,18.17,15.79,16.21,2026-08-30,main,qualcomm-snapdragon-8-elite-for-galaxy,,,,,,,,,,,
whisper_large_v3_turbo,float,qnn_context_binary,,,,23.85,24.67,20.43,18.48,17.97,18.23,14.51,23.29,11.12,7.831,2026-08-30,main,qualcomm-snapdragon-8-elite-for-galaxy,,,,,,,,,,,
whisper_large_v3_turbo,float,precompiled_qnn_onnx,,,,23.85,24.67,20.43,18.48,17.97,18.23,14.51,23.29,11.12,7.831,2026-08-30,main,qualcomm-snapdragon-8-elite-for-galaxy,,,,,,,,,,,
whisper_large_v3_turbo,float,voice_ai,,,,23.85,24.67,20.43,18.48,17.97,18.23,14.51,23.29,11.12,7.831,2026-08-30,main,qualcomm-snapdragon-8-elite-for-galaxy,,,,,,,,,,,
whisper_medium,float,qnn_dlc_via_qnn_ep,,,,18.75,19.71,23.17,18.9,17.74,19.52,22.1,19.64,23.13,19.89,2026-08-30,main,qualcomm-snapdragon-8-elite-for-galaxy,,,,,,,,,,,
whisper_medium,float,qnn_context_binary,,,,18.75,19.72,23.17,18.91,17.74,19.52,22.1,19.66,23.13,19.88,2026-08-30,main,qualcomm-snapdragon-8-elite-for-galaxy,,,,,,,,,,,
whisper_medium,float,precompiled_qnn_onnx,,,,18.75,19.72,23.17,18.91,17.74,19.52,22.1,19.66,23.13,19.88,2026-08-30,main,qualcomm-snapdragon-8-elite-for-galaxy,,,,,,,,,,,
whisper_medium,float,voice_ai,,,,18.75,19.72,23.17,18.91,17.74,19.52,22.1,19.66,23.13,19.88,2026-08-30,main,qualcomm-snapdragon-8-elite-for-galaxy,,,,,,,,,,,
aotgan,float,tflite,0.951,,0.946,36.57,,,,,,,,,,2026-08-30,main,qualcomm-snapdragon-8-elite-for-galaxy,celeb_ahq,https://github.com/IIGROUP/MM-CelebA-HQ-Dataset,validation split,Structural Similarity,SSIM,A measure of the perceived quality difference between two images.,0.0,1.0,0.1,True,100.0
aotgan,float,qnn_dlc,0.951,,0.948,38.65,,,,,,,,,,2026-08-30,main,qualcomm-snapdragon-8-elite-for-galaxy,celeb_ahq,https://github.com/IIGROUP/MM-CelebA-HQ-Dataset,validation split,Structural Similarity,SSIM,A measure of the perceived quality difference between two images.,0.0,1.0,0.1,True,100.0
aotgan,float,qnn_dlc_via_qnn_ep,0.951,,0.948,38.65,,,,,,,,,,2026-08-30,main,qualcomm-snapdragon-8-elite-for-galaxy,celeb_ahq,https://github.com/IIGROUP/MM-CelebA-HQ-Dataset,validation split,Structural Similarity,SSIM,A measure of the perceived quality difference between two images.,0.0,1.0,0.1,True,100.0
aotgan,float,onnx,0.951,,0.948,38.65,,,,,,,,,,2026-08-30,main,qualcomm-snapdragon-8-elite-for-galaxy,celeb_ahq,https://github.com/IIGROUP/MM-CelebA-HQ-Dataset,validation split,Structural Similarity,SSIM,A measure of the perceived quality difference between two images.,0.0,1.0,0.1,True,100.0
bevdet,float,tflite,,,,73.07,66.0,110.0,88.71,90.28,90.62,85.09,87.72,56.26,,2026-08-30,main,qualcomm-snapdragon-8-elite-for-galaxy,,,,,,,,,,,
bevdet,float,qnn_dlc,,,,72.5,65.64,109.7,88.71,90.28,90.62,85.09,87.72,56.26,,2026-08-30,main,qualcomm-snapdragon-8-elite-for-galaxy,,,,,,,,,,,
bevdet,float,qnn_dlc_via_qnn_ep,,,,73.07,66.0,109.7,88.71,90.28,90.62,85.09,87.72,56.26,,2026-08-30,main,qualcomm-snapdragon-8-elite-for-galaxy,,,,,,,,,,,
bevdet,float,onnx,,,,70.35,63.0,110.0,88.71,90.28,90.62,85.09,87.72,56.26,,2026-08-30,main,qualcomm-snapdragon-8-elite-for-galaxy,,,,,,,,,,,
cavaface,float,tflite,,,,40.6,,,,,,,,,,2026-08-30,main,qualcomm-snapdragon-8-elite-for-galaxy,,,,,,,,,,,
cavaface,float,qnn_dlc,,,,40.68,,,,,,,,,,2026-08-30,main,qualcomm-snapdragon-8-elite-for-galaxy,,,,,,,,,,,
cavaface,float,qnn_dlc_via_qnn_ep,,,,40.58,,,,,,,,,,2026-08-30,main,qualcomm-snapdragon-8-elite-for-galaxy,,,,,,,,,,,
cavaface,float,onnx,,,,40.58,,,,,,,,,,2026-08-30,main,qualcomm-snapdragon-8-elite-for-galaxy,,,,,,,,,,,
ddrnet23_slim,float,tflite,77.6,,77.5,31.81,,,,,,,,,,2026-08-30,main,qualcomm-snapdragon-8-elite-for-galaxy,cityscapes,https://www.cityscapes-dataset.com/,validation split,Mean Intersection Over Union,mIOU,Overlap of predicted and expected segmentation divided by the union size.,0.0,100.0,10.0,True,50.0
ddrnet23_slim,float,qnn_dlc,77.6,,77.5,31.8,,,,,,,,,,2026-08-30,main,qualcomm-snapdragon-8-elite-for-galaxy,cityscapes,https://www.cityscapes-dataset.com/,validation split,Mean Intersection Over Union,mIOU,Overlap of predicted and expected segmentation divided by the union size.,0.0,100.0,10.0,True,50.0
ddrnet23_slim,float,qnn_dlc_via_qnn_ep,77.6,,77.5,31.8,,,,,,,,,,2026-08-30,main,qualcomm-snapdragon-8-elite-for-galaxy,cityscapes,https://www.cityscapes-dataset.com/,validation split,Mean Intersection Over Union,mIOU,Overlap of predicted and expected segmentation divided by the union size.,0.0,100.0,10.0,True,50.0
ddrnet23_slim,float,onnx,77.6,,77.5,31.81,,,,,,,,,,2026-08-30,main,qualcomm-snapdragon-8-elite-for-galaxy,cityscapes,https://www.cityscapes-dataset.com/,validation split,Mean Intersection Over Union,mIOU,Overlap of predicted and expected segmentation divided by the union size.,0.0,100.0,10.0,True,50.0
ddrnet23_slim,w8a8,tflite,77.6,77.5,41.1,16.22,,,,,,,,,,2026-08-30,main,qualcomm-snapdragon-8-elite-for-galaxy,cityscapes,https://www.cityscapes-dataset.com/,validation split,Mean Intersection Over Union,mIOU,Overlap of predicted and expected segmentation divided by the union size.,0.0,100.0,10.0,True,50.0
ddrnet23_slim,w8a8,qnn_dlc,77.6,77.5,77.3,36.1,,,,,,,,,,2026-08-30,main,qualcomm-snapdragon-8-elite-for-galaxy,cityscapes,https://www.cityscapes-dataset.com/,validation split,Mean Intersection Over Union,mIOU,Overlap of predicted and expected segmentation divided by the union size.,0.0,100.0,10.0,True,50.0
ddrnet23_slim,w8a8,qnn_dlc_via_qnn_ep,77.6,77.5,77.3,36.1,,,,,,,,,,2026-08-30,main,qualcomm-snapdragon-8-elite-for-galaxy,cityscapes,https://www.cityscapes-dataset.com/,validation split,Mean Intersection Over Union,mIOU,Overlap of predicted and expected segmentation divided by the union size.,0.0,100.0,10.0,True,50.0
ddrnet23_slim,w8a8,onnx,77.6,77.5,77.3,36.11,,,,,,,,,,2026-08-30,main,qualcomm-snapdragon-8-elite-for-galaxy,cityscapes,https://www.cityscapes-dataset.com/,validation split,Mean Intersection Over Union,mIOU,Overlap of predicted and expected segmentation divided by the union size.,0.0,100.0,10.0,True,50.0
deepbox,float,tflite,,,,59.27,49.45,4.16,58.99,42.21,80.36,,,,,2026-08-30,main,qualcomm-snapdragon-8-elite-for-galaxy,,,,,,,,,,,
deepbox,float,qnn_dlc,,,,59.27,49.45,4.16,58.38,42.21,80.36,,,,,2026-08-30,main,qualcomm-snapdragon-8-elite-for-galaxy,,,,,,,,,,,
deepbox,float,qnn_dlc_via_qnn_ep,,,,59.27,49.52,4.687,58.99,42.21,80.36,,,,,2026-08-30,main,qualcomm-snapdragon-8-elite-for-galaxy,,,,,,,,,,,
deepbox,float,onnx,,,,59.28,49.72,4.687,56.44,41.05,84.56,,,,,2026-08-30,main,qualcomm-snapdragon-8-elite-for-galaxy,,,,,,,,,,,
deepbox,w8a16,qnn_dlc,,,,52.37,46.05,5.184,17.94,-8.7,13.04,,,,,2026-08-30,main,qualcomm-snapdragon-8-elite-for-galaxy,,,,,,,,,,,
deepbox,w8a16,qnn_dlc_via_qnn_ep,,,,52.37,46.05,5.184,17.95,-8.7,13.04,,,,,2026-08-30,main,qualcomm-snapdragon-8-elite-for-galaxy,,,,,,,,,,,
deepbox,w8a16,onnx,,,,52.37,46.05,5.184,17.95,-8.7,13.04,,,,,2026-08-30,main,qualcomm-snapdragon-8-elite-for-galaxy,,,,,,,,,,,
deepspeech2,float,tflite,,,,228.9,,,,,,,,,,2026-08-30,main,qualcomm-snapdragon-8-elite-for-galaxy,,,,,,,,,,,
densenet121,float,tflite,73.3,,73.3,74.91,,,,,,,,,,2026-08-30,main,qualcomm-snapdragon-8-elite-for-galaxy,imagenet,https://www.image-net.org/,validation split,Top-1 Accuracy,%,Percentage of top 1 model predictions that are correct.,0.0,100.0,10.0,True,1000.0
densenet121,float,qnn_dlc,73.3,,73.3,74.9,,,,,,,,,,2026-08-30,main,qualcomm-snapdragon-8-elite-for-galaxy,imagenet,https://www.image-net.org/,validation split,Top-1 Accuracy,%,Percentage of top 1 model predictions that are correct.,0.0,100.0,10.0,True,1000.0
densenet121,float,qnn_dlc_via_qnn_ep,73.3,,73.3,74.89,,,,,,,,,,2026-08-30,main,qualcomm-snapdragon-8-elite-for-galaxy,imagenet,https://www.image-net.org/,validation split,Top-1 Accuracy,%,Percentage of top 1 model predictions that are correct.,0.0,100.0,10.0,True,1000.0
densenet121,float,onnx,73.3,,73.3,74.05,,,,,,,,,,2026-08-30,main,qualcomm-snapdragon-8-elite-for-galaxy,imagenet,https://www.image-net.org/,validation split,Top-1 Accuracy,%,Percentage of top 1 model predictions that are correct.,0.0,100.0,10.0,True,1000.0
densenet121,w8a8_mixed_int16,qnn_dlc,73.3,73.2,,,,,,,,,,,,2026-08-30,main,qualcomm-snapdragon-8-elite-for-galaxy,imagenet,https://www.image-net.org/,validation split,Top-1 Accuracy,%,Percentage of top 1 model predictions that are correct.,0.0,100.0,10.0,True,1000.0
densenet121,w8a8_mixed_int16,qnn_dlc_via_qnn_ep,73.3,73.2,,,,,,,,,,,,2026-08-30,main,qualcomm-snapdragon-8-elite-for-galaxy,imagenet,https://www.image-net.org/,validation split,Top-1 Accuracy,%,Percentage of top 1 model predictions that are correct.,0.0,100.0,10.0,True,1000.0
densenet121,w8a8_mixed_int16,onnx,73.3,73.2,,,,,,,,,,,,2026-08-30,main,qualcomm-snapdragon-8-elite-for-galaxy,imagenet,https://www.image-net.org/,validation split,Top-1 Accuracy,%,Percentage of top 1 model predictions that are correct.,0.0,100.0,10.0,True,1000.0
densenet121,w8a16,qnn_dlc,73.3,73.7,73.7,49.02,,,,,,,,,,2026-08-30,main,qualcomm-snapdragon-8-elite-for-galaxy,imagenet,https://www.image-net.org/,validation split,Top-1 Accuracy,%,Percentage of top 1 model predictions that are correct.,0.0,100.0,10.0,True,1000.0
densenet121,w8a16,qnn_dlc_via_qnn_ep,73.3,73.7,73.7,49.0,,,,,,,,,,2026-08-30,main,qualcomm-snapdragon-8-elite-for-galaxy,imagenet,https://www.image-net.org/,validation split,Top-1 Accuracy,%,Percentage of top 1 model predictions that are correct.,0.0,100.0,10.0,True,1000.0
densenet121,w8a16,onnx,73.3,73.7,73.5,48.95,,,,,,,,,,2026-08-30,main,qualcomm-snapdragon-8-elite-for-galaxy,imagenet,https://www.image-net.org/,validation split,Top-1 Accuracy,%,Percentage of top 1 model predictions that are correct.,0.0,100.0,10.0,True,1000.0
densenet121,w8a8,tflite,73.3,72.3,0.1,2.663,,,,,,,,,,2026-08-30,main,qualcomm-snapdragon-8-elite-for-galaxy,imagenet,https://www.image-net.org/,validation split,Top-1 Accuracy,%,Percentage of top 1 model predictions that are correct.,0.0,100.0,10.0,True,1000.0
densenet121,w8a8,qnn_dlc,73.3,72.3,73.3,34.6,,,,,,,,,,2026-08-30,main,qualcomm-snapdragon-8-elite-for-galaxy,imagenet,https://www.image-net.org/,validation split,Top-1 Accuracy,%,Percentage of top 1 model predictions that are correct.,0.0,100.0,10.0,True,1000.0
densenet121,w8a8,qnn_dlc_via_qnn_ep,73.3,72.3,72.6,34.62,,,,,,,,,,2026-08-30,main,qualcomm-snapdragon-8-elite-for-galaxy,imagenet,https://www.image-net.org/,validation split,Top-1 Accuracy,%,Percentage of top 1 model predictions that are correct.,0.0,100.0,10.0,True,1000.0
densenet121,w8a8,onnx,73.3,72.3,72.9,34.81,,,,,,,,,,2026-08-30,main,qualcomm-snapdragon-8-elite-for-galaxy,imagenet,https://www.image-net.org/,validation split,Top-1 Accuracy,%,Percentage of top 1 model predictions that are correct.,0.0,100.0,10.0,True,1000.0
depth_anything,float,tflite,96.8,,96.8,54.56,,,,,,,,,,2026-08-30,main,qualcomm-snapdragon-8-elite-for-galaxy,nyuv2,https://cs.nyu.edu/~fergus/datasets/nyu_depth_v2.html,validation split,Delta Threshold Accuracy,δ1,The percentage of pixels where the predicted depth is within 25% of the expected.,0.0,100.0,10.0,True,100.0
depth_anything,float,qnn_dlc,96.8,,96.8,54.56,,,,,,,,,,2026-08-30,main,qualcomm-snapdragon-8-elite-for-galaxy,nyuv2,https://cs.nyu.edu/~fergus/datasets/nyu_depth_v2.html,validation split,Delta Threshold Accuracy,δ1,The percentage of pixels where the predicted depth is within 25% of the expected.,0.0,100.0,10.0,True,100.0
depth_anything,float,qnn_dlc_via_qnn_ep,96.8,,96.8,54.56,,,,,,,,,,2026-08-30,main,qualcomm-snapdragon-8-elite-for-galaxy,nyuv2,https://cs.nyu.edu/~fergus/datasets/nyu_depth_v2.html,validation split,Delta Threshold Accuracy,δ1,The percentage of pixels where the predicted depth is within 25% of the expected.,0.0,100.0,10.0,True,100.0
depth_anything,float,onnx,96.8,,96.8,54.5,,,,,,,,,,2026-08-30,main,qualcomm-snapdragon-8-elite-for-galaxy,nyuv2,https://cs.nyu.edu/~fergus/datasets/nyu_depth_v2.html,validation split,Delta Threshold Accuracy,δ1,The percentage of pixels where the predicted depth is within 25% of the expected.,0.0,100.0,10.0,True,100.0
depth_anything,w8a16,qnn_dlc,96.8,96.8,96.8,51.56,,,,,,,,,,2026-08-30,main,qualcomm-snapdragon-8-elite-for-galaxy,nyuv2,https://cs.nyu.edu/~fergus/datasets/nyu_depth_v2.html,validation split,Delta Threshold Accuracy,δ1,The percentage of pixels where the predicted depth is within 25% of the expected.,0.0,100.0,10.0,True,100.0
depth_anything,w8a16,qnn_dlc_via_qnn_ep,96.8,96.8,96.8,51.57,,,,,,,,,,2026-08-30,main,qualcomm-snapdragon-8-elite-for-galaxy,nyuv2,https://cs.nyu.edu/~fergus/datasets/nyu_depth_v2.html,validation split,Delta Threshold Accuracy,δ1,The percentage of pixels where the predicted depth is within 25% of the expected.,0.0,100.0,10.0,True,100.0
depth_anything,w8a16,onnx,96.8,96.8,96.8,48.32,,,,,,,,,,2026-08-30,main,qualcomm-snapdragon-8-elite-for-galaxy,nyuv2,https://cs.nyu.edu/~fergus/datasets/nyu_depth_v2.html,validation split,Delta Threshold Accuracy,δ1,The percentage of pixels where the predicted depth is within 25% of the expected.,0.0,100.0,10.0,True,100.0
detectron2_detection,float,tflite,,,,89.34,77.51,76.69,73.61,50.84,235.4,,,,,2026-08-30,main,qualcomm-snapdragon-8-elite-for-galaxy,,,,,,,,,,,
detectron2_detection,float,qnn_dlc,,,,89.34,77.51,76.69,8.247,60.02,235.4,,,,,2026-08-30,main,qualcomm-snapdragon-8-elite-for-galaxy,,,,,,,,,,,
detectron2_detection,float,qnn_dlc_via_qnn_ep,,,,89.34,77.51,76.69,8.247,60.02,235.4,,,,,2026-08-30,main,qualcomm-snapdragon-8-elite-for-galaxy,,,,,,,,,,,
detectron2_detection,float,onnx,,,,89.34,77.51,76.69,8.247,60.02,235.4,,,,,2026-08-30,main,qualcomm-snapdragon-8-elite-for-galaxy,,,,,,,,,,,
detectron2_detection,w8a16,qnn_dlc,,,,63.91,61.4,52.24,8.597,38.49,235.4,,,,,2026-08-30,main,qualcomm-snapdragon-8-elite-for-galaxy,,,,,,,,,,,
detectron2_detection,w8a16,qnn_dlc_via_qnn_ep,,,,63.91,61.4,52.24,8.597,38.49,235.4,,,,,2026-08-30,main,qualcomm-snapdragon-8-elite-for-galaxy,,,,,,,,,,,
detectron2_detection,w8a16,onnx,,,,63.91,61.4,52.24,8.597,38.49,235.4,,,,,2026-08-30,main,qualcomm-snapdragon-8-elite-for-galaxy,,,,,,,,,,,
detectron2_detection,w8a8,tflite,,,,51.1,51.43,42.39,-95.02,24.82,235.4,,,,,2026-08-30,main,qualcomm-snapdragon-8-elite-for-galaxy,,,,,,,,,,,
detectron2_detection,w8a8,qnn_dlc,,,,51.1,51.43,42.39,-95.02,24.82,235.4,,,,,2026-08-30,main,qualcomm-snapdragon-8-elite-for-galaxy,,,,,,,,,,,
detectron2_detection,w8a8,qnn_dlc_via_qnn_ep,,,,51.1,51.43,42.39,-95.02,24.82,235.4,,,,,2026-08-30,main,qualcomm-snapdragon-8-elite-for-galaxy,,,,,,,,,,,
detectron2_detection,w8a8,onnx,,,,51.1,51.43,42.39,-95.02,24.82,235.4,,,,,2026-08-30,main,qualcomm-snapdragon-8-elite-for-galaxy,,,,,,,,,,,
detr_resnet101_dc5,float,tflite,46.2,,46.2,41.94,38.13,33.1,,,,,,,,2026-08-30,main,qualcomm-snapdragon-8-elite-for-galaxy,coco91_class,https://cocodataset.org/,val2017 split,Mean Average Precision,mAP@0.5:0.95,Mean Average Precision averaged over IOU thresholds 0.5 to 0.95 in 0.05 increments.,0.0,100.0,10.0,True,300.0
detr_resnet101_dc5,float,qnn_dlc,46.2,,46.2,41.94,38.13,33.1,,,,,,,,2026-08-30,main,qualcomm-snapdragon-8-elite-for-galaxy,coco91_class,https://cocodataset.org/,val2017 split,Mean Average Precision,mAP@0.5:0.95,Mean Average Precision averaged over IOU thresholds 0.5 to 0.95 in 0.05 increments.,0.0,100.0,10.0,True,300.0
detr_resnet101_dc5,float,qnn_dlc_via_qnn_ep,46.2,,46.2,41.94,38.13,33.1,,,,,,,,2026-08-30,main,qualcomm-snapdragon-8-elite-for-galaxy,coco91_class,https://cocodataset.org/,val2017 split,Mean Average Precision,mAP@0.5:0.95,Mean Average Precision averaged over IOU thresholds 0.5 to 0.95 in 0.05 increments.,0.0,100.0,10.0,True,300.0
detr_resnet101_dc5,float,onnx,46.2,,46.2,41.39,37.01,32.03,,,,,,,,2026-08-30,main,qualcomm-snapdragon-8-elite-for-galaxy,coco91_class,https://cocodataset.org/,val2017 split,Mean Average Precision,mAP@0.5:0.95,Mean Average Precision averaged over IOU thresholds 0.5 to 0.95 in 0.05 increments.,0.0,100.0,10.0,True,300.0
easyocr,float,tflite,,,,84.31,131.9,,,,,,,,,2026-08-30,main,qualcomm-snapdragon-8-elite-for-galaxy,,,,,,,,,,,
easyocr,float,qnn_dlc,,,,84.31,50.0,,,,,,,,,2026-08-30,main,qualcomm-snapdragon-8-elite-for-galaxy,,,,,,,,,,,
easyocr,float,onnx,,,,84.38,50.0,,,,,,,,,2026-08-30,main,qualcomm-snapdragon-8-elite-for-galaxy,,,,,,,,,,,
easyocr,w8a8,tflite,,,,34.22,33.09,,,,,,,,,2026-08-30,main,qualcomm-snapdragon-8-elite-for-galaxy,,,,,,,,,,,
easyocr,w8a8,onnx,,,,34.22,11.47,,,,,,,,,2026-08-30,main,qualcomm-snapdragon-8-elite-for-galaxy,,,,,,,,,,,
efficientnet_lite4,float,tflite,79.7,,79.6,75.69,,,,,,,,,,2026-08-30,main,qualcomm-snapdragon-8-elite-for-galaxy,imagenet_efficientnet_lite4,https://www.image-net.org/,validation split,Top-1 Accuracy,%,Percentage of top 1 model predictions that are correct.,0.0,100.0,10.0,True,1000.0
efficientnet_lite4,float,qnn_dlc,79.7,,79.6,75.69,,,,,,,,,,2026-08-30,main,qualcomm-snapdragon-8-elite-for-galaxy,imagenet_efficientnet_lite4,https://www.image-net.org/,validation split,Top-1 Accuracy,%,Percentage of top 1 model predictions that are correct.,0.0,100.0,10.0,True,1000.0
efficientnet_lite4,float,qnn_dlc_via_qnn_ep,79.7,,79.6,75.69,,,,,,,,,,2026-08-30,main,qualcomm-snapdragon-8-elite-for-galaxy,imagenet_efficientnet_lite4,https://www.image-net.org/,validation split,Top-1 Accuracy,%,Percentage of top 1 model predictions that are correct.,0.0,100.0,10.0,True,1000.0
efficientnet_lite4,float,onnx,79.7,,79.6,75.69,,,,,,,,,,2026-08-30,main,qualcomm-snapdragon-8-elite-for-galaxy,imagenet_efficientnet_lite4,https://www.image-net.org/,validation split,Top-1 Accuracy,%,Percentage of top 1 model predictions that are correct.,0.0,100.0,10.0,True,1000.0
efficientnet_lite4,w8a8,tflite,79.7,79.5,79.7,44.23,,,,,,,,,,2026-08-30,main,qualcomm-snapdragon-8-elite-for-galaxy,imagenet_efficientnet_lite4,https://www.image-net.org/,validation split,Top-1 Accuracy,%,Percentage of top 1 model predictions that are correct.,0.0,100.0,10.0,True,1000.0
efficientnet_lite4,w8a8,qnn_dlc,79.7,79.5,79.7,44.28,,,,,,,,,,2026-08-30,main,qualcomm-snapdragon-8-elite-for-galaxy,imagenet_efficientnet_lite4,https://www.image-net.org/,validation split,Top-1 Accuracy,%,Percentage of top 1 model predictions that are correct.,0.0,100.0,10.0,True,1000.0
efficientnet_lite4,w8a8,qnn_dlc_via_qnn_ep,79.7,79.5,79.7,44.27,,,,,,,,,,2026-08-30,main,qualcomm-snapdragon-8-elite-for-galaxy,imagenet_efficientnet_lite4,https://www.image-net.org/,validation split,Top-1 Accuracy,%,Percentage of top 1 model predictions that are correct.,0.0,100.0,10.0,True,1000.0
efficientnet_lite4,w8a8,onnx,79.7,79.5,79.7,44.27,,,,,,,,,,2026-08-30,main,qualcomm-snapdragon-8-elite-for-galaxy,imagenet_efficientnet_lite4,https://www.image-net.org/,validation split,Top-1 Accuracy,%,Percentage of top 1 model predictions that are correct.,0.0,100.0,10.0,True,1000.0
efficientvit_l2_cls,float,tflite,84.6,,77.6,,,,,,,,,,,2026-08-30,main,qualcomm-snapdragon-8-elite-for-galaxy,imagenet_efficientvit_l2,https://www.image-net.org/,validation split,Top-1 Accuracy,%,Percentage of top 1 model predictions that are correct.,0.0,100.0,10.0,True,1000.0
efficientvit_l2_cls,float,qnn_dlc,84.6,,77.6,,,,,,,,,,,2026-08-30,main,qualcomm-snapdragon-8-elite-for-galaxy,imagenet_efficientvit_l2,https://www.image-net.org/,validation split,Top-1 Accuracy,%,Percentage of top 1 model predictions that are correct.,0.0,100.0,10.0,True,1000.0
efficientvit_l2_cls,float,qnn_dlc_via_qnn_ep,84.6,,77.6,,,,,,,,,,,2026-08-30,main,qualcomm-snapdragon-8-elite-for-galaxy,imagenet_efficientvit_l2,https://www.image-net.org/,validation split,Top-1 Accuracy,%,Percentage of top 1 model predictions that are correct.,0.0,100.0,10.0,True,1000.0
efficientvit_l2_cls,float,onnx,84.6,,77.6,,,,,,,,,,,2026-08-30,main,qualcomm-snapdragon-8-elite-for-galaxy,imagenet_efficientvit_l2,https://www.image-net.org/,validation split,Top-1 Accuracy,%,Percentage of top 1 model predictions that are correct.,0.0,100.0,10.0,True,1000.0
efficientvit_l2_cls,w8a16,qnn_dlc,84.6,84.1,83.9,30.75,,,,,,,,,,2026-08-30,main,qualcomm-snapdragon-8-elite-for-galaxy,imagenet_efficientvit_l2,https://www.image-net.org/,validation split,Top-1 Accuracy,%,Percentage of top 1 model predictions that are correct.,0.0,100.0,10.0,True,1000.0
efficientvit_l2_cls,w8a16,qnn_dlc_via_qnn_ep,84.6,84.1,83.9,30.75,,,,,,,,,,2026-08-30,main,qualcomm-snapdragon-8-elite-for-galaxy,imagenet_efficientvit_l2,https://www.image-net.org/,validation split,Top-1 Accuracy,%,Percentage of top 1 model predictions that are correct.,0.0,100.0,10.0,True,1000.0
efficientvit_l2_cls,w8a16,onnx,84.6,84.1,84.0,30.77,,,,,,,,,,2026-08-30,main,qualcomm-snapdragon-8-elite-for-galaxy,imagenet_efficientvit_l2,https://www.image-net.org/,validation split,Top-1 Accuracy,%,Percentage of top 1 model predictions that are correct.,0.0,100.0,10.0,True,1000.0
face_attrib_net,float,tflite,100.0,,51.0,3.365,,,,,,,,,,2026-08-30,main,qualcomm-snapdragon-8-elite-for-galaxy,face_attrib,,,,,,,,,,500.0
face_attrib_net,float,qnn_dlc,100.0,,49.8,6.125,,,,,,,,,,2026-08-30,main,qualcomm-snapdragon-8-elite-for-galaxy,face_attrib,,,,,,,,,,500.0
face_attrib_net,float,qnn_dlc_via_qnn_ep,100.0,,49.8,6.135,,,,,,,,,,2026-08-30,main,qualcomm-snapdragon-8-elite-for-galaxy,face_attrib,,,,,,,,,,500.0
face_attrib_net,float,onnx,100.0,,50.2,6.124,,,,,,,,,,2026-08-30,main,qualcomm-snapdragon-8-elite-for-galaxy,face_attrib,,,,,,,,,,500.0
face_attrib_net,w8a8,tflite,100.0,100.0,100.0,38.07,,,,,,,,,,2026-08-30,main,qualcomm-snapdragon-8-elite-for-galaxy,face_attrib,,,,,,,,,,500.0
face_attrib_net,w8a8,qnn_dlc,100.0,100.0,100.0,38.08,,,,,,,,,,2026-08-30,main,qualcomm-snapdragon-8-elite-for-galaxy,face_attrib,,,,,,,,,,500.0
face_attrib_net,w8a8,qnn_dlc_via_qnn_ep,100.0,100.0,100.0,38.08,,,,,,,,,,2026-08-30,main,qualcomm-snapdragon-8-elite-for-galaxy,face_attrib,,,,,,,,,,500.0
face_attrib_net,w8a8,onnx,100.0,100.0,100.0,38.08,,,,,,,,,,2026-08-30,main,qualcomm-snapdragon-8-elite-for-galaxy,face_attrib,,,,,,,,,,500.0
ffnet_54s,float,tflite,78.1,,78.1,68.2,,,,,,,,,,2026-08-30,main,qualcomm-snapdragon-8-elite-for-galaxy,cityscapes,https://www.cityscapes-dataset.com/,validation split,Mean Intersection Over Union,mIOU,Overlap of predicted and expected segmentation divided by the union size.,0.0,100.0,10.0,True,50.0
ffnet_54s,float,qnn_dlc,78.1,,78.1,68.2,,,,,,,,,,2026-08-30,main,qualcomm-snapdragon-8-elite-for-galaxy,cityscapes,https://www.cityscapes-dataset.com/,validation split,Mean Intersection Over Union,mIOU,Overlap of predicted and expected segmentation divided by the union size.,0.0,100.0,10.0,True,50.0
ffnet_54s,float,qnn_dlc_via_qnn_ep,78.1,,78.1,68.2,,,,,,,,,,2026-08-30,main,qualcomm-snapdragon-8-elite-for-galaxy,cityscapes,https://www.cityscapes-dataset.com/,validation split,Mean Intersection Over Union,mIOU,Overlap of predicted and expected segmentation divided by the union size.,0.0,100.0,10.0,True,50.0
ffnet_54s,float,onnx,78.1,,78.1,67.94,,,,,,,,,,2026-08-30,main,qualcomm-snapdragon-8-elite-for-galaxy,cityscapes,https://www.cityscapes-dataset.com/,validation split,Mean Intersection Over Union,mIOU,Overlap of predicted and expected segmentation divided by the union size.,0.0,100.0,10.0,True,50.0
ffnet_54s,w8a8,tflite,78.1,78.0,78.0,34.55,,,,,,,,,,2026-08-30,main,qualcomm-snapdragon-8-elite-for-galaxy,cityscapes,https://www.cityscapes-dataset.com/,validation split,Mean Intersection Over Union,mIOU,Overlap of predicted and expected segmentation divided by the union size.,0.0,100.0,10.0,True,50.0
ffnet_54s,w8a8,qnn_dlc,78.1,78.0,77.8,34.59,,,,,,,,,,2026-08-30,main,qualcomm-snapdragon-8-elite-for-galaxy,cityscapes,https://www.cityscapes-dataset.com/,validation split,Mean Intersection Over Union,mIOU,Overlap of predicted and expected segmentation divided by the union size.,0.0,100.0,10.0,True,50.0
ffnet_54s,w8a8,qnn_dlc_via_qnn_ep,78.1,78.0,77.8,34.59,,,,,,,,,,2026-08-30,main,qualcomm-snapdragon-8-elite-for-galaxy,cityscapes,https://www.cityscapes-dataset.com/,validation split,Mean Intersection Over Union,mIOU,Overlap of predicted and expected segmentation divided by the union size.,0.0,100.0,10.0,True,50.0
ffnet_54s,w8a8,onnx,78.1,78.0,77.8,34.59,,,,,,,,,,2026-08-30,main,qualcomm-snapdragon-8-elite-for-galaxy,cityscapes,https://www.cityscapes-dataset.com/,validation split,Mean Intersection Over Union,mIOU,Overlap of predicted and expected segmentation divided by the union size.,0.0,100.0,10.0,True,50.0
ffnet_78s,float,tflite,79.9,,79.9,66.47,,,,,,,,,,2026-08-30,main,qualcomm-snapdragon-8-elite-for-galaxy,cityscapes,https://www.cityscapes-dataset.com/,validation split,Mean Intersection Over Union,mIOU,Overlap of predicted and expected segmentation divided by the union size.,0.0,100.0,10.0,True,50.0
ffnet_78s,float,qnn_dlc,79.9,,79.9,66.47,,,,,,,,,,2026-08-30,main,qualcomm-snapdragon-8-elite-for-galaxy,cityscapes,https://www.cityscapes-dataset.com/,validation split,Mean Intersection Over Union,mIOU,Overlap of predicted and expected segmentation divided by the union size.,0.0,100.0,10.0,True,50.0
ffnet_78s,float,qnn_dlc_via_qnn_ep,79.9,,79.9,66.47,,,,,,,,,,2026-08-30,main,qualcomm-snapdragon-8-elite-for-galaxy,cityscapes,https://www.cityscapes-dataset.com/,validation split,Mean Intersection Over Union,mIOU,Overlap of predicted and expected segmentation divided by the union size.,0.0,100.0,10.0,True,50.0
ffnet_78s,float,onnx,79.9,,79.9,65.88,,,,,,,,,,2026-08-30,main,qualcomm-snapdragon-8-elite-for-galaxy,cityscapes,https://www.cityscapes-dataset.com/,validation split,Mean Intersection Over Union,mIOU,Overlap of predicted and expected segmentation divided by the union size.,0.0,100.0,10.0,True,50.0
ffnet_78s,w8a8,tflite,79.9,79.5,79.8,32.56,,,,,,,,,,2026-08-30,main,qualcomm-snapdragon-8-elite-for-galaxy,cityscapes,https://www.cityscapes-dataset.com/,validation split,Mean Intersection Over Union,mIOU,Overlap of predicted and expected segmentation divided by the union size.,0.0,100.0,10.0,True,50.0
ffnet_78s,w8a8,qnn_dlc,79.9,79.5,79.5,32.56,,,,,,,,,,2026-08-30,main,qualcomm-snapdragon-8-elite-for-galaxy,cityscapes,https://www.cityscapes-dataset.com/,validation split,Mean Intersection Over Union,mIOU,Overlap of predicted and expected segmentation divided by the union size.,0.0,100.0,10.0,True,50.0
ffnet_78s,w8a8,qnn_dlc_via_qnn_ep,79.9,79.5,79.5,32.56,,,,,,,,,,2026-08-30,main,qualcomm-snapdragon-8-elite-for-galaxy,cityscapes,https://www.cityscapes-dataset.com/,validation split,Mean Intersection Over Union,mIOU,Overlap of predicted and expected segmentation divided by the union size.,0.0,100.0,10.0,True,50.0
ffnet_78s,w8a8,onnx,79.9,79.5,79.5,32.56,,,,,,,,,,2026-08-30,main,qualcomm-snapdragon-8-elite-for-galaxy,cityscapes,https://www.cityscapes-dataset.com/,validation split,Mean Intersection Over Union,mIOU,Overlap of predicted and expected segmentation divided by the union size.,0.0,100.0,10.0,True,50.0
huggingface_wavlm_base_plus,float,tflite,20.7,,99.9,13.97,,,,,,,,,,2026-08-30,main,qualcomm-snapdragon-8-elite-for-galaxy,libri_speech,https://www.openslr.org/12,test split,Word Error Rate,WER,The percentage of words incorrectly predicted.,0.0,100.0,10.0,False,500.0
huggingface_wavlm_base_plus,float,qnn_dlc,20.7,,20.7,23.4,,,,,,,,,,2026-08-30,main,qualcomm-snapdragon-8-elite-for-galaxy,libri_speech,https://www.openslr.org/12,test split,Word Error Rate,WER,The percentage of words incorrectly predicted.,0.0,100.0,10.0,False,500.0
huggingface_wavlm_base_plus,float,qnn_dlc_via_qnn_ep,20.7,,20.7,23.4,,,,,,,,,,2026-08-30,main,qualcomm-snapdragon-8-elite-for-galaxy,libri_speech,https://www.openslr.org/12,test split,Word Error Rate,WER,The percentage of words incorrectly predicted.,0.0,100.0,10.0,False,500.0
huggingface_wavlm_base_plus,float,onnx,20.7,,20.7,23.4,,,,,,,,,,2026-08-30,main,qualcomm-snapdragon-8-elite-for-galaxy,libri_speech,https://www.openslr.org/12,test split,Word Error Rate,WER,The percentage of words incorrectly predicted.,0.0,100.0,10.0,False,500.0
litehrnet,float,tflite,58.0,,58.3,34.12,45.79,63.79,,,,,,,,2026-08-30,main,qualcomm-snapdragon-8-elite-for-galaxy,coco_whole_body,http://images.cocodataset.org/,val2017 split,Mean Average Precision,mAP,Mean Average Precision (across predicted classes).,0.0,100.0,10.0,True,500.0
litehrnet,float,qnn_dlc,58.0,,58.3,34.12,45.79,63.79,,,,,,,,2026-08-30,main,qualcomm-snapdragon-8-elite-for-galaxy,coco_whole_body,http://images.cocodataset.org/,val2017 split,Mean Average Precision,mAP,Mean Average Precision (across predicted classes).,0.0,100.0,10.0,True,500.0
litehrnet,float,qnn_dlc_via_qnn_ep,58.0,,58.1,32.45,45.79,63.79,,,,,,,,2026-08-30,main,qualcomm-snapdragon-8-elite-for-galaxy,coco_whole_body,http://images.cocodataset.org/,val2017 split,Mean Average Precision,mAP,Mean Average Precision (across predicted classes).,0.0,100.0,10.0,True,500.0
litehrnet,float,onnx,58.0,,58.1,32.45,45.79,63.79,,,,,,,,2026-08-30,main,qualcomm-snapdragon-8-elite-for-galaxy,coco_whole_body,http://images.cocodataset.org/,val2017 split,Mean Average Precision,mAP,Mean Average Precision (across predicted classes).,0.0,100.0,10.0,True,500.0
minilm_v2,float,tflite,80.0,,80.0,53.98,,,,,,,,,,2026-08-30,main,qualcomm-snapdragon-8-elite-for-galaxy,mini_lm_amazon_counterfactual,,,,,,,,,,100.0
minilm_v2,float,qnn_dlc,80.0,,80.0,53.99,,,,,,,,,,2026-08-30,main,qualcomm-snapdragon-8-elite-for-galaxy,mini_lm_amazon_counterfactual,,,,,,,,,,100.0
minilm_v2,float,qnn_dlc_via_qnn_ep,80.0,,80.0,13.21,,,,,,,,,,2026-08-30,main,qualcomm-snapdragon-8-elite-for-galaxy,mini_lm_amazon_counterfactual,,,,,,,,,,100.0
minilm_v2,float,onnx,80.0,,80.0,13.21,,,,,,,,,,2026-08-30,main,qualcomm-snapdragon-8-elite-for-galaxy,mini_lm_amazon_counterfactual,,,,,,,,,,100.0
minilm_v2,w8a8,tflite,80.0,80.0,80.0,4.715,,,,,,,,,,2026-08-30,main,qualcomm-snapdragon-8-elite-for-galaxy,mini_lm_amazon_counterfactual,,,,,,,,,,100.0
minilm_v2,w8a8,qnn_dlc,80.0,80.0,80.0,6.502,,,,,,,,,,2026-08-30,main,qualcomm-snapdragon-8-elite-for-galaxy,mini_lm_amazon_counterfactual,,,,,,,,,,100.0
minilm_v2,w8a8,qnn_dlc_via_qnn_ep,80.0,80.0,80.0,4.533,,,,,,,,,,2026-08-30,main,qualcomm-snapdragon-8-elite-for-galaxy,mini_lm_amazon_counterfactual,,,,,,,,,,100.0
minilm_v2,w8a8,onnx,80.0,80.0,80.0,4.533,,,,,,,,,,2026-08-30,main,qualcomm-snapdragon-8-elite-for-galaxy,mini_lm_amazon_counterfactual,,,,,,,,,,100.0
mnasnet05,float,tflite,65.2,,65.2,62.73,,,,,,,,,,2026-08-30,main,qualcomm-snapdragon-8-elite-for-galaxy,imagenet,https://www.image-net.org/,validation split,Top-1 Accuracy,%,Percentage of top 1 model predictions that are correct.,0.0,100.0,10.0,True,1000.0
mnasnet05,float,qnn_dlc,65.2,,65.2,62.73,,,,,,,,,,2026-08-30,main,qualcomm-snapdragon-8-elite-for-galaxy,imagenet,https://www.image-net.org/,validation split,Top-1 Accuracy,%,Percentage of top 1 model predictions that are correct.,0.0,100.0,10.0,True,1000.0
mnasnet05,float,qnn_dlc_via_qnn_ep,65.2,,65.2,62.73,,,,,,,,,,2026-08-30,main,qualcomm-snapdragon-8-elite-for-galaxy,imagenet,https://www.image-net.org/,validation split,Top-1 Accuracy,%,Percentage of top 1 model predictions that are correct.,0.0,100.0,10.0,True,1000.0
mnasnet05,float,onnx,65.2,,65.2,62.64,,,,,,,,,,2026-08-30,main,qualcomm-snapdragon-8-elite-for-galaxy,imagenet,https://www.image-net.org/,validation split,Top-1 Accuracy,%,Percentage of top 1 model predictions that are correct.,0.0,100.0,10.0,True,1000.0
mnasnet05,w8a16,qnn_dlc,65.2,64.5,64.4,38.58,,,,,,,,,,2026-08-30,main,qualcomm-snapdragon-8-elite-for-galaxy,imagenet,https://www.image-net.org/,validation split,Top-1 Accuracy,%,Percentage of top 1 model predictions that are correct.,0.0,100.0,10.0,True,1000.0
mnasnet05,w8a16,qnn_dlc_via_qnn_ep,65.2,64.5,64.4,38.58,,,,,,,,,,2026-08-30,main,qualcomm-snapdragon-8-elite-for-galaxy,imagenet,https://www.image-net.org/,validation split,Top-1 Accuracy,%,Percentage of top 1 model predictions that are correct.,0.0,100.0,10.0,True,1000.0
mnasnet05,w8a16,onnx,65.2,64.5,64.4,38.58,,,,,,,,,,2026-08-30,main,qualcomm-snapdragon-8-elite-for-galaxy,imagenet,https://www.image-net.org/,validation split,Top-1 Accuracy,%,Percentage of top 1 model predictions that are correct.,0.0,100.0,10.0,True,1000.0
movenet,float,tflite,56.6,,56.6,32.05,,,,,,,,,,2026-08-30,main,qualcomm-snapdragon-8-elite-for-galaxy,coco_body,http://images.cocodataset.org/,val2017 split,Mean Average Precision,mAP,Mean Average Precision (across predicted classes).,0.0,100.0,10.0,True,1000.0
movenet,float,qnn_dlc,56.6,,56.6,32.05,,,,,,,,,,2026-08-30,main,qualcomm-snapdragon-8-elite-for-galaxy,coco_body,http://images.cocodataset.org/,val2017 split,Mean Average Precision,mAP,Mean Average Precision (across predicted classes).,0.0,100.0,10.0,True,1000.0
movenet,float,qnn_dlc_via_qnn_ep,56.6,,56.6,32.05,,,,,,,,,,2026-08-30,main,qualcomm-snapdragon-8-elite-for-galaxy,coco_body,http://images.cocodataset.org/,val2017 split,Mean Average Precision,mAP,Mean Average Precision (across predicted classes).,0.0,100.0,10.0,True,1000.0
movenet,float,onnx,56.6,,56.6,31.9,,,,,,,,,,2026-08-30,main,qualcomm-snapdragon-8-elite-for-galaxy,coco_body,http://images.cocodataset.org/,val2017 split,Mean Average Precision,mAP,Mean Average Precision (across predicted classes).,0.0,100.0,10.0,True,1000.0
movenet,w8a16_mixed_int16,qnn_dlc,56.6,55.7,55.8,20.05,,,,,,,,,,2026-08-30,main,qualcomm-snapdragon-8-elite-for-galaxy,coco_body,http://images.cocodataset.org/,val2017 split,Mean Average Precision,mAP,Mean Average Precision (across predicted classes).,0.0,100.0,10.0,True,1000.0
movenet,w8a16_mixed_int16,qnn_dlc_via_qnn_ep,56.6,55.7,55.8,20.06,,,,,,,,,,2026-08-30,main,qualcomm-snapdragon-8-elite-for-galaxy,coco_body,http://images.cocodataset.org/,val2017 split,Mean Average Precision,mAP,Mean Average Precision (across predicted classes).,0.0,100.0,10.0,True,1000.0
movenet,w8a16_mixed_int16,onnx,56.6,55.7,55.7,20.05,,,,,,,,,,2026-08-30,main,qualcomm-snapdragon-8-elite-for-galaxy,coco_body,http://images.cocodataset.org/,val2017 split,Mean Average Precision,mAP,Mean Average Precision (across predicted classes).,0.0,100.0,10.0,True,1000.0
pointnet,float,tflite,,,,68.43,78.48,79.55,,,,,,,,2026-08-30,main,qualcomm-snapdragon-8-elite-for-galaxy,,,,,,,,,,,
pointnet,float,qnn_dlc,,,,76.13,79.44,80.68,,,,,,,,2026-08-30,main,qualcomm-snapdragon-8-elite-for-galaxy,,,,,,,,,,,
pointnet,float,qnn_dlc_via_qnn_ep,,,,76.13,79.44,80.68,,,,,,,,2026-08-30,main,qualcomm-snapdragon-8-elite-for-galaxy,,,,,,,,,,,
pointnet,float,onnx,,,,76.13,79.44,80.68,,,,,,,,2026-08-30,main,qualcomm-snapdragon-8-elite-for-galaxy,,,,,,,,,,,
quicksrnetsmall,float,tflite,28.7,,28.7,68.44,,,,,,,,,,2026-08-30,main,qualcomm-snapdragon-8-elite-for-galaxy,set14,https://huggingface.co/datasets/eugenesiow/Set14,all 14 standard SR benchmark images,Peak Signal-to-Noise Ratio (PSNR),dB,A measure of how similar two images are.,0.0,,10.0,True,14.0
quicksrnetsmall,float,qnn_dlc,28.7,,28.7,68.44,,,,,,,,,,2026-08-30,main,qualcomm-snapdragon-8-elite-for-galaxy,set14,https://huggingface.co/datasets/eugenesiow/Set14,all 14 standard SR benchmark images,Peak Signal-to-Noise Ratio (PSNR),dB,A measure of how similar two images are.,0.0,,10.0,True,14.0
quicksrnetsmall,float,qnn_dlc_via_qnn_ep,28.7,,28.7,68.44,,,,,,,,,,2026-08-30,main,qualcomm-snapdragon-8-elite-for-galaxy,set14,https://huggingface.co/datasets/eugenesiow/Set14,all 14 standard SR benchmark images,Peak Signal-to-Noise Ratio (PSNR),dB,A measure of how similar two images are.,0.0,,10.0,True,14.0
quicksrnetsmall,float,onnx,28.7,,28.7,68.44,,,,,,,,,,2026-08-30,main,qualcomm-snapdragon-8-elite-for-galaxy,set14,https://huggingface.co/datasets/eugenesiow/Set14,all 14 standard SR benchmark images,Peak Signal-to-Noise Ratio (PSNR),dB,A measure of how similar two images are.,0.0,,10.0,True,14.0
quicksrnetsmall,w8a8,tflite,28.7,28.1,28.0,36.65,,,,,,,,,,2026-08-30,main,qualcomm-snapdragon-8-elite-for-galaxy,set14,https://huggingface.co/datasets/eugenesiow/Set14,all 14 standard SR benchmark images,Peak Signal-to-Noise Ratio (PSNR),dB,A measure of how similar two images are.,0.0,,10.0,True,14.0
quicksrnetsmall,w8a8,qnn_dlc,28.7,28.1,28.0,36.65,,,,,,,,,,2026-08-30,main,qualcomm-snapdragon-8-elite-for-galaxy,set14,https://huggingface.co/datasets/eugenesiow/Set14,all 14 standard SR benchmark images,Peak Signal-to-Noise Ratio (PSNR),dB,A measure of how similar two images are.,0.0,,10.0,True,14.0
quicksrnetsmall,w8a8,qnn_dlc_via_qnn_ep,28.7,28.1,28.0,36.65,,,,,,,,,,2026-08-30,main,qualcomm-snapdragon-8-elite-for-galaxy,set14,https://huggingface.co/datasets/eugenesiow/Set14,all 14 standard SR benchmark images,Peak Signal-to-Noise Ratio (PSNR),dB,A measure of how similar two images are.,0.0,,10.0,True,14.0
quicksrnetsmall,w8a8,onnx,28.7,28.1,28.0,36.65,,,,,,,,,,2026-08-30,main,qualcomm-snapdragon-8-elite-for-galaxy,set14,https://huggingface.co/datasets/eugenesiow/Set14,all 14 standard SR benchmark images,Peak Signal-to-Noise Ratio (PSNR),dB,A measure of how similar two images are.,0.0,,10.0,True,14.0
real_esrgan_general_x4v3,float,tflite,25.8,,25.8,74.96,,,,,,,,,,2026-08-30,main,qualcomm-snapdragon-8-elite-for-galaxy,set14,https://huggingface.co/datasets/eugenesiow/Set14,all 14 standard SR benchmark images,Peak Signal-to-Noise Ratio (PSNR),dB,A measure of how similar two images are.,0.0,,10.0,True,14.0
real_esrgan_general_x4v3,float,qnn_dlc,25.8,,25.8,74.96,,,,,,,,,,2026-08-30,main,qualcomm-snapdragon-8-elite-for-galaxy,set14,https://huggingface.co/datasets/eugenesiow/Set14,all 14 standard SR benchmark images,Peak Signal-to-Noise Ratio (PSNR),dB,A measure of how similar two images are.,0.0,,10.0,True,14.0
real_esrgan_general_x4v3,float,qnn_dlc_via_qnn_ep,25.8,,25.8,74.96,,,,,,,,,,2026-08-30,main,qualcomm-snapdragon-8-elite-for-galaxy,set14,https://huggingface.co/datasets/eugenesiow/Set14,all 14 standard SR benchmark images,Peak Signal-to-Noise Ratio (PSNR),dB,A measure of how similar two images are.,0.0,,10.0,True,14.0
real_esrgan_general_x4v3,float,onnx,25.8,,25.8,74.97,,,,,,,,,,2026-08-30,main,qualcomm-snapdragon-8-elite-for-galaxy,set14,https://huggingface.co/datasets/eugenesiow/Set14,all 14 standard SR benchmark images,Peak Signal-to-Noise Ratio (PSNR),dB,A measure of how similar two images are.,0.0,,10.0,True,14.0
real_esrgan_general_x4v3,w8a8,tflite,25.8,26.0,26.0,35.39,,,,,,,,,,2026-08-30,main,qualcomm-snapdragon-8-elite-for-galaxy,set14,https://huggingface.co/datasets/eugenesiow/Set14,all 14 standard SR benchmark images,Peak Signal-to-Noise Ratio (PSNR),dB,A measure of how similar two images are.,0.0,,10.0,True,14.0
real_esrgan_general_x4v3,w8a8,qnn_dlc,25.8,26.0,26.0,35.43,,,,,,,,,,2026-08-30,main,qualcomm-snapdragon-8-elite-for-galaxy,set14,https://huggingface.co/datasets/eugenesiow/Set14,all 14 standard SR benchmark images,Peak Signal-to-Noise Ratio (PSNR),dB,A measure of how similar two images are.,0.0,,10.0,True,14.0
real_esrgan_general_x4v3,w8a8,qnn_dlc_via_qnn_ep,25.8,26.0,26.0,35.43,,,,,,,,,,2026-08-30,main,qualcomm-snapdragon-8-elite-for-galaxy,set14,https://huggingface.co/datasets/eugenesiow/Set14,all 14 standard SR benchmark images,Peak Signal-to-Noise Ratio (PSNR),dB,A measure of how similar two images are.,0.0,,10.0,True,14.0
real_esrgan_general_x4v3,w8a8,onnx,25.8,26.0,26.0,35.43,,,,,,,,,,2026-08-30,main,qualcomm-snapdragon-8-elite-for-galaxy,set14,https://huggingface.co/datasets/eugenesiow/Set14,all 14 standard SR benchmark images,Peak Signal-to-Noise Ratio (PSNR),dB,A measure of how similar two images are.,0.0,,10.0,True,14.0
real_esrgan_x4plus,float,tflite,25.9,,25.9,66.98,,,,,,,,,,2026-08-30,main,qualcomm-snapdragon-8-elite-for-galaxy,set14,https://huggingface.co/datasets/eugenesiow/Set14,all 14 standard SR benchmark images,Peak Signal-to-Noise Ratio (PSNR),dB,A measure of how similar two images are.,0.0,,10.0,True,14.0
real_esrgan_x4plus,float,qnn_dlc,25.9,,25.9,66.98,,,,,,,,,,2026-08-30,main,qualcomm-snapdragon-8-elite-for-galaxy,set14,https://huggingface.co/datasets/eugenesiow/Set14,all 14 standard SR benchmark images,Peak Signal-to-Noise Ratio (PSNR),dB,A measure of how similar two images are.,0.0,,10.0,True,14.0
real_esrgan_x4plus,float,qnn_dlc_via_qnn_ep,25.9,,25.9,66.98,,,,,,,,,,2026-08-30,main,qualcomm-snapdragon-8-elite-for-galaxy,set14,https://huggingface.co/datasets/eugenesiow/Set14,all 14 standard SR benchmark images,Peak Signal-to-Noise Ratio (PSNR),dB,A measure of how similar two images are.,0.0,,10.0,True,14.0
real_esrgan_x4plus,float,onnx,25.9,,25.9,66.89,,,,,,,,,,2026-08-30,main,qualcomm-snapdragon-8-elite-for-galaxy,set14,https://huggingface.co/datasets/eugenesiow/Set14,all 14 standard SR benchmark images,Peak Signal-to-Noise Ratio (PSNR),dB,A measure of how similar two images are.,0.0,,10.0,True,14.0
real_esrgan_x4plus,w8a8,tflite,25.9,25.6,25.7,32.16,,,,,,,,,,2026-08-30,main,qualcomm-snapdragon-8-elite-for-galaxy,set14,https://huggingface.co/datasets/eugenesiow/Set14,all 14 standard SR benchmark images,Peak Signal-to-Noise Ratio (PSNR),dB,A measure of how similar two images are.,0.0,,10.0,True,14.0
real_esrgan_x4plus,w8a8,qnn_dlc,25.9,25.6,25.8,32.24,,,,,,,,,,2026-08-30,main,qualcomm-snapdragon-8-elite-for-galaxy,set14,https://huggingface.co/datasets/eugenesiow/Set14,all 14 standard SR benchmark images,Peak Signal-to-Noise Ratio (PSNR),dB,A measure of how similar two images are.,0.0,,10.0,True,14.0
real_esrgan_x4plus,w8a8,qnn_dlc_via_qnn_ep,25.9,25.6,25.8,32.24,,,,,,,,,,2026-08-30,main,qualcomm-snapdragon-8-elite-for-galaxy,set14,https://huggingface.co/datasets/eugenesiow/Set14,all 14 standard SR benchmark images,Peak Signal-to-Noise Ratio (PSNR),dB,A measure of how similar two images are.,0.0,,10.0,True,14.0
real_esrgan_x4plus,w8a8,onnx,25.9,25.6,25.8,32.24,,,,,,,,,,2026-08-30,main,qualcomm-snapdragon-8-elite-for-galaxy,set14,https://huggingface.co/datasets/eugenesiow/Set14,all 14 standard SR benchmark images,Peak Signal-to-Noise Ratio (PSNR),dB,A measure of how similar two images are.,0.0,,10.0,True,14.0
resnet18,float,tflite,69.5,,69.3,77.34,,,,,,,,,,2026-08-30,main,qualcomm-snapdragon-8-elite-for-galaxy,imagenet,https://www.image-net.org/,validation split,Top-1 Accuracy,%,Percentage of top 1 model predictions that are correct.,0.0,100.0,10.0,True,1000.0
resnet18,float,qnn_dlc,69.5,,69.3,77.34,,,,,,,,,,2026-08-30,main,qualcomm-snapdragon-8-elite-for-galaxy,imagenet,https://www.image-net.org/,validation split,Top-1 Accuracy,%,Percentage of top 1 model predictions that are correct.,0.0,100.0,10.0,True,1000.0
resnet18,float,qnn_dlc_via_qnn_ep,69.5,,69.3,77.34,,,,,,,,,,2026-08-30,main,qualcomm-snapdragon-8-elite-for-galaxy,imagenet,https://www.image-net.org/,validation split,Top-1 Accuracy,%,Percentage of top 1 model predictions that are correct.,0.0,100.0,10.0,True,1000.0
resnet18,float,onnx,69.5,,69.3,75.82,,,,,,,,,,2026-08-30,main,qualcomm-snapdragon-8-elite-for-galaxy,imagenet,https://www.image-net.org/,validation split,Top-1 Accuracy,%,Percentage of top 1 model predictions that are correct.,0.0,100.0,10.0,True,1000.0
resnet18,w8a8,tflite,69.5,69.5,69.4,44.53,,,,,,,,,,2026-08-30,main,qualcomm-snapdragon-8-elite-for-galaxy,imagenet,https://www.image-net.org/,validation split,Top-1 Accuracy,%,Percentage of top 1 model predictions that are correct.,0.0,100.0,10.0,True,1000.0
resnet18,w8a8,qnn_dlc,69.5,69.5,68.5,44.71,,,,,,,,,,2026-08-30,main,qualcomm-snapdragon-8-elite-for-galaxy,imagenet,https://www.image-net.org/,validation split,Top-1 Accuracy,%,Percentage of top 1 model predictions that are correct.,0.0,100.0,10.0,True,1000.0
resnet18,w8a8,qnn_dlc_via_qnn_ep,69.5,69.5,68.5,44.71,,,,,,,,,,2026-08-30,main,qualcomm-snapdragon-8-elite-for-galaxy,imagenet,https://www.image-net.org/,validation split,Top-1 Accuracy,%,Percentage of top 1 model predictions that are correct.,0.0,100.0,10.0,True,1000.0
resnet18,w8a8,onnx,69.5,69.5,68.5,44.71,,,,,,,,,,2026-08-30,main,qualcomm-snapdragon-8-elite-for-galaxy,imagenet,https://www.image-net.org/,validation split,Top-1 Accuracy,%,Percentage of top 1 model predictions that are correct.,0.0,100.0,10.0,True,1000.0
resnet34_ssd1200,float,tflite,21.4,,,,,,,,,,,,,2026-08-30,main,qualcomm-snapdragon-8-elite-for-galaxy,coco_180,https://cocodataset.org/,val2017 split,Mean Average Precision,mAP@0.5:0.95,Mean Average Precision averaged over IOU thresholds 0.5 to 0.95 in 0.05 increments.,0.0,100.0,10.0,True,180.0
resnet34_ssd1200,float,qnn_dlc,21.4,,,,,,,,,,,,,2026-08-30,main,qualcomm-snapdragon-8-elite-for-galaxy,coco_180,https://cocodataset.org/,val2017 split,Mean Average Precision,mAP@0.5:0.95,Mean Average Precision averaged over IOU thresholds 0.5 to 0.95 in 0.05 increments.,0.0,100.0,10.0,True,180.0
resnet34_ssd1200,float,qnn_dlc_via_qnn_ep,21.4,,,,,,,,,,,,,2026-08-30,main,qualcomm-snapdragon-8-elite-for-galaxy,coco_180,https://cocodataset.org/,val2017 split,Mean Average Precision,mAP@0.5:0.95,Mean Average Precision averaged over IOU thresholds 0.5 to 0.95 in 0.05 increments.,0.0,100.0,10.0,True,180.0
resnet34_ssd1200,float,onnx,21.4,,,,,,,,,,,,,2026-08-30,main,qualcomm-snapdragon-8-elite-for-galaxy,coco_180,https://cocodataset.org/,val2017 split,Mean Average Precision,mAP@0.5:0.95,Mean Average Precision averaged over IOU thresholds 0.5 to 0.95 in 0.05 increments.,0.0,100.0,10.0,True,180.0
rtmpose_body2d,float,tflite,51.7,,50.5,29.34,29.42,,,,,,,,,2026-08-30,main,qualcomm-snapdragon-8-elite-for-galaxy,coco_whole_body,http://images.cocodataset.org/,val2017 split,Mean Average Precision,mAP,Mean Average Precision (across predicted classes).,0.0,100.0,10.0,True,500.0
rtmpose_body2d,float,qnn_dlc,51.7,,50.5,29.34,29.43,,,,,,,,,2026-08-30,main,qualcomm-snapdragon-8-elite-for-galaxy,coco_whole_body,http://images.cocodataset.org/,val2017 split,Mean Average Precision,mAP,Mean Average Precision (across predicted classes).,0.0,100.0,10.0,True,500.0
rtmpose_body2d,float,qnn_dlc_via_qnn_ep,51.7,,50.5,29.34,29.43,,,,,,,,,2026-08-30,main,qualcomm-snapdragon-8-elite-for-galaxy,coco_whole_body,http://images.cocodataset.org/,val2017 split,Mean Average Precision,mAP,Mean Average Precision (across predicted classes).,0.0,100.0,10.0,True,500.0
rtmpose_body2d,float,onnx,51.7,,50.5,29.34,29.43,,,,,,,,,2026-08-30,main,qualcomm-snapdragon-8-elite-for-galaxy,coco_whole_body,http://images.cocodataset.org/,val2017 split,Mean Average Precision,mAP,Mean Average Precision (across predicted classes).,0.0,100.0,10.0,True,500.0
rtmpose_body2d,w8a16,qnn_dlc,51.7,51.5,51.4,41.57,42.42,,,,,,,,,2026-08-30,main,qualcomm-snapdragon-8-elite-for-galaxy,coco_whole_body,http://images.cocodataset.org/,val2017 split,Mean Average Precision,mAP,Mean Average Precision (across predicted classes).,0.0,100.0,10.0,True,500.0
rtmpose_body2d,w8a16,qnn_dlc_via_qnn_ep,51.7,51.5,51.4,41.57,42.43,,,,,,,,,2026-08-30,main,qualcomm-snapdragon-8-elite-for-galaxy,coco_whole_body,http://images.cocodataset.org/,val2017 split,Mean Average Precision,mAP,Mean Average Precision (across predicted classes).,0.0,100.0,10.0,True,500.0
rtmpose_body2d,w8a16,onnx,51.7,51.5,51.4,40.82,41.27,,,,,,,,,2026-08-30,main,qualcomm-snapdragon-8-elite-for-galaxy,coco_whole_body,http://images.cocodataset.org/,val2017 split,Mean Average Precision,mAP,Mean Average Precision (across predicted classes).,0.0,100.0,10.0,True,500.0
sequencer2d,float,tflite,81.4,,81.4,58.5,,,,,,,,,,2026-08-30,main,qualcomm-snapdragon-8-elite-for-galaxy,imagenet,https://www.image-net.org/,validation split,Top-1 Accuracy,%,Percentage of top 1 model predictions that are correct.,0.0,100.0,10.0,True,1000.0
sequencer2d,float,qnn_dlc,81.4,,81.4,55.03,,,,,,,,,,2026-08-30,main,qualcomm-snapdragon-8-elite-for-galaxy,imagenet,https://www.image-net.org/,validation split,Top-1 Accuracy,%,Percentage of top 1 model predictions that are correct.,0.0,100.0,10.0,True,1000.0
sequencer2d,float,qnn_dlc_via_qnn_ep,81.4,,,,,,,,,,,,,2026-08-30,main,qualcomm-snapdragon-8-elite-for-galaxy,imagenet,https://www.image-net.org/,validation split,Top-1 Accuracy,%,Percentage of top 1 model predictions that are correct.,0.0,100.0,10.0,True,1000.0
sequencer2d,float,onnx,81.4,,81.4,55.12,,,,,,,,,,2026-08-30,main,qualcomm-snapdragon-8-elite-for-galaxy,imagenet,https://www.image-net.org/,validation split,Top-1 Accuracy,%,Percentage of top 1 model predictions that are correct.,0.0,100.0,10.0,True,1000.0
sequencer2d,w8a16,qnn_dlc,81.4,81.2,,,,,,,,,,,,2026-08-30,main,qualcomm-snapdragon-8-elite-for-galaxy,imagenet,https://www.image-net.org/,validation split,Top-1 Accuracy,%,Percentage of top 1 model predictions that are correct.,0.0,100.0,10.0,True,1000.0
sequencer2d,w8a16,qnn_dlc_via_qnn_ep,81.4,81.2,,,,,,,,,,,,2026-08-30,main,qualcomm-snapdragon-8-elite-for-galaxy,imagenet,https://www.image-net.org/,validation split,Top-1 Accuracy,%,Percentage of top 1 model predictions that are correct.,0.0,100.0,10.0,True,1000.0
sequencer2d,w8a16,onnx,81.4,81.2,47.2,19.19,,,,,,,,,,2026-08-30,main,qualcomm-snapdragon-8-elite-for-galaxy,imagenet,https://www.image-net.org/,validation split,Top-1 Accuracy,%,Percentage of top 1 model predictions that are correct.,0.0,100.0,10.0,True,1000.0
sequencer2d,w8a8,tflite,81.4,80.9,81.4,29.26,,,,,,,,,,2026-08-30,main,qualcomm-snapdragon-8-elite-for-galaxy,imagenet,https://www.image-net.org/,validation split,Top-1 Accuracy,%,Percentage of top 1 model predictions that are correct.,0.0,100.0,10.0,True,1000.0
sequencer2d,w8a8,qnn_dlc,81.4,80.9,,,,,,,,,,,,2026-08-30,main,qualcomm-snapdragon-8-elite-for-galaxy,imagenet,https://www.image-net.org/,validation split,Top-1 Accuracy,%,Percentage of top 1 model predictions that are correct.,0.0,100.0,10.0,True,1000.0
sequencer2d,w8a8,qnn_dlc_via_qnn_ep,81.4,80.9,,,,,,,,,,,,2026-08-30,main,qualcomm-snapdragon-8-elite-for-galaxy,imagenet,https://www.image-net.org/,validation split,Top-1 Accuracy,%,Percentage of top 1 model predictions that are correct.,0.0,100.0,10.0,True,1000.0
sequencer2d,w8a8,onnx,81.4,80.9,43.3,18.42,,,,,,,,,,2026-08-30,main,qualcomm-snapdragon-8-elite-for-galaxy,imagenet,https://www.image-net.org/,validation split,Top-1 Accuracy,%,Percentage of top 1 model predictions that are correct.,0.0,100.0,10.0,True,1000.0
shufflenet_v2,float,tflite,60.4,,60.3,64.97,,,,,,,,,,2026-08-30,main,qualcomm-snapdragon-8-elite-for-galaxy,imagenet,https://www.image-net.org/,validation split,Top-1 Accuracy,%,Percentage of top 1 model predictions that are correct.,0.0,100.0,10.0,True,1000.0
shufflenet_v2,float,qnn_dlc,60.4,,60.3,64.97,,,,,,,,,,2026-08-30,main,qualcomm-snapdragon-8-elite-for-galaxy,imagenet,https://www.image-net.org/,validation split,Top-1 Accuracy,%,Percentage of top 1 model predictions that are correct.,0.0,100.0,10.0,True,1000.0
shufflenet_v2,float,qnn_dlc_via_qnn_ep,60.4,,60.3,64.97,,,,,,,,,,2026-08-30,main,qualcomm-snapdragon-8-elite-for-galaxy,imagenet,https://www.image-net.org/,validation split,Top-1 Accuracy,%,Percentage of top 1 model predictions that are correct.,0.0,100.0,10.0,True,1000.0
shufflenet_v2,float,onnx,60.4,,60.4,64.78,,,,,,,,,,2026-08-30,main,qualcomm-snapdragon-8-elite-for-galaxy,imagenet,https://www.image-net.org/,validation split,Top-1 Accuracy,%,Percentage of top 1 model predictions that are correct.,0.0,100.0,10.0,True,1000.0
shufflenet_v2,w8a16,qnn_dlc,60.4,60.2,60.2,40.32,,,,,,,,,,2026-08-30,main,qualcomm-snapdragon-8-elite-for-galaxy,imagenet,https://www.image-net.org/,validation split,Top-1 Accuracy,%,Percentage of top 1 model predictions that are correct.,0.0,100.0,10.0,True,1000.0
shufflenet_v2,w8a16,qnn_dlc_via_qnn_ep,60.4,60.2,60.2,40.32,,,,,,,,,,2026-08-30,main,qualcomm-snapdragon-8-elite-for-galaxy,imagenet,https://www.image-net.org/,validation split,Top-1 Accuracy,%,Percentage of top 1 model predictions that are correct.,0.0,100.0,10.0,True,1000.0
shufflenet_v2,w8a16,onnx,60.4,60.2,60.2,40.32,,,,,,,,,,2026-08-30,main,qualcomm-snapdragon-8-elite-for-galaxy,imagenet,https://www.image-net.org/,validation split,Top-1 Accuracy,%,Percentage of top 1 model predictions that are correct.,0.0,100.0,10.0,True,1000.0
shufflenet_v2,w8a8,tflite,60.4,59.3,60.1,35.42,,,,,,,,,,2026-08-30,main,qualcomm-snapdragon-8-elite-for-galaxy,imagenet,https://www.image-net.org/,validation split,Top-1 Accuracy,%,Percentage of top 1 model predictions that are correct.,0.0,100.0,10.0,True,1000.0
shufflenet_v2,w8a8,qnn_dlc,60.4,59.3,59.6,35.41,,,,,,,,,,2026-08-30,main,qualcomm-snapdragon-8-elite-for-galaxy,imagenet,https://www.image-net.org/,validation split,Top-1 Accuracy,%,Percentage of top 1 model predictions that are correct.,0.0,100.0,10.0,True,1000.0
shufflenet_v2,w8a8,qnn_dlc_via_qnn_ep,60.4,59.3,59.4,35.41,,,,,,,,,,2026-08-30,main,qualcomm-snapdragon-8-elite-for-galaxy,imagenet,https://www.image-net.org/,validation split,Top-1 Accuracy,%,Percentage of top 1 model predictions that are correct.,0.0,100.0,10.0,True,1000.0
shufflenet_v2,w8a8,onnx,60.4,59.3,59.4,35.41,,,,,,,,,,2026-08-30,main,qualcomm-snapdragon-8-elite-for-galaxy,imagenet,https://www.image-net.org/,validation split,Top-1 Accuracy,%,Percentage of top 1 model predictions that are correct.,0.0,100.0,10.0,True,1000.0
siglip2,float,tflite,,,,56.75,60.97,,,,,,,,,2026-08-30,main,qualcomm-snapdragon-8-elite-for-galaxy,,,,,,,,,,,
siglip2,float,qnn_dlc,,,,56.68,60.97,,,,,,,,,2026-08-30,main,qualcomm-snapdragon-8-elite-for-galaxy,,,,,,,,,,,
siglip2,float,qnn_dlc_via_qnn_ep,,,,56.68,60.97,,,,,,,,,2026-08-30,main,qualcomm-snapdragon-8-elite-for-galaxy,,,,,,,,,,,
siglip2,float,onnx,,,,56.68,60.97,,,,,,,,,2026-08-30,main,qualcomm-snapdragon-8-elite-for-galaxy,,,,,,,,,,,
siglip2,w8a16,qnn_dlc,,,,50.75,45.85,,,,,,,,,2026-08-30,main,qualcomm-snapdragon-8-elite-for-galaxy,,,,,,,,,,,
siglip2,w8a16,qnn_dlc_via_qnn_ep,,,,50.89,45.85,,,,,,,,,2026-08-30,main,qualcomm-snapdragon-8-elite-for-galaxy,,,,,,,,,,,
siglip2,w8a16,onnx,,,,48.66,45.63,,,,,,,,,2026-08-30,main,qualcomm-snapdragon-8-elite-for-galaxy,,,,,,,,,,,
sixd_repnet,float,tflite,,,,57.2,58.66,59.25,54.39,,,,,,,2026-08-30,main,qualcomm-snapdragon-8-elite-for-galaxy,,,,,,,,,,,
sixd_repnet,float,qnn_dlc,,,,57.2,58.66,59.25,54.39,,,,,,,2026-08-30,main,qualcomm-snapdragon-8-elite-for-galaxy,,,,,,,,,,,
sixd_repnet,float,qnn_dlc_via_qnn_ep,,,,57.2,58.66,59.25,54.39,,,,,,,2026-08-30,main,qualcomm-snapdragon-8-elite-for-galaxy,,,,,,,,,,,
sixd_repnet,float,onnx,,,,57.2,58.66,59.25,50.02,,,,,,,2026-08-30,main,qualcomm-snapdragon-8-elite-for-galaxy,,,,,,,,,,,
statetransformer,float,tflite,,,,39.35,200.0,,,,,,,,,2026-08-30,main,qualcomm-snapdragon-8-elite-for-galaxy,,,,,,,,,,,
statetransformer,float,onnx,,,,39.38,200.0,,,,,,,,,2026-08-30,main,qualcomm-snapdragon-8-elite-for-galaxy,,,,,,,,,,,
swinv2_base,float,tflite,82.5,,82.4,63.25,,,,,,,,,,2026-08-30,main,qualcomm-snapdragon-8-elite-for-galaxy,imagenet,https://www.image-net.org/,validation split,Top-1 Accuracy,%,Percentage of top 1 model predictions that are correct.,0.0,100.0,10.0,True,1000.0
swinv2_base,float,qnn_dlc,82.5,,82.4,63.05,,,,,,,,,,2026-08-30,main,qualcomm-snapdragon-8-elite-for-galaxy,imagenet,https://www.image-net.org/,validation split,Top-1 Accuracy,%,Percentage of top 1 model predictions that are correct.,0.0,100.0,10.0,True,1000.0
swinv2_base,float,qnn_dlc_via_qnn_ep,82.5,,82.4,63.25,,,,,,,,,,2026-08-30,main,qualcomm-snapdragon-8-elite-for-galaxy,imagenet,https://www.image-net.org/,validation split,Top-1 Accuracy,%,Percentage of top 1 model predictions that are correct.,0.0,100.0,10.0,True,1000.0
swinv2_base,float,onnx,82.5,,65.1,26.4,,,,,,,,,,2026-08-30,main,qualcomm-snapdragon-8-elite-for-galaxy,imagenet,https://www.image-net.org/,validation split,Top-1 Accuracy,%,Percentage of top 1 model predictions that are correct.,0.0,100.0,10.0,True,1000.0
swinv2_base,w8a16,qnn_dlc,82.5,81.5,81.9,38.36,,,,,,,,,,2026-08-30,main,qualcomm-snapdragon-8-elite-for-galaxy,imagenet,https://www.image-net.org/,validation split,Top-1 Accuracy,%,Percentage of top 1 model predictions that are correct.,0.0,100.0,10.0,True,1000.0
swinv2_base,w8a16,qnn_dlc_via_qnn_ep,82.5,81.5,81.9,38.36,,,,,,,,,,2026-08-30,main,qualcomm-snapdragon-8-elite-for-galaxy,imagenet,https://www.image-net.org/,validation split,Top-1 Accuracy,%,Percentage of top 1 model predictions that are correct.,0.0,100.0,10.0,True,1000.0
swinv2_base,w8a16,onnx,82.5,81.5,63.6,22.55,,,,,,,,,,2026-08-30,main,qualcomm-snapdragon-8-elite-for-galaxy,imagenet,https://www.image-net.org/,validation split,Top-1 Accuracy,%,Percentage of top 1 model predictions that are correct.,0.0,100.0,10.0,True,1000.0
trocr,float,tflite,,,,266.4,89.17,80.87,81.79,78.73,80.56,72.48,76.8,71.46,77.22,2026-08-30,main,qualcomm-snapdragon-8-elite-for-galaxy,,,,,,,,,,,
trocr,float,qnn_dlc,,,,266.4,89.17,80.87,81.79,78.73,80.56,72.48,76.8,71.46,77.22,2026-08-30,main,qualcomm-snapdragon-8-elite-for-galaxy,,,,,,,,,,,
trocr,float,qnn_dlc_via_qnn_ep,,,,-9.388,89.17,80.82,27.48,26.5,29.77,23.6,27.55,25.87,29.01,2026-08-30,main,qualcomm-snapdragon-8-elite-for-galaxy,,,,,,,,,,,
trocr,float,onnx,,,,-9.388,89.17,80.82,27.48,26.5,29.77,23.6,27.55,25.87,29.01,2026-08-30,main,qualcomm-snapdragon-8-elite-for-galaxy,,,,,,,,,,,
yolor,float,tflite,47.2,,2e-05,28.08,1.35,8.032,,,,,,,,2026-08-30,main,qualcomm-snapdragon-8-elite-for-galaxy,coco,https://cocodataset.org/,val2017 split,Mean Average Precision,mAP@0.5:0.95,Mean Average Precision averaged over IOU thresholds 0.5 to 0.95 in 0.05 increments.,0.0,100.0,10.0,True,300.0
yolor,w8a16,qnn_dlc,47.2,47.0,47.1,58.05,57.94,9.579,,,,,,,,2026-08-30,main,qualcomm-snapdragon-8-elite-for-galaxy,coco,https://cocodataset.org/,val2017 split,Mean Average Precision,mAP@0.5:0.95,Mean Average Precision averaged over IOU thresholds 0.5 to 0.95 in 0.05 increments.,0.0,100.0,10.0,True,300.0
yolor,w8a16,qnn_dlc_via_qnn_ep,47.2,47.0,47.1,58.05,57.94,9.579,,,,,,,,2026-08-30,main,qualcomm-snapdragon-8-elite-for-galaxy,coco,https://cocodataset.org/,val2017 split,Mean Average Precision,mAP@0.5:0.95,Mean Average Precision averaged over IOU thresholds 0.5 to 0.95 in 0.05 increments.,0.0,100.0,10.0,True,300.0
yolor,w8a16,onnx,47.2,47.0,47.2,58.05,57.94,9.579,,,,,,,,2026-08-30,main,qualcomm-snapdragon-8-elite-for-galaxy,coco,https://cocodataset.org/,val2017 split,Mean Average Precision,mAP@0.5:0.95,Mean Average Precision averaged over IOU thresholds 0.5 to 0.95 in 0.05 increments.,0.0,100.0,10.0,True,300.0
yolov3,float,tflite,31.1,,30.5,56.11,53.77,,,,,,,,,2026-08-30,main,qualcomm-snapdragon-8-elite-for-galaxy,coco,https://cocodataset.org/,val2017 split,Mean Average Precision,mAP@0.5:0.95,Mean Average Precision averaged over IOU thresholds 0.5 to 0.95 in 0.05 increments.,0.0,100.0,10.0,True,300.0
yolov3,float,qnn_dlc,31.1,,30.5,56.11,53.77,,,,,,,,,2026-08-30,main,qualcomm-snapdragon-8-elite-for-galaxy,coco,https://cocodataset.org/,val2017 split,Mean Average Precision,mAP@0.5:0.95,Mean Average Precision averaged over IOU thresholds 0.5 to 0.95 in 0.05 increments.,0.0,100.0,10.0,True,300.0
yolov3,float,qnn_dlc_via_qnn_ep,31.1,,30.4,41.55,48.56,,,,,,,,,2026-08-30,main,qualcomm-snapdragon-8-elite-for-galaxy,coco,https://cocodataset.org/,val2017 split,Mean Average Precision,mAP@0.5:0.95,Mean Average Precision averaged over IOU thresholds 0.5 to 0.95 in 0.05 increments.,0.0,100.0,10.0,True,300.0
yolov3,float,onnx,31.1,,30.4,41.55,48.56,,,,,,,,,2026-08-30,main,qualcomm-snapdragon-8-elite-for-galaxy,coco,https://cocodataset.org/,val2017 split,Mean Average Precision,mAP@0.5:0.95,Mean Average Precision averaged over IOU thresholds 0.5 to 0.95 in 0.05 increments.,0.0,100.0,10.0,True,300.0
yolov3,w8a16,qnn_dlc,31.1,30.4,30.5,46.6,46.38,,,,,,,,,2026-08-30,main,qualcomm-snapdragon-8-elite-for-galaxy,coco,https://cocodataset.org/,val2017 split,Mean Average Precision,mAP@0.5:0.95,Mean Average Precision averaged over IOU thresholds 0.5 to 0.95 in 0.05 increments.,0.0,100.0,10.0,True,300.0
yolov3,w8a16,qnn_dlc_via_qnn_ep,31.1,30.4,30.5,46.6,46.38,,,,,,,,,2026-08-30,main,qualcomm-snapdragon-8-elite-for-galaxy,coco,https://cocodataset.org/,val2017 split,Mean Average Precision,mAP@0.5:0.95,Mean Average Precision averaged over IOU thresholds 0.5 to 0.95 in 0.05 increments.,0.0,100.0,10.0,True,300.0
yolov3,w8a16,onnx,31.1,30.4,30.5,46.6,46.38,,,,,,,,,2026-08-30,main,qualcomm-snapdragon-8-elite-for-galaxy,coco,https://cocodataset.org/,val2017 split,Mean Average Precision,mAP@0.5:0.95,Mean Average Precision averaged over IOU thresholds 0.5 to 0.95 in 0.05 increments.,0.0,100.0,10.0,True,300.0
yolov5_face,float,tflite,91.7,,91.7,65.42,67.07,73.19,,,,,,,,2026-08-30,main,qualcomm-snapdragon-8-elite-for-galaxy,wider_face,https://huggingface.co/datasets/CUHK-CSE/wider_face,validation split,Mean Average Precision,mAP@0.50,Easy-subset AP@IoU=0.5 on WIDER FACE validation split.,0.0,100.0,10.0,True,100.0
yolov5_face,float,qnn_dlc,91.7,,91.7,65.42,67.07,73.19,,,,,,,,2026-08-30,main,qualcomm-snapdragon-8-elite-for-galaxy,wider_face,https://huggingface.co/datasets/CUHK-CSE/wider_face,validation split,Mean Average Precision,mAP@0.50,Easy-subset AP@IoU=0.5 on WIDER FACE validation split.,0.0,100.0,10.0,True,100.0
yolov5_face,float,qnn_dlc_via_qnn_ep,91.7,,91.7,65.42,67.07,73.19,,,,,,,,2026-08-30,main,qualcomm-snapdragon-8-elite-for-galaxy,wider_face,https://huggingface.co/datasets/CUHK-CSE/wider_face,validation split,Mean Average Precision,mAP@0.50,Easy-subset AP@IoU=0.5 on WIDER FACE validation split.,0.0,100.0,10.0,True,100.0
yolov5_face,float,onnx,91.7,,91.7,65.42,67.08,73.19,,,,,,,,2026-08-30,main,qualcomm-snapdragon-8-elite-for-galaxy,wider_face,https://huggingface.co/datasets/CUHK-CSE/wider_face,validation split,Mean Average Precision,mAP@0.50,Easy-subset AP@IoU=0.5 on WIDER FACE validation split.,0.0,100.0,10.0,True,100.0
yolov5_face,w8a16,qnn_dlc,91.7,91.7,90.8,41.72,37.56,49.21,,,,,,,,2026-08-30,main,qualcomm-snapdragon-8-elite-for-galaxy,wider_face,https://huggingface.co/datasets/CUHK-CSE/wider_face,validation split,Mean Average Precision,mAP@0.50,Easy-subset AP@IoU=0.5 on WIDER FACE validation split.,0.0,100.0,10.0,True,100.0
yolov5_face,w8a16,qnn_dlc_via_qnn_ep,91.7,91.7,90.7,41.72,37.56,49.21,,,,,,,,2026-08-30,main,qualcomm-snapdragon-8-elite-for-galaxy,wider_face,https://huggingface.co/datasets/CUHK-CSE/wider_face,validation split,Mean Average Precision,mAP@0.50,Easy-subset AP@IoU=0.5 on WIDER FACE validation split.,0.0,100.0,10.0,True,100.0
yolov5_face,w8a16,onnx,91.7,91.7,90.7,41.72,37.56,49.21,,,,,,,,2026-08-30,main,qualcomm-snapdragon-8-elite-for-galaxy,wider_face,https://huggingface.co/datasets/CUHK-CSE/wider_face,validation split,Mean Average Precision,mAP@0.50,Easy-subset AP@IoU=0.5 on WIDER FACE validation split.,0.0,100.0,10.0,True,100.0
controlnet_canny,w8a16,qnn_context_binary,,,,46.77,47.06,54.03,55.13,46.73,44.46,45.81,47.64,48.99,47.37,2026-08-30,main,qualcomm-snapdragon-8-elite-for-galaxy,,,,,,,,,,,
controlnet_canny,w8a16,precompiled_qnn_onnx,,,,46.77,47.06,54.03,55.13,46.73,44.46,45.81,47.64,48.99,47.37,2026-08-30,main,qualcomm-snapdragon-8-elite-for-galaxy,,,,,,,,,,,
centernet_2d,float,qnn_dlc_via_qnn_ep,42.0,,41.8,63.64,46.14,53.26,,,,,,,,2026-08-30,main,qualcomm-snapdragon-8-elite-for-galaxy,coco,https://cocodataset.org/,val2017 split,Mean Average Precision,mAP@0.5:0.95,Mean Average Precision averaged over IOU thresholds 0.5 to 0.95 in 0.05 increments.,0.0,100.0,10.0,True,300.0
centernet_2d,float,qnn_context_binary,42.0,,41.8,63.64,46.14,53.26,,,,,,,,2026-08-30,main,qualcomm-snapdragon-8-elite-for-galaxy,coco,https://cocodataset.org/,val2017 split,Mean Average Precision,mAP@0.5:0.95,Mean Average Precision averaged over IOU thresholds 0.5 to 0.95 in 0.05 increments.,0.0,100.0,10.0,True,300.0
centernet_2d,float,precompiled_qnn_onnx,42.0,,41.8,63.64,46.14,53.26,,,,,,,,2026-08-30,main,qualcomm-snapdragon-8-elite-for-galaxy,coco,https://cocodataset.org/,val2017 split,Mean Average Precision,mAP@0.5:0.95,Mean Average Precision averaged over IOU thresholds 0.5 to 0.95 in 0.05 increments.,0.0,100.0,10.0,True,300.0
mask2former,float,qnn_dlc_via_qnn_ep,0.423,,0.419,28.68,22.91,35.59,,,,,,,,2026-08-30,main,qualcomm-snapdragon-8-elite-for-galaxy,coco_panoptic_segmentation,https://cocodataset.org/#home,val2017 split,Panoptic Quality,PQ,A measure of how well all objects in the image were correctly identified and segmented.,0.0,1.0,0.1,True,100.0
mask2former,float,qnn_context_binary,0.423,,0.419,28.68,22.91,35.59,,,,,,,,2026-08-30,main,qualcomm-snapdragon-8-elite-for-galaxy,coco_panoptic_segmentation,https://cocodataset.org/#home,val2017 split,Panoptic Quality,PQ,A measure of how well all objects in the image were correctly identified and segmented.,0.0,1.0,0.1,True,100.0
mask2former,float,precompiled_qnn_onnx,0.423,,0.419,28.68,22.91,35.59,,,,,,,,2026-08-30,main,qualcomm-snapdragon-8-elite-for-galaxy,coco_panoptic_segmentation,https://cocodataset.org/#home,val2017 split,Panoptic Quality,PQ,A measure of how well all objects in the image were correctly identified and segmented.,0.0,1.0,0.1,True,100.0
mediapipe_pose,float,qnn_dlc_via_qnn_ep,,,,75.29,75.94,67.48,65.41,63.39,72.41,,,,,2026-08-30,main,qualcomm-snapdragon-8-elite-for-galaxy,,,,,,,,,,,
mediapipe_pose,float,qnn_context_binary,,,,75.29,75.94,67.48,65.41,63.39,72.41,,,,,2026-08-30,main,qualcomm-snapdragon-8-elite-for-galaxy,,,,,,,,,,,
mediapipe_pose,float,precompiled_qnn_onnx,,,,75.29,75.94,67.48,65.41,63.39,72.41,,,,,2026-08-30,main,qualcomm-snapdragon-8-elite-for-galaxy,,,,,,,,,,,
mediapipe_pose,w8a8,qnn_dlc_via_qnn_ep,,,,39.69,36.9,34.81,34.75,9.03,37.71,,,,,2026-08-30,main,qualcomm-snapdragon-8-elite-for-galaxy,,,,,,,,,,,
mediapipe_pose,w8a8,qnn_context_binary,,,,39.69,36.9,34.81,34.75,12.99,37.71,,,,,2026-08-30,main,qualcomm-snapdragon-8-elite-for-galaxy,,,,,,,,,,,
mediapipe_pose,w8a8,precompiled_qnn_onnx,,,,39.69,36.9,34.81,34.75,12.99,37.71,,,,,2026-08-30,main,qualcomm-snapdragon-8-elite-for-galaxy,,,,,,,,,,,
melotts_en,mixed_with_float,qnn_dlc_via_qnn_ep,,,,100.0,100.0,91.33,85.96,87.56,100.0,,26.73,41.22,11.11,2026-08-30,main,qualcomm-snapdragon-8-elite-for-galaxy,,,,,,,,,,,
melotts_en,mixed_with_float,voice_ai,,,,100.0,100.0,91.33,85.96,87.56,100.0,,26.72,41.27,11.11,2026-08-30,main,qualcomm-snapdragon-8-elite-for-galaxy,,,,,,,,,,,
nafssr,float,qnn_dlc_via_qnn_ep,21.1,,21.1,69.58,69.39,,,,,,,,,2026-08-30,main,qualcomm-snapdragon-8-elite-for-galaxy,flickr1024,https://yingqianwang.github.io/Flickr1024/,Flickr1024 dataset for stereo image super resolution,Peak Signal-to-Noise Ratio (PSNR),dB,A measure of how similar two images are.,0.0,,10.0,True,50.0
nafssr,float,qnn_context_binary,21.1,,21.1,69.58,69.39,,,,,,,,,2026-08-30,main,qualcomm-snapdragon-8-elite-for-galaxy,flickr1024,https://yingqianwang.github.io/Flickr1024/,Flickr1024 dataset for stereo image super resolution,Peak Signal-to-Noise Ratio (PSNR),dB,A measure of how similar two images are.,0.0,,10.0,True,50.0
nafssr,float,precompiled_qnn_onnx,21.1,,21.1,69.58,69.39,,,,,,,,,2026-08-30,main,qualcomm-snapdragon-8-elite-for-galaxy,flickr1024,https://yingqianwang.github.io/Flickr1024/,Flickr1024 dataset for stereo image super resolution,Peak Signal-to-Noise Ratio (PSNR),dB,A measure of how similar two images are.,0.0,,10.0,True,50.0
nafssr,w8a16,qnn_dlc_via_qnn_ep,21.1,21.1,21.0,46.26,42.34,,,,,,,,,2026-08-30,main,qualcomm-snapdragon-8-elite-for-galaxy,flickr1024,https://yingqianwang.github.io/Flickr1024/,Flickr1024 dataset for stereo image super resolution,Peak Signal-to-Noise Ratio (PSNR),dB,A measure of how similar two images are.,0.0,,10.0,True,50.0
nafssr,w8a16,qnn_context_binary,21.1,21.1,21.0,46.26,42.33,,,,,,,,,2026-08-30,main,qualcomm-snapdragon-8-elite-for-galaxy,flickr1024,https://yingqianwang.github.io/Flickr1024/,Flickr1024 dataset for stereo image super resolution,Peak Signal-to-Noise Ratio (PSNR),dB,A measure of how similar two images are.,0.0,,10.0,True,50.0
nafssr,w8a16,precompiled_qnn_onnx,21.1,21.1,21.0,46.26,42.33,,,,,,,,,2026-08-30,main,qualcomm-snapdragon-8-elite-for-galaxy,flickr1024,https://yingqianwang.github.io/Flickr1024/,Flickr1024 dataset for stereo image super resolution,Peak Signal-to-Noise Ratio (PSNR),dB,A measure of how similar two images are.,0.0,,10.0,True,50.0
opus_mt_es_en,float,qnn_dlc_via_qnn_ep,,,,14.74,15.46,14.8,15.47,15.22,14.78,13.73,14.48,12.25,15.09,2026-08-30,main,qualcomm-snapdragon-8-elite-for-galaxy,,,,,,,,,,,
opus_mt_es_en,float,voice_ai,,,,14.74,15.46,14.8,15.47,15.22,14.78,13.73,14.48,12.25,15.09,2026-08-30,main,qualcomm-snapdragon-8-elite-for-galaxy,,,,,,,,,,,
whisper_small,float,qnn_dlc_via_qnn_ep,,,,17.6,19.8,22.51,19.72,18.47,23.06,21.6,25.91,21.92,20.54,2026-08-30,main,qualcomm-snapdragon-8-elite-for-galaxy,,,,,,,,,,,
whisper_small,float,qnn_context_binary,,,,17.6,19.8,22.51,19.72,18.48,23.07,21.59,25.91,21.92,20.53,2026-08-30,main,qualcomm-snapdragon-8-elite-for-galaxy,,,,,,,,,,,
whisper_small,float,precompiled_qnn_onnx,,,,17.6,19.8,22.51,19.72,18.48,23.07,21.59,25.91,21.92,20.53,2026-08-30,main,qualcomm-snapdragon-8-elite-for-galaxy,,,,,,,,,,,
whisper_small,float,voice_ai,,,,17.6,19.8,22.51,19.72,18.48,23.07,21.59,25.91,21.92,20.53,2026-08-30,main,qualcomm-snapdragon-8-elite-for-galaxy,,,,,,,,,,,
crestereo,float,tflite,,,,,,,,,,,,,,2026-08-30,main,qualcomm-snapdragon-8-elite-for-galaxy,,,,,,,,,,,
crestereo,float,qnn_dlc,,,,50.11,,,,,,,,,,2026-08-30,main,qualcomm-snapdragon-8-elite-for-galaxy,,,,,,,,,,,
crestereo,float,qnn_dlc_via_qnn_ep,,,,50.11,,,,,,,,,,2026-08-30,main,qualcomm-snapdragon-8-elite-for-galaxy,,,,,,,,,,,
crestereo,float,onnx,,,,50.11,,,,,,,,,,2026-08-30,main,qualcomm-snapdragon-8-elite-for-galaxy,,,,,,,,,,,
cvt,float,tflite,0.377,,0.319,19.91,,,,,,,,,,2026-08-30,main,qualcomm-snapdragon-8-elite-for-galaxy,nuscenes_bev_cvt,,,,,,,,,,50.0
cvt,float,qnn_dlc,0.377,,0.376,42.03,,,,,,,,,,2026-08-30,main,qualcomm-snapdragon-8-elite-for-galaxy,nuscenes_bev_cvt,,,,,,,,,,50.0
cvt,float,qnn_dlc_via_qnn_ep,0.377,,0.376,42.03,,,,,,,,,,2026-08-30,main,qualcomm-snapdragon-8-elite-for-galaxy,nuscenes_bev_cvt,,,,,,,,,,50.0
cvt,float,onnx,0.377,,0.319,19.91,,,,,,,,,,2026-08-30,main,qualcomm-snapdragon-8-elite-for-galaxy,nuscenes_bev_cvt,,,,,,,,,,50.0
cvt,w8a16_mixed_int16,qnn_dlc,0.377,0.375,,,,,,,,,,,,2026-08-30,main,qualcomm-snapdragon-8-elite-for-galaxy,nuscenes_bev_cvt,,,,,,,,,,
cvt,w8a16_mixed_int16,qnn_dlc_via_qnn_ep,0.377,0.375,,,,,,,,,,,,2026-08-30,main,qualcomm-snapdragon-8-elite-for-galaxy,nuscenes_bev_cvt,,,,,,,,,,
cvt,w8a16_mixed_int16,onnx,0.377,0.375,,,,,,,,,,,,2026-08-30,main,qualcomm-snapdragon-8-elite-for-galaxy,nuscenes_bev_cvt,,,,,,,,,,
ddcolor,float,tflite,38.3,,38.5,61.55,,,,,,,,,,2026-08-30,main,qualcomm-snapdragon-8-elite-for-galaxy,imagenet_colorization,https://www.image-net.org/,validation split,Colorfulness,,A measure of how varied the colors are in the image.,0.0,,10.0,True,500.0
ddcolor,float,qnn_dlc,38.3,,38.5,61.6,,,,,,,,,,2026-08-30,main,qualcomm-snapdragon-8-elite-for-galaxy,imagenet_colorization,https://www.image-net.org/,validation split,Colorfulness,,A measure of how varied the colors are in the image.,0.0,,10.0,True,500.0
ddcolor,float,qnn_dlc_via_qnn_ep,38.3,,38.5,61.6,,,,,,,,,,2026-08-30,main,qualcomm-snapdragon-8-elite-for-galaxy,imagenet_colorization,https://www.image-net.org/,validation split,Colorfulness,,A measure of how varied the colors are in the image.,0.0,,10.0,True,500.0
ddcolor,float,onnx,38.3,,38.5,61.18,,,,,,,,,,2026-08-30,main,qualcomm-snapdragon-8-elite-for-galaxy,imagenet_colorization,https://www.image-net.org/,validation split,Colorfulness,,A measure of how varied the colors are in the image.,0.0,,10.0,True,500.0
depth_anything_v2,float,tflite,97.2,,97.2,56.03,,,,,,,,,,2026-08-30,main,qualcomm-snapdragon-8-elite-for-galaxy,nyuv2,https://cs.nyu.edu/~fergus/datasets/nyu_depth_v2.html,validation split,Delta Threshold Accuracy,δ1,The percentage of pixels where the predicted depth is within 25% of the expected.,0.0,100.0,10.0,True,100.0
depth_anything_v2,float,qnn_dlc,97.2,,97.2,56.03,,,,,,,,,,2026-08-30,main,qualcomm-snapdragon-8-elite-for-galaxy,nyuv2,https://cs.nyu.edu/~fergus/datasets/nyu_depth_v2.html,validation split,Delta Threshold Accuracy,δ1,The percentage of pixels where the predicted depth is within 25% of the expected.,0.0,100.0,10.0,True,100.0
depth_anything_v2,float,qnn_dlc_via_qnn_ep,97.2,,97.2,56.03,,,,,,,,,,2026-08-30,main,qualcomm-snapdragon-8-elite-for-galaxy,nyuv2,https://cs.nyu.edu/~fergus/datasets/nyu_depth_v2.html,validation split,Delta Threshold Accuracy,δ1,The percentage of pixels where the predicted depth is within 25% of the expected.,0.0,100.0,10.0,True,100.0
depth_anything_v2,float,onnx,97.2,,97.2,56.06,,,,,,,,,,2026-08-30,main,qualcomm-snapdragon-8-elite-for-galaxy,nyuv2,https://cs.nyu.edu/~fergus/datasets/nyu_depth_v2.html,validation split,Delta Threshold Accuracy,δ1,The percentage of pixels where the predicted depth is within 25% of the expected.,0.0,100.0,10.0,True,100.0
depth_anything_v2,w8a16,qnn_dlc,97.2,97.2,97.2,46.72,,,,,,,,,,2026-08-30,main,qualcomm-snapdragon-8-elite-for-galaxy,nyuv2,https://cs.nyu.edu/~fergus/datasets/nyu_depth_v2.html,validation split,Delta Threshold Accuracy,δ1,The percentage of pixels where the predicted depth is within 25% of the expected.,0.0,100.0,10.0,True,100.0
depth_anything_v2,w8a16,qnn_dlc_via_qnn_ep,97.2,97.2,97.2,46.73,,,,,,,,,,2026-08-30,main,qualcomm-snapdragon-8-elite-for-galaxy,nyuv2,https://cs.nyu.edu/~fergus/datasets/nyu_depth_v2.html,validation split,Delta Threshold Accuracy,δ1,The percentage of pixels where the predicted depth is within 25% of the expected.,0.0,100.0,10.0,True,100.0
depth_anything_v2,w8a16,onnx,97.2,97.2,97.2,45.18,,,,,,,,,,2026-08-30,main,qualcomm-snapdragon-8-elite-for-galaxy,nyuv2,https://cs.nyu.edu/~fergus/datasets/nyu_depth_v2.html,validation split,Delta Threshold Accuracy,δ1,The percentage of pixels where the predicted depth is within 25% of the expected.,0.0,100.0,10.0,True,100.0
detr_resnet101,float,tflite,41.8,,41.9,42.31,40.22,31.93,,,,,,,,2026-08-30,main,qualcomm-snapdragon-8-elite-for-galaxy,coco91_class,https://cocodataset.org/,val2017 split,Mean Average Precision,mAP@0.5:0.95,Mean Average Precision averaged over IOU thresholds 0.5 to 0.95 in 0.05 increments.,0.0,100.0,10.0,True,300.0
detr_resnet101,float,qnn_dlc,41.8,,41.9,42.31,40.22,31.93,,,,,,,,2026-08-30,main,qualcomm-snapdragon-8-elite-for-galaxy,coco91_class,https://cocodataset.org/,val2017 split,Mean Average Precision,mAP@0.5:0.95,Mean Average Precision averaged over IOU thresholds 0.5 to 0.95 in 0.05 increments.,0.0,100.0,10.0,True,300.0
detr_resnet101,float,qnn_dlc_via_qnn_ep,41.8,,41.9,42.31,40.22,31.93,,,,,,,,2026-08-30,main,qualcomm-snapdragon-8-elite-for-galaxy,coco91_class,https://cocodataset.org/,val2017 split,Mean Average Precision,mAP@0.5:0.95,Mean Average Precision averaged over IOU thresholds 0.5 to 0.95 in 0.05 increments.,0.0,100.0,10.0,True,300.0
detr_resnet101,float,onnx,41.8,,41.9,43.52,43.44,31.11,,,,,,,,2026-08-30,main,qualcomm-snapdragon-8-elite-for-galaxy,coco91_class,https://cocodataset.org/,val2017 split,Mean Average Precision,mAP@0.5:0.95,Mean Average Precision averaged over IOU thresholds 0.5 to 0.95 in 0.05 increments.,0.0,100.0,10.0,True,300.0
detr_resnet101,w8a16_mixed_int16,qnn_dlc,41.8,41.5,,,,,,,,,,,,2026-08-30,main,qualcomm-snapdragon-8-elite-for-galaxy,coco91_class,https://cocodataset.org/,val2017 split,Mean Average Precision,mAP@0.5:0.95,Mean Average Precision averaged over IOU thresholds 0.5 to 0.95 in 0.05 increments.,0.0,100.0,10.0,True,300.0
detr_resnet101,w8a16_mixed_int16,qnn_dlc_via_qnn_ep,41.8,41.5,,,,,,,,,,,,2026-08-30,main,qualcomm-snapdragon-8-elite-for-galaxy,coco91_class,https://cocodataset.org/,val2017 split,Mean Average Precision,mAP@0.5:0.95,Mean Average Precision averaged over IOU thresholds 0.5 to 0.95 in 0.05 increments.,0.0,100.0,10.0,True,300.0
detr_resnet101,w8a16_mixed_int16,onnx,41.8,41.5,40.5,28.15,24.86,19.17,,,,,,,,2026-08-30,main,qualcomm-snapdragon-8-elite-for-galaxy,coco91_class,https://cocodataset.org/,val2017 split,Mean Average Precision,mAP@0.5:0.95,Mean Average Precision averaged over IOU thresholds 0.5 to 0.95 in 0.05 increments.,0.0,100.0,10.0,True,300.0
dla102x,float,tflite,76.3,,76.5,77.05,,,,,,,,,,2026-08-30,main,qualcomm-snapdragon-8-elite-for-galaxy,imagenet,https://www.image-net.org/,validation split,Top-1 Accuracy,%,Percentage of top 1 model predictions that are correct.,0.0,100.0,10.0,True,1000.0
dla102x,float,qnn_dlc,76.3,,76.5,77.05,,,,,,,,,,2026-08-30,main,qualcomm-snapdragon-8-elite-for-galaxy,imagenet,https://www.image-net.org/,validation split,Top-1 Accuracy,%,Percentage of top 1 model predictions that are correct.,0.0,100.0,10.0,True,1000.0
dla102x,float,qnn_dlc_via_qnn_ep,76.3,,76.5,77.05,,,,,,,,,,2026-08-30,main,qualcomm-snapdragon-8-elite-for-galaxy,imagenet,https://www.image-net.org/,validation split,Top-1 Accuracy,%,Percentage of top 1 model predictions that are correct.,0.0,100.0,10.0,True,1000.0
dla102x,float,onnx,76.3,,76.4,76.12,,,,,,,,,,2026-08-30,main,qualcomm-snapdragon-8-elite-for-galaxy,imagenet,https://www.image-net.org/,validation split,Top-1 Accuracy,%,Percentage of top 1 model predictions that are correct.,0.0,100.0,10.0,True,1000.0
dla102x,w8a8,tflite,76.3,77.3,76.8,44.33,,,,,,,,,,2026-08-30,main,qualcomm-snapdragon-8-elite-for-galaxy,imagenet,https://www.image-net.org/,validation split,Top-1 Accuracy,%,Percentage of top 1 model predictions that are correct.,0.0,100.0,10.0,True,1000.0
dla102x,w8a8,qnn_dlc,76.3,77.3,77.5,44.31,,,,,,,,,,2026-08-30,main,qualcomm-snapdragon-8-elite-for-galaxy,imagenet,https://www.image-net.org/,validation split,Top-1 Accuracy,%,Percentage of top 1 model predictions that are correct.,0.0,100.0,10.0,True,1000.0
dla102x,w8a8,qnn_dlc_via_qnn_ep,76.3,77.3,77.5,44.31,,,,,,,,,,2026-08-30,main,qualcomm-snapdragon-8-elite-for-galaxy,imagenet,https://www.image-net.org/,validation split,Top-1 Accuracy,%,Percentage of top 1 model predictions that are correct.,0.0,100.0,10.0,True,1000.0
dla102x,w8a8,onnx,76.3,77.3,77.5,44.31,,,,,,,,,,2026-08-30,main,qualcomm-snapdragon-8-elite-for-galaxy,imagenet,https://www.image-net.org/,validation split,Top-1 Accuracy,%,Percentage of top 1 model predictions that are correct.,0.0,100.0,10.0,True,1000.0
dncnn,float,tflite,27.5,,27.5,75.21,,,,,,,,,,2026-08-30,main,qualcomm-snapdragon-8-elite-for-galaxy,bsd300_denoising,https://www2.eecs.berkeley.edu/Research/Projects/CS/vision/bsds/,test split (100 grayscale images with Gaussian noise sigma=25),Peak Signal-to-Noise Ratio (PSNR),dB,A measure of how similar the denoised image is to the clean original.,0.0,,10.0,True,100.0
dncnn,float,qnn_dlc,27.5,,27.5,75.27,,,,,,,,,,2026-08-30,main,qualcomm-snapdragon-8-elite-for-galaxy,bsd300_denoising,https://www2.eecs.berkeley.edu/Research/Projects/CS/vision/bsds/,test split (100 grayscale images with Gaussian noise sigma=25),Peak Signal-to-Noise Ratio (PSNR),dB,A measure of how similar the denoised image is to the clean original.,0.0,,10.0,True,100.0
dncnn,float,qnn_dlc_via_qnn_ep,27.5,,27.5,75.27,,,,,,,,,,2026-08-30,main,qualcomm-snapdragon-8-elite-for-galaxy,bsd300_denoising,https://www2.eecs.berkeley.edu/Research/Projects/CS/vision/bsds/,test split (100 grayscale images with Gaussian noise sigma=25),Peak Signal-to-Noise Ratio (PSNR),dB,A measure of how similar the denoised image is to the clean original.,0.0,,10.0,True,100.0
dncnn,float,onnx,27.5,,27.5,75.27,,,,,,,,,,2026-08-30,main,qualcomm-snapdragon-8-elite-for-galaxy,bsd300_denoising,https://www2.eecs.berkeley.edu/Research/Projects/CS/vision/bsds/,test split (100 grayscale images with Gaussian noise sigma=25),Peak Signal-to-Noise Ratio (PSNR),dB,A measure of how similar the denoised image is to the clean original.,0.0,,10.0,True,100.0
dncnn,w8a8,tflite,27.5,27.5,27.5,49.65,,,,,,,,,,2026-08-30,main,qualcomm-snapdragon-8-elite-for-galaxy,bsd300_denoising,https://www2.eecs.berkeley.edu/Research/Projects/CS/vision/bsds/,test split (100 grayscale images with Gaussian noise sigma=25),Peak Signal-to-Noise Ratio (PSNR),dB,A measure of how similar the denoised image is to the clean original.,0.0,,10.0,True,100.0
dncnn,w8a8,qnn_dlc,27.5,27.5,27.5,49.66,,,,,,,,,,2026-08-30,main,qualcomm-snapdragon-8-elite-for-galaxy,bsd300_denoising,https://www2.eecs.berkeley.edu/Research/Projects/CS/vision/bsds/,test split (100 grayscale images with Gaussian noise sigma=25),Peak Signal-to-Noise Ratio (PSNR),dB,A measure of how similar the denoised image is to the clean original.,0.0,,10.0,True,100.0
dncnn,w8a8,qnn_dlc_via_qnn_ep,27.5,27.5,27.5,49.65,,,,,,,,,,2026-08-30,main,qualcomm-snapdragon-8-elite-for-galaxy,bsd300_denoising,https://www2.eecs.berkeley.edu/Research/Projects/CS/vision/bsds/,test split (100 grayscale images with Gaussian noise sigma=25),Peak Signal-to-Noise Ratio (PSNR),dB,A measure of how similar the denoised image is to the clean original.,0.0,,10.0,True,100.0
dncnn,w8a8,onnx,27.5,27.5,27.5,49.65,,,,,,,,,,2026-08-30,main,qualcomm-snapdragon-8-elite-for-galaxy,bsd300_denoising,https://www2.eecs.berkeley.edu/Research/Projects/CS/vision/bsds/,test split (100 grayscale images with Gaussian noise sigma=25),Peak Signal-to-Noise Ratio (PSNR),dB,A measure of how similar the denoised image is to the clean original.,0.0,,10.0,True,100.0
edgetam,float,tflite,,,,18.75,45.6,34.7,55.22,18.48,55.04,20.77,32.02,67.6,50.79,2026-08-30,main,qualcomm-snapdragon-8-elite-for-galaxy,,,,,,,,,,,
edgetam,float,qnn_dlc,,,,18.75,45.6,34.7,55.22,18.48,55.79,19.88,44.97,67.6,50.79,2026-08-30,main,qualcomm-snapdragon-8-elite-for-galaxy,,,,,,,,,,,
edgetam,float,qnn_dlc_via_qnn_ep,,,,18.75,45.6,34.7,55.22,18.48,54.97,56.5,-0.002586,67.6,50.79,2026-08-30,main,qualcomm-snapdragon-8-elite-for-galaxy,,,,,,,,,,,
edgetam,float,onnx,,,,18.76,45.63,34.72,55.22,18.48,55.04,6.611,-32.15,67.6,50.79,2026-08-30,main,qualcomm-snapdragon-8-elite-for-galaxy,,,,,,,,,,,
edgetam,w8a8,tflite,,,,13.63,19.17,19.0,3.617,13.44,19.83,13.67,2.75,11.36,-14.89,2026-08-30,main,qualcomm-snapdragon-8-elite-for-galaxy,,,,,,,,,,,
edgetam,w8a8,qnn_dlc,,,,13.44,19.17,19.0,3.617,13.39,19.62,13.42,2.75,11.6,-108.7,2026-08-30,main,qualcomm-snapdragon-8-elite-for-galaxy,,,,,,,,,,,
edgetam,w8a8,qnn_dlc_via_qnn_ep,,,,13.44,19.17,19.0,3.617,13.39,19.62,6.563,2.75,11.6,-108.7,2026-08-30,main,qualcomm-snapdragon-8-elite-for-galaxy,,,,,,,,,,,
edgetam,w8a8,onnx,,,,13.44,19.17,19.0,3.617,13.39,19.62,6.563,2.75,11.6,-108.7,2026-08-30,main,qualcomm-snapdragon-8-elite-for-galaxy,,,,,,,,,,,
efficientvit_b2_cls,float,tflite,80.1,,79.9,45.21,,,,,,,,,,2026-08-30,main,qualcomm-snapdragon-8-elite-for-galaxy,imagenet,https://www.image-net.org/,validation split,Top-1 Accuracy,%,Percentage of top 1 model predictions that are correct.,0.0,100.0,10.0,True,1000.0
efficientvit_b2_cls,float,qnn_dlc,80.1,,79.9,45.21,,,,,,,,,,2026-08-30,main,qualcomm-snapdragon-8-elite-for-galaxy,imagenet,https://www.image-net.org/,validation split,Top-1 Accuracy,%,Percentage of top 1 model predictions that are correct.,0.0,100.0,10.0,True,1000.0
efficientvit_b2_cls,float,qnn_dlc_via_qnn_ep,80.1,,79.9,45.21,,,,,,,,,,2026-08-30,main,qualcomm-snapdragon-8-elite-for-galaxy,imagenet,https://www.image-net.org/,validation split,Top-1 Accuracy,%,Percentage of top 1 model predictions that are correct.,0.0,100.0,10.0,True,1000.0
efficientvit_b2_cls,float,onnx,80.1,,79.9,45.2,,,,,,,,,,2026-08-30,main,qualcomm-snapdragon-8-elite-for-galaxy,imagenet,https://www.image-net.org/,validation split,Top-1 Accuracy,%,Percentage of top 1 model predictions that are correct.,0.0,100.0,10.0,True,1000.0
efficientvit_b2_cls,w8a16,qnn_dlc,80.1,79.6,79.6,37.91,,,,,,,,,,2026-08-30,main,qualcomm-snapdragon-8-elite-for-galaxy,imagenet,https://www.image-net.org/,validation split,Top-1 Accuracy,%,Percentage of top 1 model predictions that are correct.,0.0,100.0,10.0,True,1000.0
efficientvit_b2_cls,w8a16,qnn_dlc_via_qnn_ep,80.1,79.6,79.6,37.91,,,,,,,,,,2026-08-30,main,qualcomm-snapdragon-8-elite-for-galaxy,imagenet,https://www.image-net.org/,validation split,Top-1 Accuracy,%,Percentage of top 1 model predictions that are correct.,0.0,100.0,10.0,True,1000.0
efficientvit_b2_cls,w8a16,onnx,80.1,79.6,78.6,34.67,,,,,,,,,,2026-08-30,main,qualcomm-snapdragon-8-elite-for-galaxy,imagenet,https://www.image-net.org/,validation split,Top-1 Accuracy,%,Percentage of top 1 model predictions that are correct.,0.0,100.0,10.0,True,1000.0
fastsam_s,float,tflite,59.2,,58.7,56.66,48.38,62.72,56.53,,,,,,,2026-08-30,main,qualcomm-snapdragon-8-elite-for-galaxy,coco,https://cocodataset.org/,val2017 split,Average Recall,AR@1000,"Class-agnostic average recall over IoU thresholds 0.5 to 0.95 in 0.05 increments, with up to 1000 detections per image.",0.0,100.0,10.0,True,300.0
fastsam_s,float,qnn_dlc,59.2,,58.7,56.66,48.38,62.72,56.53,,,,,,,2026-08-30,main,qualcomm-snapdragon-8-elite-for-galaxy,coco,https://cocodataset.org/,val2017 split,Average Recall,AR@1000,"Class-agnostic average recall over IoU thresholds 0.5 to 0.95 in 0.05 increments, with up to 1000 detections per image.",0.0,100.0,10.0,True,300.0
fastsam_s,float,qnn_dlc_via_qnn_ep,59.2,,59.0,56.66,48.91,62.72,56.53,,,,,,,2026-08-30,main,qualcomm-snapdragon-8-elite-for-galaxy,coco,https://cocodataset.org/,val2017 split,Average Recall,AR@1000,"Class-agnostic average recall over IoU thresholds 0.5 to 0.95 in 0.05 increments, with up to 1000 detections per image.",0.0,100.0,10.0,True,300.0
fastsam_s,float,onnx,59.2,,59.0,56.67,48.91,62.73,56.53,,,,,,,2026-08-30,main,qualcomm-snapdragon-8-elite-for-galaxy,coco,https://cocodataset.org/,val2017 split,Average Recall,AR@1000,"Class-agnostic average recall over IoU thresholds 0.5 to 0.95 in 0.05 increments, with up to 1000 detections per image.",0.0,100.0,10.0,True,300.0
fastsam_s,w8a16_mixed_int16,qnn_dlc,59.2,59.1,59.1,56.39,59.8,47.78,42.67,,,,,,,2026-08-30,main,qualcomm-snapdragon-8-elite-for-galaxy,coco,https://cocodataset.org/,val2017 split,Average Recall,AR@1000,"Class-agnostic average recall over IoU thresholds 0.5 to 0.95 in 0.05 increments, with up to 1000 detections per image.",0.0,100.0,10.0,True,300.0
fastsam_s,w8a16_mixed_int16,qnn_dlc_via_qnn_ep,59.2,59.1,59.1,56.39,59.88,47.78,42.67,,,,,,,2026-08-30,main,qualcomm-snapdragon-8-elite-for-galaxy,coco,https://cocodataset.org/,val2017 split,Average Recall,AR@1000,"Class-agnostic average recall over IoU thresholds 0.5 to 0.95 in 0.05 increments, with up to 1000 detections per image.",0.0,100.0,10.0,True,300.0
fastsam_s,w8a16_mixed_int16,onnx,59.2,59.1,59.1,56.39,59.88,47.78,42.67,,,,,,,2026-08-30,main,qualcomm-snapdragon-8-elite-for-galaxy,coco,https://cocodataset.org/,val2017 split,Average Recall,AR@1000,"Class-agnostic average recall over IoU thresholds 0.5 to 0.95 in 0.05 increments, with up to 1000 detections per image.",0.0,100.0,10.0,True,300.0
fastsam_s,w8a16,qnn_dlc,59.2,58.0,58.0,43.73,37.56,43.04,38.15,,,,,,,2026-08-30,main,qualcomm-snapdragon-8-elite-for-galaxy,coco,https://cocodataset.org/,val2017 split,Average Recall,AR@1000,"Class-agnostic average recall over IoU thresholds 0.5 to 0.95 in 0.05 increments, with up to 1000 detections per image.",0.0,100.0,10.0,True,300.0
fastsam_s,w8a16,qnn_dlc_via_qnn_ep,59.2,58.0,58.0,43.73,37.56,43.04,38.15,,,,,,,2026-08-30,main,qualcomm-snapdragon-8-elite-for-galaxy,coco,https://cocodataset.org/,val2017 split,Average Recall,AR@1000,"Class-agnostic average recall over IoU thresholds 0.5 to 0.95 in 0.05 increments, with up to 1000 detections per image.",0.0,100.0,10.0,True,300.0
fastsam_s,w8a16,onnx,59.2,58.0,58.0,43.73,37.56,43.04,38.15,,,,,,,2026-08-30,main,qualcomm-snapdragon-8-elite-for-galaxy,coco,https://cocodataset.org/,val2017 split,Average Recall,AR@1000,"Class-agnostic average recall over IoU thresholds 0.5 to 0.95 in 0.05 increments, with up to 1000 detections per image.",0.0,100.0,10.0,True,300.0
ffnet_122ns_lowres,float,tflite,76.2,,76.2,66.32,,,,,,,,,,2026-08-30,main,qualcomm-snapdragon-8-elite-for-galaxy,cityscapes_low_res,https://www.cityscapes-dataset.com/,validation split,Mean Intersection Over Union,mIOU,Overlap of predicted and expected segmentation divided by the union size.,0.0,100.0,10.0,True,50.0
ffnet_122ns_lowres,float,qnn_dlc,76.2,,76.2,66.32,,,,,,,,,,2026-08-30,main,qualcomm-snapdragon-8-elite-for-galaxy,cityscapes_low_res,https://www.cityscapes-dataset.com/,validation split,Mean Intersection Over Union,mIOU,Overlap of predicted and expected segmentation divided by the union size.,0.0,100.0,10.0,True,50.0
ffnet_122ns_lowres,float,qnn_dlc_via_qnn_ep,76.2,,76.2,66.32,,,,,,,,,,2026-08-30,main,qualcomm-snapdragon-8-elite-for-galaxy,cityscapes_low_res,https://www.cityscapes-dataset.com/,validation split,Mean Intersection Over Union,mIOU,Overlap of predicted and expected segmentation divided by the union size.,0.0,100.0,10.0,True,50.0
ffnet_122ns_lowres,float,onnx,76.2,,76.2,65.83,,,,,,,,,,2026-08-30,main,qualcomm-snapdragon-8-elite-for-galaxy,cityscapes_low_res,https://www.cityscapes-dataset.com/,validation split,Mean Intersection Over Union,mIOU,Overlap of predicted and expected segmentation divided by the union size.,0.0,100.0,10.0,True,50.0
ffnet_122ns_lowres,w8a8,tflite,76.2,76.2,76.1,33.51,,,,,,,,,,2026-08-30,main,qualcomm-snapdragon-8-elite-for-galaxy,cityscapes_low_res,https://www.cityscapes-dataset.com/,validation split,Mean Intersection Over Union,mIOU,Overlap of predicted and expected segmentation divided by the union size.,0.0,100.0,10.0,True,50.0
ffnet_122ns_lowres,w8a8,qnn_dlc,76.2,76.2,76.0,33.55,,,,,,,,,,2026-08-30,main,qualcomm-snapdragon-8-elite-for-galaxy,cityscapes_low_res,https://www.cityscapes-dataset.com/,validation split,Mean Intersection Over Union,mIOU,Overlap of predicted and expected segmentation divided by the union size.,0.0,100.0,10.0,True,50.0
ffnet_122ns_lowres,w8a8,qnn_dlc_via_qnn_ep,76.2,76.2,76.2,33.56,,,,,,,,,,2026-08-30,main,qualcomm-snapdragon-8-elite-for-galaxy,cityscapes_low_res,https://www.cityscapes-dataset.com/,validation split,Mean Intersection Over Union,mIOU,Overlap of predicted and expected segmentation divided by the union size.,0.0,100.0,10.0,True,50.0
ffnet_122ns_lowres,w8a8,onnx,76.2,76.2,76.2,33.56,,,,,,,,,,2026-08-30,main,qualcomm-snapdragon-8-elite-for-galaxy,cityscapes_low_res,https://www.cityscapes-dataset.com/,validation split,Mean Intersection Over Union,mIOU,Overlap of predicted and expected segmentation divided by the union size.,0.0,100.0,10.0,True,50.0
ffnet_78s_lowres,float,tflite,77.3,,77.3,66.88,,,,,,,,,,2026-08-30,main,qualcomm-snapdragon-8-elite-for-galaxy,cityscapes_low_res,https://www.cityscapes-dataset.com/,validation split,Mean Intersection Over Union,mIOU,Overlap of predicted and expected segmentation divided by the union size.,0.0,100.0,10.0,True,50.0
ffnet_78s_lowres,float,qnn_dlc,77.3,,77.3,66.88,,,,,,,,,,2026-08-30,main,qualcomm-snapdragon-8-elite-for-galaxy,cityscapes_low_res,https://www.cityscapes-dataset.com/,validation split,Mean Intersection Over Union,mIOU,Overlap of predicted and expected segmentation divided by the union size.,0.0,100.0,10.0,True,50.0
ffnet_78s_lowres,float,qnn_dlc_via_qnn_ep,77.3,,77.3,66.88,,,,,,,,,,2026-08-30,main,qualcomm-snapdragon-8-elite-for-galaxy,cityscapes_low_res,https://www.cityscapes-dataset.com/,validation split,Mean Intersection Over Union,mIOU,Overlap of predicted and expected segmentation divided by the union size.,0.0,100.0,10.0,True,50.0
ffnet_78s_lowres,float,onnx,77.3,,77.3,66.5,,,,,,,,,,2026-08-30,main,qualcomm-snapdragon-8-elite-for-galaxy,cityscapes_low_res,https://www.cityscapes-dataset.com/,validation split,Mean Intersection Over Union,mIOU,Overlap of predicted and expected segmentation divided by the union size.,0.0,100.0,10.0,True,50.0
ffnet_78s_lowres,w8a8,tflite,77.3,77.2,77.3,34.53,,,,,,,,,,2026-08-30,main,qualcomm-snapdragon-8-elite-for-galaxy,cityscapes_low_res,https://www.cityscapes-dataset.com/,validation split,Mean Intersection Over Union,mIOU,Overlap of predicted and expected segmentation divided by the union size.,0.0,100.0,10.0,True,50.0
ffnet_78s_lowres,w8a8,qnn_dlc,77.3,77.2,77.3,34.57,,,,,,,,,,2026-08-30,main,qualcomm-snapdragon-8-elite-for-galaxy,cityscapes_low_res,https://www.cityscapes-dataset.com/,validation split,Mean Intersection Over Union,mIOU,Overlap of predicted and expected segmentation divided by the union size.,0.0,100.0,10.0,True,50.0
ffnet_78s_lowres,w8a8,qnn_dlc_via_qnn_ep,77.3,77.2,77.3,34.57,,,,,,,,,,2026-08-30,main,qualcomm-snapdragon-8-elite-for-galaxy,cityscapes_low_res,https://www.cityscapes-dataset.com/,validation split,Mean Intersection Over Union,mIOU,Overlap of predicted and expected segmentation divided by the union size.,0.0,100.0,10.0,True,50.0
ffnet_78s_lowres,w8a8,onnx,77.3,77.2,77.3,34.57,,,,,,,,,,2026-08-30,main,qualcomm-snapdragon-8-elite-for-galaxy,cityscapes_low_res,https://www.cityscapes-dataset.com/,validation split,Mean Intersection Over Union,mIOU,Overlap of predicted and expected segmentation divided by the union size.,0.0,100.0,10.0,True,50.0
foot_track_net,float,tflite,62.7,,,,,,,,,,,,,2026-08-30,main,qualcomm-snapdragon-8-elite-for-galaxy,foot_track,,,,,,,,,,
foot_track_net,float,qnn_dlc,62.7,,,,,,,,,,,,,2026-08-30,main,qualcomm-snapdragon-8-elite-for-galaxy,foot_track,,,,,,,,,,
foot_track_net,float,qnn_dlc_via_qnn_ep,62.7,,,,,,,,,,,,,2026-08-30,main,qualcomm-snapdragon-8-elite-for-galaxy,foot_track,,,,,,,,,,
foot_track_net,float,onnx,62.7,,,,,,,,,,,,,2026-08-30,main,qualcomm-snapdragon-8-elite-for-galaxy,foot_track,,,,,,,,,,
foot_track_net,w8a16,qnn_dlc,62.7,62.7,,,,,,,,,,,,2026-08-30,main,qualcomm-snapdragon-8-elite-for-galaxy,foot_track,,,,,,,,,,
foot_track_net,w8a16,qnn_dlc_via_qnn_ep,62.7,62.7,,,,,,,,,,,,2026-08-30,main,qualcomm-snapdragon-8-elite-for-galaxy,foot_track,,,,,,,,,,
foot_track_net,w8a16,onnx,62.7,62.7,,,,,,,,,,,,2026-08-30,main,qualcomm-snapdragon-8-elite-for-galaxy,foot_track,,,,,,,,,,
foot_track_net,w8a8,tflite,62.7,54.1,,,,,,,,,,,,2026-08-30,main,qualcomm-snapdragon-8-elite-for-galaxy,foot_track,,,,,,,,,,
foot_track_net,w8a8,qnn_dlc,62.7,54.1,,,,,,,,,,,,2026-08-30,main,qualcomm-snapdragon-8-elite-for-galaxy,foot_track,,,,,,,,,,
foot_track_net,w8a8,qnn_dlc_via_qnn_ep,62.7,54.1,,,,,,,,,,,,2026-08-30,main,qualcomm-snapdragon-8-elite-for-galaxy,foot_track,,,,,,,,,,
foot_track_net,w8a8,onnx,62.7,54.1,,,,,,,,,,,,2026-08-30,main,qualcomm-snapdragon-8-elite-for-galaxy,foot_track,,,,,,,,,,
funasr_conformer_en,float,tflite,16.6,,16.5,42.53,,,,,,,,,,2026-08-30,main,qualcomm-snapdragon-8-elite-for-galaxy,conformer_libri_speech,https://www.openslr.org/12,test split,Word Error Rate,WER,The percentage of words incorrectly predicted.,0.0,100.0,10.0,False,500.0
funasr_conformer_en,float,qnn_dlc,16.6,,16.5,42.53,,,,,,,,,,2026-08-30,main,qualcomm-snapdragon-8-elite-for-galaxy,conformer_libri_speech,https://www.openslr.org/12,test split,Word Error Rate,WER,The percentage of words incorrectly predicted.,0.0,100.0,10.0,False,500.0
funasr_conformer_en,float,qnn_dlc_via_qnn_ep,16.6,,16.5,42.54,,,,,,,,,,2026-08-30,main,qualcomm-snapdragon-8-elite-for-galaxy,conformer_libri_speech,https://www.openslr.org/12,test split,Word Error Rate,WER,The percentage of words incorrectly predicted.,0.0,100.0,10.0,False,500.0
funasr_conformer_en,float,onnx,16.6,,16.5,42.54,,,,,,,,,,2026-08-30,main,qualcomm-snapdragon-8-elite-for-galaxy,conformer_libri_speech,https://www.openslr.org/12,test split,Word Error Rate,WER,The percentage of words incorrectly predicted.,0.0,100.0,10.0,False,500.0
hrnet_face,float,tflite,0.0335,,0.0335,84.17,,,,,,,,,,2026-08-30,main,qualcomm-snapdragon-8-elite-for-galaxy,cofw,https://1drv.ms/u/s!AiWjZ1LamlxzdmYbSkHpPYhI8Ms,COFW train or test split,Normalized Mean Error,NME,Average keypoint error normalized by inter-ocular distance (COFW dataset).,0.0,,0.01,False,507.0
hrnet_face,float,qnn_dlc,0.0335,,0.0335,84.17,,,,,,,,,,2026-08-30,main,qualcomm-snapdragon-8-elite-for-galaxy,cofw,https://1drv.ms/u/s!AiWjZ1LamlxzdmYbSkHpPYhI8Ms,COFW train or test split,Normalized Mean Error,NME,Average keypoint error normalized by inter-ocular distance (COFW dataset).,0.0,,0.01,False,507.0
hrnet_face,float,qnn_dlc_via_qnn_ep,0.0335,,0.0335,84.17,,,,,,,,,,2026-08-30,main,qualcomm-snapdragon-8-elite-for-galaxy,cofw,https://1drv.ms/u/s!AiWjZ1LamlxzdmYbSkHpPYhI8Ms,COFW train or test split,Normalized Mean Error,NME,Average keypoint error normalized by inter-ocular distance (COFW dataset).,0.0,,0.01,False,507.0
hrnet_face,float,onnx,0.0335,,0.0335,83.84,,,,,,,,,,2026-08-30,main,qualcomm-snapdragon-8-elite-for-galaxy,cofw,https://1drv.ms/u/s!AiWjZ1LamlxzdmYbSkHpPYhI8Ms,COFW train or test split,Normalized Mean Error,NME,Average keypoint error normalized by inter-ocular distance (COFW dataset).,0.0,,0.01,False,507.0
hrnet_face,w8a8,tflite,0.0335,0.0335,0.0335,52.87,,,,,,,,,,2026-08-30,main,qualcomm-snapdragon-8-elite-for-galaxy,cofw,https://1drv.ms/u/s!AiWjZ1LamlxzdmYbSkHpPYhI8Ms,COFW train or test split,Normalized Mean Error,NME,Average keypoint error normalized by inter-ocular distance (COFW dataset).,0.0,,0.01,False,507.0
hrnet_face,w8a8,qnn_dlc,0.0335,0.0335,0.0335,52.9,,,,,,,,,,2026-08-30,main,qualcomm-snapdragon-8-elite-for-galaxy,cofw,https://1drv.ms/u/s!AiWjZ1LamlxzdmYbSkHpPYhI8Ms,COFW train or test split,Normalized Mean Error,NME,Average keypoint error normalized by inter-ocular distance (COFW dataset).,0.0,,0.01,False,507.0
hrnet_face,w8a8,qnn_dlc_via_qnn_ep,0.0335,0.0335,0.0335,52.9,,,,,,,,,,2026-08-30,main,qualcomm-snapdragon-8-elite-for-galaxy,cofw,https://1drv.ms/u/s!AiWjZ1LamlxzdmYbSkHpPYhI8Ms,COFW train or test split,Normalized Mean Error,NME,Average keypoint error normalized by inter-ocular distance (COFW dataset).,0.0,,0.01,False,507.0
hrnet_face,w8a8,onnx,0.0335,0.0335,0.0335,52.9,,,,,,,,,,2026-08-30,main,qualcomm-snapdragon-8-elite-for-galaxy,cofw,https://1drv.ms/u/s!AiWjZ1LamlxzdmYbSkHpPYhI8Ms,COFW train or test split,Normalized Mean Error,NME,Average keypoint error normalized by inter-ocular distance (COFW dataset).,0.0,,0.01,False,507.0
hrnet_pose,float,tflite,68.6,,68.5,79.07,,,,,,,,,,2026-08-30,main,qualcomm-snapdragon-8-elite-for-galaxy,coco_detector_keypoints,http://images.cocodataset.org/,val2017 split,Mean Average Precision,mAP,Mean Average Precision (across predicted classes).,0.0,100.0,10.0,True,1000.0
hrnet_pose,float,qnn_dlc,68.6,,68.5,79.07,,,,,,,,,,2026-08-30,main,qualcomm-snapdragon-8-elite-for-galaxy,coco_detector_keypoints,http://images.cocodataset.org/,val2017 split,Mean Average Precision,mAP,Mean Average Precision (across predicted classes).,0.0,100.0,10.0,True,1000.0
hrnet_pose,float,qnn_dlc_via_qnn_ep,68.6,,68.5,79.07,,,,,,,,,,2026-08-30,main,qualcomm-snapdragon-8-elite-for-galaxy,coco_detector_keypoints,http://images.cocodataset.org/,val2017 split,Mean Average Precision,mAP,Mean Average Precision (across predicted classes).,0.0,100.0,10.0,True,1000.0
hrnet_pose,float,onnx,68.6,,68.6,78.12,,,,,,,,,,2026-08-30,main,qualcomm-snapdragon-8-elite-for-galaxy,coco_detector_keypoints,http://images.cocodataset.org/,val2017 split,Mean Average Precision,mAP,Mean Average Precision (across predicted classes).,0.0,100.0,10.0,True,1000.0
hrnet_pose,w8a16,qnn_dlc,68.6,68.6,68.6,57.99,,,,,,,,,,2026-08-30,main,qualcomm-snapdragon-8-elite-for-galaxy,coco_detector_keypoints,http://images.cocodataset.org/,val2017 split,Mean Average Precision,mAP,Mean Average Precision (across predicted classes).,0.0,100.0,10.0,True,1000.0
hrnet_pose,w8a16,qnn_dlc_via_qnn_ep,68.6,68.6,68.6,57.98,,,,,,,,,,2026-08-30,main,qualcomm-snapdragon-8-elite-for-galaxy,coco_detector_keypoints,http://images.cocodataset.org/,val2017 split,Mean Average Precision,mAP,Mean Average Precision (across predicted classes).,0.0,100.0,10.0,True,1000.0
hrnet_pose,w8a16,onnx,68.6,68.6,68.6,57.98,,,,,,,,,,2026-08-30,main,qualcomm-snapdragon-8-elite-for-galaxy,coco_detector_keypoints,http://images.cocodataset.org/,val2017 split,Mean Average Precision,mAP,Mean Average Precision (across predicted classes).,0.0,100.0,10.0,True,1000.0
hrnet_pose,w8a8,tflite,68.6,68.4,68.6,47.62,,,,,,,,,,2026-08-30,main,qualcomm-snapdragon-8-elite-for-galaxy,coco_detector_keypoints,http://images.cocodataset.org/,val2017 split,Mean Average Precision,mAP,Mean Average Precision (across predicted classes).,0.0,100.0,10.0,True,1000.0
hrnet_pose,w8a8,qnn_dlc,68.6,68.4,68.7,47.84,,,,,,,,,,2026-08-30,main,qualcomm-snapdragon-8-elite-for-galaxy,coco_detector_keypoints,http://images.cocodataset.org/,val2017 split,Mean Average Precision,mAP,Mean Average Precision (across predicted classes).,0.0,100.0,10.0,True,1000.0
hrnet_pose,w8a8,qnn_dlc_via_qnn_ep,68.6,68.4,68.7,47.84,,,,,,,,,,2026-08-30,main,qualcomm-snapdragon-8-elite-for-galaxy,coco_detector_keypoints,http://images.cocodataset.org/,val2017 split,Mean Average Precision,mAP,Mean Average Precision (across predicted classes).,0.0,100.0,10.0,True,1000.0
hrnet_pose,w8a8,onnx,68.6,68.4,68.7,47.84,,,,,,,,,,2026-08-30,main,qualcomm-snapdragon-8-elite-for-galaxy,coco_detector_keypoints,http://images.cocodataset.org/,val2017 split,Mean Average Precision,mAP,Mean Average Precision (across predicted classes).,0.0,100.0,10.0,True,1000.0
hrnet_w48_ocr,float,tflite,80.0,,80.0,111.4,,,,,,,,,,2026-08-30,main,qualcomm-snapdragon-8-elite-for-galaxy,cityscapes,https://www.cityscapes-dataset.com/,validation split,Mean Intersection Over Union,mIOU,Overlap of predicted and expected segmentation divided by the union size.,0.0,100.0,10.0,True,50.0
hrnet_w48_ocr,float,qnn_dlc,80.0,,,,,,,,,,,,,2026-08-30,main,qualcomm-snapdragon-8-elite-for-galaxy,cityscapes,https://www.cityscapes-dataset.com/,validation split,Mean Intersection Over Union,mIOU,Overlap of predicted and expected segmentation divided by the union size.,0.0,100.0,10.0,True,50.0
hrnet_w48_ocr,float,qnn_dlc_via_qnn_ep,80.0,,79.9,43.62,,,,,,,,,,2026-08-30,main,qualcomm-snapdragon-8-elite-for-galaxy,cityscapes,https://www.cityscapes-dataset.com/,validation split,Mean Intersection Over Union,mIOU,Overlap of predicted and expected segmentation divided by the union size.,0.0,100.0,10.0,True,50.0
hrnet_w48_ocr,float,onnx,80.0,,79.9,43.6,,,,,,,,,,2026-08-30,main,qualcomm-snapdragon-8-elite-for-galaxy,cityscapes,https://www.cityscapes-dataset.com/,validation split,Mean Intersection Over Union,mIOU,Overlap of predicted and expected segmentation divided by the union size.,0.0,100.0,10.0,True,50.0
hrnet_w48_ocr,w8a16,qnn_dlc,80.0,80.0,80.0,45.45,,,,,,,,,,2026-08-30,main,qualcomm-snapdragon-8-elite-for-galaxy,cityscapes,https://www.cityscapes-dataset.com/,validation split,Mean Intersection Over Union,mIOU,Overlap of predicted and expected segmentation divided by the union size.,0.0,100.0,10.0,True,50.0
hrnet_w48_ocr,w8a16,qnn_dlc_via_qnn_ep,80.0,80.0,80.0,45.44,,,,,,,,,,2026-08-30,main,qualcomm-snapdragon-8-elite-for-galaxy,cityscapes,https://www.cityscapes-dataset.com/,validation split,Mean Intersection Over Union,mIOU,Overlap of predicted and expected segmentation divided by the union size.,0.0,100.0,10.0,True,50.0
hrnet_w48_ocr,w8a16,onnx,80.0,80.0,79.0,31.19,,,,,,,,,,2026-08-30,main,qualcomm-snapdragon-8-elite-for-galaxy,cityscapes,https://www.cityscapes-dataset.com/,validation split,Mean Intersection Over Union,mIOU,Overlap of predicted and expected segmentation divided by the union size.,0.0,100.0,10.0,True,50.0
levit,float,tflite,73.7,,73.9,59.4,,,,,,,,,,2026-08-30,main,qualcomm-snapdragon-8-elite-for-galaxy,imagenet,https://www.image-net.org/,validation split,Top-1 Accuracy,%,Percentage of top 1 model predictions that are correct.,0.0,100.0,10.0,True,1000.0
levit,float,qnn_dlc,73.7,,73.8,58.24,,,,,,,,,,2026-08-30,main,qualcomm-snapdragon-8-elite-for-galaxy,imagenet,https://www.image-net.org/,validation split,Top-1 Accuracy,%,Percentage of top 1 model predictions that are correct.,0.0,100.0,10.0,True,1000.0
levit,float,qnn_dlc_via_qnn_ep,73.7,,73.8,58.24,,,,,,,,,,2026-08-30,main,qualcomm-snapdragon-8-elite-for-galaxy,imagenet,https://www.image-net.org/,validation split,Top-1 Accuracy,%,Percentage of top 1 model predictions that are correct.,0.0,100.0,10.0,True,1000.0
levit,float,onnx,73.7,,73.9,58.38,,,,,,,,,,2026-08-30,main,qualcomm-snapdragon-8-elite-for-galaxy,imagenet,https://www.image-net.org/,validation split,Top-1 Accuracy,%,Percentage of top 1 model predictions that are correct.,0.0,100.0,10.0,True,1000.0
levit,w8a8_mixed_int16,qnn_dlc,73.7,73.3,0.1,15.26,,,,,,,,,,2026-08-30,main,qualcomm-snapdragon-8-elite-for-galaxy,imagenet,https://www.image-net.org/,validation split,Top-1 Accuracy,%,Percentage of top 1 model predictions that are correct.,0.0,100.0,10.0,True,1000.0
levit,w8a8_mixed_int16,qnn_dlc_via_qnn_ep,73.7,73.3,,,,,,,,,,,,2026-08-30,main,qualcomm-snapdragon-8-elite-for-galaxy,imagenet,https://www.image-net.org/,validation split,Top-1 Accuracy,%,Percentage of top 1 model predictions that are correct.,0.0,100.0,10.0,True,1000.0
levit,w8a8_mixed_int16,onnx,73.7,73.3,73.0,34.76,,,,,,,,,,2026-08-30,main,qualcomm-snapdragon-8-elite-for-galaxy,imagenet,https://www.image-net.org/,validation split,Top-1 Accuracy,%,Percentage of top 1 model predictions that are correct.,0.0,100.0,10.0,True,1000.0
levit,w8a16,qnn_dlc,73.7,73.0,73.0,37.1,,,,,,,,,,2026-08-30,main,qualcomm-snapdragon-8-elite-for-galaxy,imagenet,https://www.image-net.org/,validation split,Top-1 Accuracy,%,Percentage of top 1 model predictions that are correct.,0.0,100.0,10.0,True,1000.0
levit,w8a16,qnn_dlc_via_qnn_ep,73.7,73.0,72.9,37.1,,,,,,,,,,2026-08-30,main,qualcomm-snapdragon-8-elite-for-galaxy,imagenet,https://www.image-net.org/,validation split,Top-1 Accuracy,%,Percentage of top 1 model predictions that are correct.,0.0,100.0,10.0,True,1000.0
levit,w8a16,onnx,73.7,73.0,73.7,35.59,,,,,,,,,,2026-08-30,main,qualcomm-snapdragon-8-elite-for-galaxy,imagenet,https://www.image-net.org/,validation split,Top-1 Accuracy,%,Percentage of top 1 model predictions that are correct.,0.0,100.0,10.0,True,1000.0
mediapipe_face,w8a8,tflite,,,,27.41,23.08,24.71,15.75,48.13,50.57,,,,,2026-08-30,main,qualcomm-snapdragon-8-elite-for-galaxy,,,,,,,,,,,
mediapipe_face,w8a8,qnn_dlc,,,,28.14,22.52,26.13,16.71,48.13,48.86,,,,,2026-08-30,main,qualcomm-snapdragon-8-elite-for-galaxy,,,,,,,,,,,
mediapipe_face,w8a8,qnn_dlc_via_qnn_ep,,,,28.14,22.52,26.13,16.71,48.13,48.86,,,,,2026-08-30,main,qualcomm-snapdragon-8-elite-for-galaxy,,,,,,,,,,,
mediapipe_face,w8a8,onnx,,,,28.14,22.52,26.13,16.71,48.13,48.86,,,,,2026-08-30,main,qualcomm-snapdragon-8-elite-for-galaxy,,,,,,,,,,,
mediapipe_face,float,tflite,,,,70.97,74.3,67.25,71.94,200.0,78.56,,,,,2026-08-30,main,qualcomm-snapdragon-8-elite-for-galaxy,,,,,,,,,,,
mediapipe_face,float,qnn_dlc,,,,70.97,74.3,67.25,71.94,200.0,76.96,,,,,2026-08-30,main,qualcomm-snapdragon-8-elite-for-galaxy,,,,,,,,,,,
mediapipe_face,float,qnn_dlc_via_qnn_ep,,,,70.97,74.3,67.25,71.94,200.0,76.96,,,,,2026-08-30,main,qualcomm-snapdragon-8-elite-for-galaxy,,,,,,,,,,,
mediapipe_face,float,onnx,,,,73.22,76.42,70.04,75.58,200.0,75.37,,,,,2026-08-30,main,qualcomm-snapdragon-8-elite-for-galaxy,,,,,,,,,,,
mediapipe_selfie,float,tflite,97.1,,97.0,51.27,,,,,,,,,,2026-08-30,main,qualcomm-snapdragon-8-elite-for-galaxy,human_matting,https://datasetninja.com/aisegmentcom-human-matting,validation split,Mean Intersection Over Union,mIOU,Overlap of predicted and expected segmentation divided by the union size.,0.0,100.0,10.0,True,250.0
mediapipe_selfie,float,qnn_dlc,97.1,,97.0,51.27,,,,,,,,,,2026-08-30,main,qualcomm-snapdragon-8-elite-for-galaxy,human_matting,https://datasetninja.com/aisegmentcom-human-matting,validation split,Mean Intersection Over Union,mIOU,Overlap of predicted and expected segmentation divided by the union size.,0.0,100.0,10.0,True,250.0
mediapipe_selfie,float,qnn_dlc_via_qnn_ep,97.1,,97.0,51.27,,,,,,,,,,2026-08-30,main,qualcomm-snapdragon-8-elite-for-galaxy,human_matting,https://datasetninja.com/aisegmentcom-human-matting,validation split,Mean Intersection Over Union,mIOU,Overlap of predicted and expected segmentation divided by the union size.,0.0,100.0,10.0,True,250.0
mediapipe_selfie,float,onnx,97.1,,97.0,51.34,,,,,,,,,,2026-08-30,main,qualcomm-snapdragon-8-elite-for-galaxy,human_matting,https://datasetninja.com/aisegmentcom-human-matting,validation split,Mean Intersection Over Union,mIOU,Overlap of predicted and expected segmentation divided by the union size.,0.0,100.0,10.0,True,250.0
mediapipe_selfie,w8a16,qnn_dlc,97.1,97.0,97.0,36.83,,,,,,,,,,2026-08-30,main,qualcomm-snapdragon-8-elite-for-galaxy,human_matting,https://datasetninja.com/aisegmentcom-human-matting,validation split,Mean Intersection Over Union,mIOU,Overlap of predicted and expected segmentation divided by the union size.,0.0,100.0,10.0,True,250.0
mediapipe_selfie,w8a16,qnn_dlc_via_qnn_ep,97.1,97.0,97.0,36.83,,,,,,,,,,2026-08-30,main,qualcomm-snapdragon-8-elite-for-galaxy,human_matting,https://datasetninja.com/aisegmentcom-human-matting,validation split,Mean Intersection Over Union,mIOU,Overlap of predicted and expected segmentation divided by the union size.,0.0,100.0,10.0,True,250.0
mediapipe_selfie,w8a16,onnx,97.1,97.0,97.0,36.64,,,,,,,,,,2026-08-30,main,qualcomm-snapdragon-8-elite-for-galaxy,human_matting,https://datasetninja.com/aisegmentcom-human-matting,validation split,Mean Intersection Over Union,mIOU,Overlap of predicted and expected segmentation divided by the union size.,0.0,100.0,10.0,True,250.0
mediapipe_selfie,w8a8,tflite,97.1,95.1,95.3,24.88,,,,,,,,,,2026-08-30,main,qualcomm-snapdragon-8-elite-for-galaxy,human_matting,https://datasetninja.com/aisegmentcom-human-matting,validation split,Mean Intersection Over Union,mIOU,Overlap of predicted and expected segmentation divided by the union size.,0.0,100.0,10.0,True,250.0
mediapipe_selfie,w8a8,qnn_dlc,97.1,95.1,95.2,24.96,,,,,,,,,,2026-08-30,main,qualcomm-snapdragon-8-elite-for-galaxy,human_matting,https://datasetninja.com/aisegmentcom-human-matting,validation split,Mean Intersection Over Union,mIOU,Overlap of predicted and expected segmentation divided by the union size.,0.0,100.0,10.0,True,250.0
mediapipe_selfie,w8a8,qnn_dlc_via_qnn_ep,97.1,95.1,95.3,24.87,,,,,,,,,,2026-08-30,main,qualcomm-snapdragon-8-elite-for-galaxy,human_matting,https://datasetninja.com/aisegmentcom-human-matting,validation split,Mean Intersection Over Union,mIOU,Overlap of predicted and expected segmentation divided by the union size.,0.0,100.0,10.0,True,250.0
mediapipe_selfie,w8a8,onnx,97.1,95.1,95.3,24.87,,,,,,,,,,2026-08-30,main,qualcomm-snapdragon-8-elite-for-galaxy,human_matting,https://datasetninja.com/aisegmentcom-human-matting,validation split,Mean Intersection Over Union,mIOU,Overlap of predicted and expected segmentation divided by the union size.,0.0,100.0,10.0,True,250.0
mobile_bert_uncased_google,float,tflite,74.4,,74.4,288.9,,,,,,,,,,2026-08-30,main,qualcomm-snapdragon-8-elite-for-galaxy,wikitext_masked_google_mobilebert_uncased,https://huggingface.co/datasets/wikitext,wikitext-2-raw-v1 validation split,Top-1 Accuracy,%,Percentage of masked tokens correctly predicted (highest-probability token).,0.0,100.0,10.0,True,250.0
mobile_bert_uncased_google,float,qnn_dlc,74.4,,74.8,86.03,,,,,,,,,,2026-08-30,main,qualcomm-snapdragon-8-elite-for-galaxy,wikitext_masked_google_mobilebert_uncased,https://huggingface.co/datasets/wikitext,wikitext-2-raw-v1 validation split,Top-1 Accuracy,%,Percentage of masked tokens correctly predicted (highest-probability token).,0.0,100.0,10.0,True,250.0
mobile_bert_uncased_google,float,qnn_dlc_via_qnn_ep,74.4,,74.8,86.03,,,,,,,,,,2026-08-30,main,qualcomm-snapdragon-8-elite-for-galaxy,wikitext_masked_google_mobilebert_uncased,https://huggingface.co/datasets/wikitext,wikitext-2-raw-v1 validation split,Top-1 Accuracy,%,Percentage of masked tokens correctly predicted (highest-probability token).,0.0,100.0,10.0,True,250.0
mobile_bert_uncased_google,float,onnx,74.4,,74.8,86.03,,,,,,,,,,2026-08-30,main,qualcomm-snapdragon-8-elite-for-galaxy,wikitext_masked_google_mobilebert_uncased,https://huggingface.co/datasets/wikitext,wikitext-2-raw-v1 validation split,Top-1 Accuracy,%,Percentage of masked tokens correctly predicted (highest-probability token).,0.0,100.0,10.0,True,250.0
mobile_bert_uncased_google,w8a16,qnn_dlc,74.4,5.2,5.2,-16.09,,,,,,,,,,2026-08-30,main,qualcomm-snapdragon-8-elite-for-galaxy,wikitext_masked_google_mobilebert_uncased,https://huggingface.co/datasets/wikitext,wikitext-2-raw-v1 validation split,Top-1 Accuracy,%,Percentage of masked tokens correctly predicted (highest-probability token).,0.0,100.0,10.0,True,250.0
mobile_bert_uncased_google,w8a16,qnn_dlc_via_qnn_ep,74.4,5.2,,,,,,,,,,,,2026-08-30,main,qualcomm-snapdragon-8-elite-for-galaxy,wikitext_masked_google_mobilebert_uncased,https://huggingface.co/datasets/wikitext,wikitext-2-raw-v1 validation split,Top-1 Accuracy,%,Percentage of masked tokens correctly predicted (highest-probability token).,0.0,100.0,10.0,True,250.0
mobile_bert_uncased_google,w8a16,onnx,74.4,5.2,,,,,,,,,,,,2026-08-30,main,qualcomm-snapdragon-8-elite-for-galaxy,wikitext_masked_google_mobilebert_uncased,https://huggingface.co/datasets/wikitext,wikitext-2-raw-v1 validation split,Top-1 Accuracy,%,Percentage of masked tokens correctly predicted (highest-probability token).,0.0,100.0,10.0,True,250.0
mobilenet_v3_small,float,tflite,67.4,,67.3,58.71,,,,,,,,,,2026-08-30,main,qualcomm-snapdragon-8-elite-for-galaxy,imagenet,https://www.image-net.org/,validation split,Top-1 Accuracy,%,Percentage of top 1 model predictions that are correct.,0.0,100.0,10.0,True,1000.0
mobilenet_v3_small,float,qnn_dlc,67.4,,67.3,58.92,,,,,,,,,,2026-08-30,main,qualcomm-snapdragon-8-elite-for-galaxy,imagenet,https://www.image-net.org/,validation split,Top-1 Accuracy,%,Percentage of top 1 model predictions that are correct.,0.0,100.0,10.0,True,1000.0
mobilenet_v3_small,float,qnn_dlc_via_qnn_ep,67.4,,67.3,58.92,,,,,,,,,,2026-08-30,main,qualcomm-snapdragon-8-elite-for-galaxy,imagenet,https://www.image-net.org/,validation split,Top-1 Accuracy,%,Percentage of top 1 model predictions that are correct.,0.0,100.0,10.0,True,1000.0
mobilenet_v3_small,float,onnx,67.4,,67.3,58.84,,,,,,,,,,2026-08-30,main,qualcomm-snapdragon-8-elite-for-galaxy,imagenet,https://www.image-net.org/,validation split,Top-1 Accuracy,%,Percentage of top 1 model predictions that are correct.,0.0,100.0,10.0,True,1000.0
mobilenet_v3_small,w8a16_mixed_int16,qnn_dlc,67.4,66.9,66.1,34.82,,,,,,,,,,2026-08-30,main,qualcomm-snapdragon-8-elite-for-galaxy,imagenet,https://www.image-net.org/,validation split,Top-1 Accuracy,%,Percentage of top 1 model predictions that are correct.,0.0,100.0,10.0,True,1000.0
mobilenet_v3_small,w8a16_mixed_int16,qnn_dlc_via_qnn_ep,67.4,66.9,66.1,34.82,,,,,,,,,,2026-08-30,main,qualcomm-snapdragon-8-elite-for-galaxy,imagenet,https://www.image-net.org/,validation split,Top-1 Accuracy,%,Percentage of top 1 model predictions that are correct.,0.0,100.0,10.0,True,1000.0
mobilenet_v3_small,w8a16_mixed_int16,onnx,67.4,66.9,2.7,10.84,,,,,,,,,,2026-08-30,main,qualcomm-snapdragon-8-elite-for-galaxy,imagenet,https://www.image-net.org/,validation split,Top-1 Accuracy,%,Percentage of top 1 model predictions that are correct.,0.0,100.0,10.0,True,1000.0
mobilesam,float,tflite,,,,46.88,22.05,67.16,,,,,,,,2026-08-30,main,qualcomm-snapdragon-8-elite-for-galaxy,,,,,,,,,,,
mobilesam,float,qnn_dlc,,,,46.86,21.77,67.16,,,,,,,,2026-08-30,main,qualcomm-snapdragon-8-elite-for-galaxy,,,,,,,,,,,
mobilesam,float,qnn_dlc_via_qnn_ep,,,,46.86,22.79,67.16,,,,,,,,2026-08-30,main,qualcomm-snapdragon-8-elite-for-galaxy,,,,,,,,,,,
mobilesam,float,onnx,,,,46.86,22.04,67.16,,,,,,,,2026-08-30,main,qualcomm-snapdragon-8-elite-for-galaxy,,,,,,,,,,,
openai_clip,float,tflite,58.6,,58.7,74.14,80.19,,,,,,,,,2026-08-30,main,qualcomm-snapdragon-8-elite-for-galaxy,coco_captions,https://cocodataset.org/,val2017 split,Recall@1,%,Fraction of queries where the correct result is ranked first (text-to-image direction).,0.0,100.0,10.0,True,500.0
openai_clip,float,qnn_dlc,58.6,,58.6,74.15,80.27,,,,,,,,,2026-08-30,main,qualcomm-snapdragon-8-elite-for-galaxy,coco_captions,https://cocodataset.org/,val2017 split,Recall@1,%,Fraction of queries where the correct result is ranked first (text-to-image direction).,0.0,100.0,10.0,True,500.0
openai_clip,float,qnn_dlc_via_qnn_ep,58.6,,58.7,74.11,80.05,,,,,,,,,2026-08-30,main,qualcomm-snapdragon-8-elite-for-galaxy,coco_captions,https://cocodataset.org/,val2017 split,Recall@1,%,Fraction of queries where the correct result is ranked first (text-to-image direction).,0.0,100.0,10.0,True,500.0
openai_clip,float,onnx,58.6,,58.6,73.21,80.05,,,,,,,,,2026-08-30,main,qualcomm-snapdragon-8-elite-for-galaxy,coco_captions,https://cocodataset.org/,val2017 split,Recall@1,%,Fraction of queries where the correct result is ranked first (text-to-image direction).,0.0,100.0,10.0,True,500.0
openai_clip,w8a16,qnn_dlc,58.6,58.4,58.5,52.38,49.91,,,,,,,,,2026-08-30,main,qualcomm-snapdragon-8-elite-for-galaxy,coco_captions,https://cocodataset.org/,val2017 split,Recall@1,%,Fraction of queries where the correct result is ranked first (text-to-image direction).,0.0,100.0,10.0,True,500.0
openai_clip,w8a16,qnn_dlc_via_qnn_ep,58.6,58.4,58.6,52.35,49.88,,,,,,,,,2026-08-30,main,qualcomm-snapdragon-8-elite-for-galaxy,coco_captions,https://cocodataset.org/,val2017 split,Recall@1,%,Fraction of queries where the correct result is ranked first (text-to-image direction).,0.0,100.0,10.0,True,500.0
openai_clip,w8a16,onnx,58.6,58.4,58.8,50.48,46.85,,,,,,,,,2026-08-30,main,qualcomm-snapdragon-8-elite-for-galaxy,coco_captions,https://cocodataset.org/,val2017 split,Recall@1,%,Fraction of queries where the correct result is ranked first (text-to-image direction).,0.0,100.0,10.0,True,500.0
osnet,float,tflite,84.5,,84.2,39.19,,,,,,,,,,2026-08-30,main,qualcomm-snapdragon-8-elite-for-galaxy,market1501,https://zheng-lab-anu.github.io/Project/project_reid.html,Evaluation split using bounding_box_test/ (gallery) and query/ from Market-1501-v15.09.15 (max 1000 images by default).,Mean Average Precision,mAP,Mean Average Precision for person re-identification retrieval.,0.0,100.0,10.0,True,1000.0
osnet,float,qnn_dlc,84.5,,84.2,39.2,,,,,,,,,,2026-08-30,main,qualcomm-snapdragon-8-elite-for-galaxy,market1501,https://zheng-lab-anu.github.io/Project/project_reid.html,Evaluation split using bounding_box_test/ (gallery) and query/ from Market-1501-v15.09.15 (max 1000 images by default).,Mean Average Precision,mAP,Mean Average Precision for person re-identification retrieval.,0.0,100.0,10.0,True,1000.0
osnet,float,qnn_dlc_via_qnn_ep,84.5,,84.2,39.19,,,,,,,,,,2026-08-30,main,qualcomm-snapdragon-8-elite-for-galaxy,market1501,https://zheng-lab-anu.github.io/Project/project_reid.html,Evaluation split using bounding_box_test/ (gallery) and query/ from Market-1501-v15.09.15 (max 1000 images by default).,Mean Average Precision,mAP,Mean Average Precision for person re-identification retrieval.,0.0,100.0,10.0,True,1000.0
osnet,float,onnx,84.5,,84.1,39.32,,,,,,,,,,2026-08-30,main,qualcomm-snapdragon-8-elite-for-galaxy,market1501,https://zheng-lab-anu.github.io/Project/project_reid.html,Evaluation split using bounding_box_test/ (gallery) and query/ from Market-1501-v15.09.15 (max 1000 images by default).,Mean Average Precision,mAP,Mean Average Precision for person re-identification retrieval.,0.0,100.0,10.0,True,1000.0
osnet,w8a16,qnn_dlc,84.5,83.7,5.96,11.31,,,,,,,,,,2026-08-30,main,qualcomm-snapdragon-8-elite-for-galaxy,market1501,https://zheng-lab-anu.github.io/Project/project_reid.html,Evaluation split using bounding_box_test/ (gallery) and query/ from Market-1501-v15.09.15 (max 1000 images by default).,Mean Average Precision,mAP,Mean Average Precision for person re-identification retrieval.,0.0,100.0,10.0,True,1000.0
osnet,w8a16,qnn_dlc_via_qnn_ep,84.5,83.7,6.04,12.1,,,,,,,,,,2026-08-30,main,qualcomm-snapdragon-8-elite-for-galaxy,market1501,https://zheng-lab-anu.github.io/Project/project_reid.html,Evaluation split using bounding_box_test/ (gallery) and query/ from Market-1501-v15.09.15 (max 1000 images by default).,Mean Average Precision,mAP,Mean Average Precision for person re-identification retrieval.,0.0,100.0,10.0,True,1000.0
osnet,w8a16,onnx,84.5,83.7,6.04,12.1,,,,,,,,,,2026-08-30,main,qualcomm-snapdragon-8-elite-for-galaxy,market1501,https://zheng-lab-anu.github.io/Project/project_reid.html,Evaluation split using bounding_box_test/ (gallery) and query/ from Market-1501-v15.09.15 (max 1000 images by default).,Mean Average Precision,mAP,Mean Average Precision for person re-identification retrieval.,0.0,100.0,10.0,True,1000.0
osnet,w8a8,tflite,84.5,83.2,81.4,31.29,,,,,,,,,,2026-08-30,main,qualcomm-snapdragon-8-elite-for-galaxy,market1501,https://zheng-lab-anu.github.io/Project/project_reid.html,Evaluation split using bounding_box_test/ (gallery) and query/ from Market-1501-v15.09.15 (max 1000 images by default).,Mean Average Precision,mAP,Mean Average Precision for person re-identification retrieval.,0.0,100.0,10.0,True,1000.0
osnet,w8a8,qnn_dlc,84.5,83.2,81.3,28.55,,,,,,,,,,2026-08-30,main,qualcomm-snapdragon-8-elite-for-galaxy,market1501,https://zheng-lab-anu.github.io/Project/project_reid.html,Evaluation split using bounding_box_test/ (gallery) and query/ from Market-1501-v15.09.15 (max 1000 images by default).,Mean Average Precision,mAP,Mean Average Precision for person re-identification retrieval.,0.0,100.0,10.0,True,1000.0
osnet,w8a8,qnn_dlc_via_qnn_ep,84.5,83.2,82.9,28.6,,,,,,,,,,2026-08-30,main,qualcomm-snapdragon-8-elite-for-galaxy,market1501,https://zheng-lab-anu.github.io/Project/project_reid.html,Evaluation split using bounding_box_test/ (gallery) and query/ from Market-1501-v15.09.15 (max 1000 images by default).,Mean Average Precision,mAP,Mean Average Precision for person re-identification retrieval.,0.0,100.0,10.0,True,1000.0
osnet,w8a8,onnx,84.5,83.2,51.0,19.46,,,,,,,,,,2026-08-30,main,qualcomm-snapdragon-8-elite-for-galaxy,market1501,https://zheng-lab-anu.github.io/Project/project_reid.html,Evaluation split using bounding_box_test/ (gallery) and query/ from Market-1501-v15.09.15 (max 1000 images by default).,Mean Average Precision,mAP,Mean Average Precision for person re-identification retrieval.,0.0,100.0,10.0,True,1000.0
quicksrnetmedium,float,tflite,28.9,,28.9,63.7,,,,,,,,,,2026-08-30,main,qualcomm-snapdragon-8-elite-for-galaxy,set14,https://huggingface.co/datasets/eugenesiow/Set14,all 14 standard SR benchmark images,Peak Signal-to-Noise Ratio (PSNR),dB,A measure of how similar two images are.,0.0,,10.0,True,14.0
quicksrnetmedium,float,qnn_dlc,28.9,,28.9,63.7,,,,,,,,,,2026-08-30,main,qualcomm-snapdragon-8-elite-for-galaxy,set14,https://huggingface.co/datasets/eugenesiow/Set14,all 14 standard SR benchmark images,Peak Signal-to-Noise Ratio (PSNR),dB,A measure of how similar two images are.,0.0,,10.0,True,14.0
quicksrnetmedium,float,qnn_dlc_via_qnn_ep,28.9,,28.9,63.7,,,,,,,,,,2026-08-30,main,qualcomm-snapdragon-8-elite-for-galaxy,set14,https://huggingface.co/datasets/eugenesiow/Set14,all 14 standard SR benchmark images,Peak Signal-to-Noise Ratio (PSNR),dB,A measure of how similar two images are.,0.0,,10.0,True,14.0
quicksrnetmedium,float,onnx,28.9,,28.9,63.7,,,,,,,,,,2026-08-30,main,qualcomm-snapdragon-8-elite-for-galaxy,set14,https://huggingface.co/datasets/eugenesiow/Set14,all 14 standard SR benchmark images,Peak Signal-to-Noise Ratio (PSNR),dB,A measure of how similar two images are.,0.0,,10.0,True,14.0
quicksrnetmedium,w8a8,tflite,28.9,28.8,28.8,36.56,,,,,,,,,,2026-08-30,main,qualcomm-snapdragon-8-elite-for-galaxy,set14,https://huggingface.co/datasets/eugenesiow/Set14,all 14 standard SR benchmark images,Peak Signal-to-Noise Ratio (PSNR),dB,A measure of how similar two images are.,0.0,,10.0,True,14.0
quicksrnetmedium,w8a8,qnn_dlc,28.9,28.8,28.8,36.56,,,,,,,,,,2026-08-30,main,qualcomm-snapdragon-8-elite-for-galaxy,set14,https://huggingface.co/datasets/eugenesiow/Set14,all 14 standard SR benchmark images,Peak Signal-to-Noise Ratio (PSNR),dB,A measure of how similar two images are.,0.0,,10.0,True,14.0
quicksrnetmedium,w8a8,qnn_dlc_via_qnn_ep,28.9,28.8,28.8,36.56,,,,,,,,,,2026-08-30,main,qualcomm-snapdragon-8-elite-for-galaxy,set14,https://huggingface.co/datasets/eugenesiow/Set14,all 14 standard SR benchmark images,Peak Signal-to-Noise Ratio (PSNR),dB,A measure of how similar two images are.,0.0,,10.0,True,14.0
quicksrnetmedium,w8a8,onnx,28.9,28.8,28.8,36.56,,,,,,,,,,2026-08-30,main,qualcomm-snapdragon-8-elite-for-galaxy,set14,https://huggingface.co/datasets/eugenesiow/Set14,all 14 standard SR benchmark images,Peak Signal-to-Noise Ratio (PSNR),dB,A measure of how similar two images are.,0.0,,10.0,True,14.0
rangenet_plus_plus,float,tflite,51.1,,51.1,73.96,,,,,,,,,,2026-08-30,main,qualcomm-snapdragon-8-elite-for-galaxy,semantic_kitti,https://semantic-kitti.org/,sequence #08 of 22,Mean Intersection Over Union,mIOU,Overlap of predicted and expected segmentation divided by the union size.,0.0,100.0,10.0,True,50.0
rangenet_plus_plus,float,qnn_dlc,51.1,,51.1,73.96,,,,,,,,,,2026-08-30,main,qualcomm-snapdragon-8-elite-for-galaxy,semantic_kitti,https://semantic-kitti.org/,sequence #08 of 22,Mean Intersection Over Union,mIOU,Overlap of predicted and expected segmentation divided by the union size.,0.0,100.0,10.0,True,50.0
rangenet_plus_plus,float,qnn_dlc_via_qnn_ep,51.1,,51.1,73.96,,,,,,,,,,2026-08-30,main,qualcomm-snapdragon-8-elite-for-galaxy,semantic_kitti,https://semantic-kitti.org/,sequence #08 of 22,Mean Intersection Over Union,mIOU,Overlap of predicted and expected segmentation divided by the union size.,0.0,100.0,10.0,True,50.0
rangenet_plus_plus,float,onnx,51.1,,51.1,73.96,,,,,,,,,,2026-08-30,main,qualcomm-snapdragon-8-elite-for-galaxy,semantic_kitti,https://semantic-kitti.org/,sequence #08 of 22,Mean Intersection Over Union,mIOU,Overlap of predicted and expected segmentation divided by the union size.,0.0,100.0,10.0,True,50.0
rangenet_plus_plus,w8a16,qnn_dlc,51.1,51.3,51.3,43.74,,,,,,,,,,2026-08-30,main,qualcomm-snapdragon-8-elite-for-galaxy,semantic_kitti,https://semantic-kitti.org/,sequence #08 of 22,Mean Intersection Over Union,mIOU,Overlap of predicted and expected segmentation divided by the union size.,0.0,100.0,10.0,True,50.0
rangenet_plus_plus,w8a16,qnn_dlc_via_qnn_ep,51.1,51.3,51.3,43.74,,,,,,,,,,2026-08-30,main,qualcomm-snapdragon-8-elite-for-galaxy,semantic_kitti,https://semantic-kitti.org/,sequence #08 of 22,Mean Intersection Over Union,mIOU,Overlap of predicted and expected segmentation divided by the union size.,0.0,100.0,10.0,True,50.0
rangenet_plus_plus,w8a16,onnx,51.1,51.3,51.3,43.74,,,,,,,,,,2026-08-30,main,qualcomm-snapdragon-8-elite-for-galaxy,semantic_kitti,https://semantic-kitti.org/,sequence #08 of 22,Mean Intersection Over Union,mIOU,Overlap of predicted and expected segmentation divided by the union size.,0.0,100.0,10.0,True,50.0
resnext101,float,tflite,77.6,,77.6,81.47,,,,,,,,,,2026-08-30,main,qualcomm-snapdragon-8-elite-for-galaxy,imagenet,https://www.image-net.org/,validation split,Top-1 Accuracy,%,Percentage of top 1 model predictions that are correct.,0.0,100.0,10.0,True,1000.0
resnext101,float,qnn_dlc,77.6,,77.6,81.47,,,,,,,,,,2026-08-30,main,qualcomm-snapdragon-8-elite-for-galaxy,imagenet,https://www.image-net.org/,validation split,Top-1 Accuracy,%,Percentage of top 1 model predictions that are correct.,0.0,100.0,10.0,True,1000.0
resnext101,float,qnn_dlc_via_qnn_ep,77.6,,77.6,81.47,,,,,,,,,,2026-08-30,main,qualcomm-snapdragon-8-elite-for-galaxy,imagenet,https://www.image-net.org/,validation split,Top-1 Accuracy,%,Percentage of top 1 model predictions that are correct.,0.0,100.0,10.0,True,1000.0
resnext101,float,onnx,77.6,,77.6,80.76,,,,,,,,,,2026-08-30,main,qualcomm-snapdragon-8-elite-for-galaxy,imagenet,https://www.image-net.org/,validation split,Top-1 Accuracy,%,Percentage of top 1 model predictions that are correct.,0.0,100.0,10.0,True,1000.0
resnext101,w8a8,tflite,77.6,77.4,77.3,47.27,,,,,,,,,,2026-08-30,main,qualcomm-snapdragon-8-elite-for-galaxy,imagenet,https://www.image-net.org/,validation split,Top-1 Accuracy,%,Percentage of top 1 model predictions that are correct.,0.0,100.0,10.0,True,1000.0
resnext101,w8a8,qnn_dlc,77.6,77.4,77.4,47.3,,,,,,,,,,2026-08-30,main,qualcomm-snapdragon-8-elite-for-galaxy,imagenet,https://www.image-net.org/,validation split,Top-1 Accuracy,%,Percentage of top 1 model predictions that are correct.,0.0,100.0,10.0,True,1000.0
resnext101,w8a8,qnn_dlc_via_qnn_ep,77.6,77.4,77.4,47.3,,,,,,,,,,2026-08-30,main,qualcomm-snapdragon-8-elite-for-galaxy,imagenet,https://www.image-net.org/,validation split,Top-1 Accuracy,%,Percentage of top 1 model predictions that are correct.,0.0,100.0,10.0,True,1000.0
resnext101,w8a8,onnx,77.6,77.4,77.4,47.3,,,,,,,,,,2026-08-30,main,qualcomm-snapdragon-8-elite-for-galaxy,imagenet,https://www.image-net.org/,validation split,Top-1 Accuracy,%,Percentage of top 1 model predictions that are correct.,0.0,100.0,10.0,True,1000.0
rf_detr,float,tflite,57.2,,,,,,,,,,,,,2026-08-30,main,qualcomm-snapdragon-8-elite-for-galaxy,coco91_class,https://cocodataset.org/,val2017 split,Mean Average Precision,mAP@0.5:0.95,Mean Average Precision averaged over IOU thresholds 0.5 to 0.95 in 0.05 increments.,0.0,100.0,10.0,True,300.0
rf_detr,float,qnn_dlc,57.2,,57.4,49.84,,,,,,,,,,2026-08-30,main,qualcomm-snapdragon-8-elite-for-galaxy,coco91_class,https://cocodataset.org/,val2017 split,Mean Average Precision,mAP@0.5:0.95,Mean Average Precision averaged over IOU thresholds 0.5 to 0.95 in 0.05 increments.,0.0,100.0,10.0,True,300.0
rf_detr,float,qnn_dlc_via_qnn_ep,57.2,,,,,,,,,,,,,2026-08-30,main,qualcomm-snapdragon-8-elite-for-galaxy,coco91_class,https://cocodataset.org/,val2017 split,Mean Average Precision,mAP@0.5:0.95,Mean Average Precision averaged over IOU thresholds 0.5 to 0.95 in 0.05 increments.,0.0,100.0,10.0,True,300.0
rf_detr,float,onnx,57.2,,53.9,49.89,,,,,,,,,,2026-08-30,main,qualcomm-snapdragon-8-elite-for-galaxy,coco91_class,https://cocodataset.org/,val2017 split,Mean Average Precision,mAP@0.5:0.95,Mean Average Precision averaged over IOU thresholds 0.5 to 0.95 in 0.05 increments.,0.0,100.0,10.0,True,300.0
salsanext,float,tflite,55.5,,55.5,66.54,,,,,,,,,,2026-08-30,main,qualcomm-snapdragon-8-elite-for-galaxy,semantic_kitti,https://semantic-kitti.org/,sequence #08 of 22,Mean Intersection Over Union,mIOU,Overlap of predicted and expected segmentation divided by the union size.,0.0,100.0,10.0,True,50.0
salsanext,float,qnn_dlc,55.5,,55.5,66.55,,,,,,,,,,2026-08-30,main,qualcomm-snapdragon-8-elite-for-galaxy,semantic_kitti,https://semantic-kitti.org/,sequence #08 of 22,Mean Intersection Over Union,mIOU,Overlap of predicted and expected segmentation divided by the union size.,0.0,100.0,10.0,True,50.0
salsanext,float,qnn_dlc_via_qnn_ep,55.5,,55.5,66.55,,,,,,,,,,2026-08-30,main,qualcomm-snapdragon-8-elite-for-galaxy,semantic_kitti,https://semantic-kitti.org/,sequence #08 of 22,Mean Intersection Over Union,mIOU,Overlap of predicted and expected segmentation divided by the union size.,0.0,100.0,10.0,True,50.0
salsanext,float,onnx,55.5,,55.5,66.55,,,,,,,,,,2026-08-30,main,qualcomm-snapdragon-8-elite-for-galaxy,semantic_kitti,https://semantic-kitti.org/,sequence #08 of 22,Mean Intersection Over Union,mIOU,Overlap of predicted and expected segmentation divided by the union size.,0.0,100.0,10.0,True,50.0
salsanext,w8a16,qnn_dlc,55.5,55.7,55.7,33.09,,,,,,,,,,2026-08-30,main,qualcomm-snapdragon-8-elite-for-galaxy,semantic_kitti,https://semantic-kitti.org/,sequence #08 of 22,Mean Intersection Over Union,mIOU,Overlap of predicted and expected segmentation divided by the union size.,0.0,100.0,10.0,True,50.0
salsanext,w8a16,qnn_dlc_via_qnn_ep,55.5,55.7,55.7,33.09,,,,,,,,,,2026-08-30,main,qualcomm-snapdragon-8-elite-for-galaxy,semantic_kitti,https://semantic-kitti.org/,sequence #08 of 22,Mean Intersection Over Union,mIOU,Overlap of predicted and expected segmentation divided by the union size.,0.0,100.0,10.0,True,50.0
salsanext,w8a16,onnx,55.5,55.7,55.7,31.27,,,,,,,,,,2026-08-30,main,qualcomm-snapdragon-8-elite-for-galaxy,semantic_kitti,https://semantic-kitti.org/,sequence #08 of 22,Mean Intersection Over Union,mIOU,Overlap of predicted and expected segmentation divided by the union size.,0.0,100.0,10.0,True,50.0
sesr_m5,float,tflite,28.6,,28.6,75.56,,,,,,,,,,2026-08-30,main,qualcomm-snapdragon-8-elite-for-galaxy,set14,https://huggingface.co/datasets/eugenesiow/Set14,all 14 standard SR benchmark images,Peak Signal-to-Noise Ratio (PSNR),dB,A measure of how similar two images are.,0.0,,10.0,True,14.0
sesr_m5,float,qnn_dlc,28.6,,28.6,75.56,,,,,,,,,,2026-08-30,main,qualcomm-snapdragon-8-elite-for-galaxy,set14,https://huggingface.co/datasets/eugenesiow/Set14,all 14 standard SR benchmark images,Peak Signal-to-Noise Ratio (PSNR),dB,A measure of how similar two images are.,0.0,,10.0,True,14.0
sesr_m5,float,qnn_dlc_via_qnn_ep,28.6,,28.6,75.56,,,,,,,,,,2026-08-30,main,qualcomm-snapdragon-8-elite-for-galaxy,set14,https://huggingface.co/datasets/eugenesiow/Set14,all 14 standard SR benchmark images,Peak Signal-to-Noise Ratio (PSNR),dB,A measure of how similar two images are.,0.0,,10.0,True,14.0
sesr_m5,float,onnx,28.6,,28.6,75.56,,,,,,,,,,2026-08-30,main,qualcomm-snapdragon-8-elite-for-galaxy,set14,https://huggingface.co/datasets/eugenesiow/Set14,all 14 standard SR benchmark images,Peak Signal-to-Noise Ratio (PSNR),dB,A measure of how similar two images are.,0.0,,10.0,True,14.0
sesr_m5,w8a8,tflite,28.6,28.5,28.5,42.52,,,,,,,,,,2026-08-30,main,qualcomm-snapdragon-8-elite-for-galaxy,set14,https://huggingface.co/datasets/eugenesiow/Set14,all 14 standard SR benchmark images,Peak Signal-to-Noise Ratio (PSNR),dB,A measure of how similar two images are.,0.0,,10.0,True,14.0
sesr_m5,w8a8,qnn_dlc,28.6,28.5,28.5,42.52,,,,,,,,,,2026-08-30,main,qualcomm-snapdragon-8-elite-for-galaxy,set14,https://huggingface.co/datasets/eugenesiow/Set14,all 14 standard SR benchmark images,Peak Signal-to-Noise Ratio (PSNR),dB,A measure of how similar two images are.,0.0,,10.0,True,14.0
sesr_m5,w8a8,qnn_dlc_via_qnn_ep,28.6,28.5,28.5,42.52,,,,,,,,,,2026-08-30,main,qualcomm-snapdragon-8-elite-for-galaxy,set14,https://huggingface.co/datasets/eugenesiow/Set14,all 14 standard SR benchmark images,Peak Signal-to-Noise Ratio (PSNR),dB,A measure of how similar two images are.,0.0,,10.0,True,14.0
sesr_m5,w8a8,onnx,28.6,28.5,28.5,42.52,,,,,,,,,,2026-08-30,main,qualcomm-snapdragon-8-elite-for-galaxy,set14,https://huggingface.co/datasets/eugenesiow/Set14,all 14 standard SR benchmark images,Peak Signal-to-Noise Ratio (PSNR),dB,A measure of how similar two images are.,0.0,,10.0,True,14.0
swin_base,float,tflite,82.7,,82.1,34.41,,,,,,,,,,2026-08-30,main,qualcomm-snapdragon-8-elite-for-galaxy,imagenet,https://www.image-net.org/,validation split,Top-1 Accuracy,%,Percentage of top 1 model predictions that are correct.,0.0,100.0,10.0,True,1000.0
swin_base,float,qnn_dlc,82.7,,82.6,59.64,,,,,,,,,,2026-08-30,main,qualcomm-snapdragon-8-elite-for-galaxy,imagenet,https://www.image-net.org/,validation split,Top-1 Accuracy,%,Percentage of top 1 model predictions that are correct.,0.0,100.0,10.0,True,1000.0
swin_base,float,qnn_dlc_via_qnn_ep,82.7,,82.6,59.64,,,,,,,,,,2026-08-30,main,qualcomm-snapdragon-8-elite-for-galaxy,imagenet,https://www.image-net.org/,validation split,Top-1 Accuracy,%,Percentage of top 1 model predictions that are correct.,0.0,100.0,10.0,True,1000.0
swin_base,float,onnx,82.7,,77.9,28.15,,,,,,,,,,2026-08-30,main,qualcomm-snapdragon-8-elite-for-galaxy,imagenet,https://www.image-net.org/,validation split,Top-1 Accuracy,%,Percentage of top 1 model predictions that are correct.,0.0,100.0,10.0,True,1000.0
swin_base,w8a16,qnn_dlc,82.7,82.7,82.4,46.65,,,,,,,,,,2026-08-30,main,qualcomm-snapdragon-8-elite-for-galaxy,imagenet,https://www.image-net.org/,validation split,Top-1 Accuracy,%,Percentage of top 1 model predictions that are correct.,0.0,100.0,10.0,True,1000.0
swin_base,w8a16,qnn_dlc_via_qnn_ep,82.7,82.7,82.4,46.65,,,,,,,,,,2026-08-30,main,qualcomm-snapdragon-8-elite-for-galaxy,imagenet,https://www.image-net.org/,validation split,Top-1 Accuracy,%,Percentage of top 1 model predictions that are correct.,0.0,100.0,10.0,True,1000.0
swin_base,w8a16,onnx,82.7,82.7,77.6,25.74,,,,,,,,,,2026-08-30,main,qualcomm-snapdragon-8-elite-for-galaxy,imagenet,https://www.image-net.org/,validation split,Top-1 Accuracy,%,Percentage of top 1 model predictions that are correct.,0.0,100.0,10.0,True,1000.0
swin_small,float,tflite,82.9,,82.4,36.08,,,,,,,,,,2026-08-30,main,qualcomm-snapdragon-8-elite-for-galaxy,imagenet,https://www.image-net.org/,validation split,Top-1 Accuracy,%,Percentage of top 1 model predictions that are correct.,0.0,100.0,10.0,True,1000.0
swin_small,float,qnn_dlc,82.9,,82.7,57.1,,,,,,,,,,2026-08-30,main,qualcomm-snapdragon-8-elite-for-galaxy,imagenet,https://www.image-net.org/,validation split,Top-1 Accuracy,%,Percentage of top 1 model predictions that are correct.,0.0,100.0,10.0,True,1000.0
swin_small,float,qnn_dlc_via_qnn_ep,82.9,,82.7,57.1,,,,,,,,,,2026-08-30,main,qualcomm-snapdragon-8-elite-for-galaxy,imagenet,https://www.image-net.org/,validation split,Top-1 Accuracy,%,Percentage of top 1 model predictions that are correct.,0.0,100.0,10.0,True,1000.0
swin_small,float,onnx,82.9,,75.7,28.65,,,,,,,,,,2026-08-30,main,qualcomm-snapdragon-8-elite-for-galaxy,imagenet,https://www.image-net.org/,validation split,Top-1 Accuracy,%,Percentage of top 1 model predictions that are correct.,0.0,100.0,10.0,True,1000.0
swin_small,w8a16,qnn_dlc,82.9,83.0,83.3,50.86,,,,,,,,,,2026-08-30,main,qualcomm-snapdragon-8-elite-for-galaxy,imagenet,https://www.image-net.org/,validation split,Top-1 Accuracy,%,Percentage of top 1 model predictions that are correct.,0.0,100.0,10.0,True,1000.0
swin_small,w8a16,qnn_dlc_via_qnn_ep,82.9,83.0,83.3,50.86,,,,,,,,,,2026-08-30,main,qualcomm-snapdragon-8-elite-for-galaxy,imagenet,https://www.image-net.org/,validation split,Top-1 Accuracy,%,Percentage of top 1 model predictions that are correct.,0.0,100.0,10.0,True,1000.0
swin_small,w8a16,onnx,82.9,83.0,75.8,25.62,,,,,,,,,,2026-08-30,main,qualcomm-snapdragon-8-elite-for-galaxy,imagenet,https://www.image-net.org/,validation split,Top-1 Accuracy,%,Percentage of top 1 model predictions that are correct.,0.0,100.0,10.0,True,1000.0
video_mae,float,tflite,77.5,,77.5,73.94,,,,,,,,,,2026-08-30,main,qualcomm-snapdragon-8-elite-for-galaxy,kinetics400,https://github.com/cvdfoundation/kinetics-dataset,part 0 of the validation split,Top-1 Accuracy,%,Percentage of top 1 model predictions that are correct.,0.0,100.0,10.0,True,200.0
video_mae,float,qnn_dlc,77.5,,77.5,73.81,,,,,,,,,,2026-08-30,main,qualcomm-snapdragon-8-elite-for-galaxy,kinetics400,https://github.com/cvdfoundation/kinetics-dataset,part 0 of the validation split,Top-1 Accuracy,%,Percentage of top 1 model predictions that are correct.,0.0,100.0,10.0,True,200.0
video_mae,float,qnn_dlc_via_qnn_ep,77.5,,77.5,73.81,,,,,,,,,,2026-08-30,main,qualcomm-snapdragon-8-elite-for-galaxy,kinetics400,https://github.com/cvdfoundation/kinetics-dataset,part 0 of the validation split,Top-1 Accuracy,%,Percentage of top 1 model predictions that are correct.,0.0,100.0,10.0,True,200.0
video_mae,float,onnx,77.5,,77.5,73.82,,,,,,,,,,2026-08-30,main,qualcomm-snapdragon-8-elite-for-galaxy,kinetics400,https://github.com/cvdfoundation/kinetics-dataset,part 0 of the validation split,Top-1 Accuracy,%,Percentage of top 1 model predictions that are correct.,0.0,100.0,10.0,True,200.0
video_mae,w8a16,qnn_dlc,77.5,77.5,77.5,62.0,,,,,,,,,,2026-08-30,main,qualcomm-snapdragon-8-elite-for-galaxy,kinetics400,https://github.com/cvdfoundation/kinetics-dataset,part 0 of the validation split,Top-1 Accuracy,%,Percentage of top 1 model predictions that are correct.,0.0,100.0,10.0,True,200.0
video_mae,w8a16,qnn_dlc_via_qnn_ep,77.5,77.5,77.5,28.32,,,,,,,,,,2026-08-30,main,qualcomm-snapdragon-8-elite-for-galaxy,kinetics400,https://github.com/cvdfoundation/kinetics-dataset,part 0 of the validation split,Top-1 Accuracy,%,Percentage of top 1 model predictions that are correct.,0.0,100.0,10.0,True,200.0
video_mae,w8a16,onnx,77.5,77.5,77.5,28.36,,,,,,,,,,2026-08-30,main,qualcomm-snapdragon-8-elite-for-galaxy,kinetics400,https://github.com/cvdfoundation/kinetics-dataset,part 0 of the validation split,Top-1 Accuracy,%,Percentage of top 1 model predictions that are correct.,0.0,100.0,10.0,True,200.0
vit,float,tflite,80.6,,80.6,52.71,,,,,,,,,,2026-08-30,main,qualcomm-snapdragon-8-elite-for-galaxy,imagenet,https://www.image-net.org/,validation split,Top-1 Accuracy,%,Percentage of top 1 model predictions that are correct.,0.0,100.0,10.0,True,1000.0
vit,float,qnn_dlc,80.6,,80.6,52.71,,,,,,,,,,2026-08-30,main,qualcomm-snapdragon-8-elite-for-galaxy,imagenet,https://www.image-net.org/,validation split,Top-1 Accuracy,%,Percentage of top 1 model predictions that are correct.,0.0,100.0,10.0,True,1000.0
vit,float,qnn_dlc_via_qnn_ep,80.6,,80.6,52.71,,,,,,,,,,2026-08-30,main,qualcomm-snapdragon-8-elite-for-galaxy,imagenet,https://www.image-net.org/,validation split,Top-1 Accuracy,%,Percentage of top 1 model predictions that are correct.,0.0,100.0,10.0,True,1000.0
vit,float,onnx,80.6,,80.5,52.67,,,,,,,,,,2026-08-30,main,qualcomm-snapdragon-8-elite-for-galaxy,imagenet,https://www.image-net.org/,validation split,Top-1 Accuracy,%,Percentage of top 1 model predictions that are correct.,0.0,100.0,10.0,True,1000.0
vit,w8a8_mixed_int16,qnn_dlc,80.6,79.8,,,,,,,,,,,,2026-08-30,main,qualcomm-snapdragon-8-elite-for-galaxy,imagenet,https://www.image-net.org/,validation split,Top-1 Accuracy,%,Percentage of top 1 model predictions that are correct.,0.0,100.0,10.0,True,1000.0
vit,w8a8_mixed_int16,qnn_dlc_via_qnn_ep,80.6,79.8,,,,,,,,,,,,2026-08-30,main,qualcomm-snapdragon-8-elite-for-galaxy,imagenet,https://www.image-net.org/,validation split,Top-1 Accuracy,%,Percentage of top 1 model predictions that are correct.,0.0,100.0,10.0,True,1000.0
vit,w8a8_mixed_int16,onnx,80.6,79.8,80.3,37.11,,,,,,,,,,2026-08-30,main,qualcomm-snapdragon-8-elite-for-galaxy,imagenet,https://www.image-net.org/,validation split,Top-1 Accuracy,%,Percentage of top 1 model predictions that are correct.,0.0,100.0,10.0,True,1000.0
vit,w8a16,qnn_dlc,80.6,80.5,80.4,49.43,,,,,,,,,,2026-08-30,main,qualcomm-snapdragon-8-elite-for-galaxy,imagenet,https://www.image-net.org/,validation split,Top-1 Accuracy,%,Percentage of top 1 model predictions that are correct.,0.0,100.0,10.0,True,1000.0
vit,w8a16,qnn_dlc_via_qnn_ep,80.6,80.5,80.4,49.42,,,,,,,,,,2026-08-30,main,qualcomm-snapdragon-8-elite-for-galaxy,imagenet,https://www.image-net.org/,validation split,Top-1 Accuracy,%,Percentage of top 1 model predictions that are correct.,0.0,100.0,10.0,True,1000.0
vit,w8a16,onnx,80.6,80.5,80.6,48.26,,,,,,,,,,2026-08-30,main,qualcomm-snapdragon-8-elite-for-galaxy,imagenet,https://www.image-net.org/,validation split,Top-1 Accuracy,%,Percentage of top 1 model predictions that are correct.,0.0,100.0,10.0,True,1000.0
vit,w8a8,tflite,80.6,78.8,77.6,27.82,,,,,,,,,,2026-08-30,main,qualcomm-snapdragon-8-elite-for-galaxy,imagenet,https://www.image-net.org/,validation split,Top-1 Accuracy,%,Percentage of top 1 model predictions that are correct.,0.0,100.0,10.0,True,1000.0
vit,w8a8,qnn_dlc,80.6,78.8,77.5,27.91,,,,,,,,,,2026-08-30,main,qualcomm-snapdragon-8-elite-for-galaxy,imagenet,https://www.image-net.org/,validation split,Top-1 Accuracy,%,Percentage of top 1 model predictions that are correct.,0.0,100.0,10.0,True,1000.0
vit,w8a8,qnn_dlc_via_qnn_ep,80.6,78.8,77.5,27.91,,,,,,,,,,2026-08-30,main,qualcomm-snapdragon-8-elite-for-galaxy,imagenet,https://www.image-net.org/,validation split,Top-1 Accuracy,%,Percentage of top 1 model predictions that are correct.,0.0,100.0,10.0,True,1000.0
vit,w8a8,onnx,80.6,78.8,77.5,27.91,,,,,,,,,,2026-08-30,main,qualcomm-snapdragon-8-elite-for-galaxy,imagenet,https://www.image-net.org/,validation split,Top-1 Accuracy,%,Percentage of top 1 model predictions that are correct.,0.0,100.0,10.0,True,1000.0
wedetect,float,tflite,,,,53.32,58.47,61.77,,,,,,,,2026-08-30,main,qualcomm-snapdragon-8-elite-for-galaxy,,,,,,,,,,,
wedetect,float,qnn_dlc,,,,53.32,58.47,61.77,,,,,,,,2026-08-30,main,qualcomm-snapdragon-8-elite-for-galaxy,,,,,,,,,,,
wedetect,float,qnn_dlc_via_qnn_ep,,,,53.32,58.38,24.56,,,,,,,,2026-08-30,main,qualcomm-snapdragon-8-elite-for-galaxy,,,,,,,,,,,
wedetect,float,onnx,,,,53.32,58.38,24.56,,,,,,,,2026-08-30,main,qualcomm-snapdragon-8-elite-for-galaxy,,,,,,,,,,,
wedetect,mixed_with_float,qnn_dlc,,,,43.31,52.85,61.77,,,,,,,,2026-08-30,main,qualcomm-snapdragon-8-elite-for-galaxy,,,,,,,,,,,
wedetect,mixed_with_float,qnn_dlc_via_qnn_ep,,,,43.32,52.79,24.56,,,,,,,,2026-08-30,main,qualcomm-snapdragon-8-elite-for-galaxy,,,,,,,,,,,
wedetect,mixed_with_float,onnx,,,,28.36,12.58,24.56,,,,,,,,2026-08-30,main,qualcomm-snapdragon-8-elite-for-galaxy,,,,,,,,,,,
yamnet,float,tflite,25.8,,25.8,80.73,,,,,,,,,,2026-08-30,main,qualcomm-snapdragon-8-elite-for-galaxy,audio_set,,,,,,,,,,1000.0
yamnet,float,qnn_dlc,25.8,,25.8,80.73,,,,,,,,,,2026-08-30,main,qualcomm-snapdragon-8-elite-for-galaxy,audio_set,,,,,,,,,,1000.0
yamnet,float,qnn_dlc_via_qnn_ep,25.8,,25.8,80.73,,,,,,,,,,2026-08-30,main,qualcomm-snapdragon-8-elite-for-galaxy,audio_set,,,,,,,,,,1000.0
yamnet,float,onnx,25.8,,25.8,80.73,,,,,,,,,,2026-08-30,main,qualcomm-snapdragon-8-elite-for-galaxy,audio_set,,,,,,,,,,1000.0
yamnet,w8a16,qnn_dlc,25.8,25.5,25.8,54.7,,,,,,,,,,2026-08-30,main,qualcomm-snapdragon-8-elite-for-galaxy,audio_set,,,,,,,,,,1000.0
yamnet,w8a16,qnn_dlc_via_qnn_ep,25.8,25.5,25.8,54.7,,,,,,,,,,2026-08-30,main,qualcomm-snapdragon-8-elite-for-galaxy,audio_set,,,,,,,,,,1000.0
yamnet,w8a16,onnx,25.8,25.5,25.8,54.7,,,,,,,,,,2026-08-30,main,qualcomm-snapdragon-8-elite-for-galaxy,audio_set,,,,,,,,,,1000.0
yamnet,w8a8,tflite,25.8,23.3,23.1,10.92,,,,,,,,,,2026-08-30,main,qualcomm-snapdragon-8-elite-for-galaxy,audio_set,,,,,,,,,,1000.0
yamnet,w8a8,qnn_dlc,25.8,23.3,23.2,10.92,,,,,,,,,,2026-08-30,main,qualcomm-snapdragon-8-elite-for-galaxy,audio_set,,,,,,,,,,1000.0
yamnet,w8a8,qnn_dlc_via_qnn_ep,25.8,23.3,23.2,10.92,,,,,,,,,,2026-08-30,main,qualcomm-snapdragon-8-elite-for-galaxy,audio_set,,,,,,,,,,1000.0
yamnet,w8a8,onnx,25.8,23.3,23.2,10.92,,,,,,,,,,2026-08-30,main,qualcomm-snapdragon-8-elite-for-galaxy,audio_set,,,,,,,,,,1000.0
yolov11_det,float,tflite,46.3,,46.1,58.28,54.31,,,,,,,,,2026-08-30,main,qualcomm-snapdragon-8-elite-for-galaxy,coco,https://cocodataset.org/,val2017 split,Mean Average Precision,mAP@0.5:0.95,Mean Average Precision averaged over IOU thresholds 0.5 to 0.95 in 0.05 increments.,0.0,100.0,10.0,True,300.0
yolov11_det,float,qnn_dlc,46.3,,46.1,58.28,54.31,,,,,,,,,2026-08-30,main,qualcomm-snapdragon-8-elite-for-galaxy,coco,https://cocodataset.org/,val2017 split,Mean Average Precision,mAP@0.5:0.95,Mean Average Precision averaged over IOU thresholds 0.5 to 0.95 in 0.05 increments.,0.0,100.0,10.0,True,300.0
yolov11_det,float,qnn_dlc_via_qnn_ep,46.3,,46.2,58.28,54.64,,,,,,,,,2026-08-30,main,qualcomm-snapdragon-8-elite-for-galaxy,coco,https://cocodataset.org/,val2017 split,Mean Average Precision,mAP@0.5:0.95,Mean Average Precision averaged over IOU thresholds 0.5 to 0.95 in 0.05 increments.,0.0,100.0,10.0,True,300.0
yolov11_det,float,onnx,46.3,,46.2,58.27,54.64,,,,,,,,,2026-08-30,main,qualcomm-snapdragon-8-elite-for-galaxy,coco,https://cocodataset.org/,val2017 split,Mean Average Precision,mAP@0.5:0.95,Mean Average Precision averaged over IOU thresholds 0.5 to 0.95 in 0.05 increments.,0.0,100.0,10.0,True,300.0
yolov11_det,w8a8_mixed_int16,qnn_dlc,46.3,45.7,1.5e-05,23.91,-3.044,,,,,,,,,2026-08-30,main,qualcomm-snapdragon-8-elite-for-galaxy,coco,https://cocodataset.org/,val2017 split,Mean Average Precision,mAP@0.5:0.95,Mean Average Precision averaged over IOU thresholds 0.5 to 0.95 in 0.05 increments.,0.0,100.0,10.0,True,300.0
yolov11_det,w8a8_mixed_int16,qnn_dlc_via_qnn_ep,46.3,45.7,,,,,,,,,,,,2026-08-30,main,qualcomm-snapdragon-8-elite-for-galaxy,coco,https://cocodataset.org/,val2017 split,Mean Average Precision,mAP@0.5:0.95,Mean Average Precision averaged over IOU thresholds 0.5 to 0.95 in 0.05 increments.,0.0,100.0,10.0,True,300.0
yolov11_det,w8a8_mixed_int16,onnx,46.3,45.7,45.5,45.27,42.91,,,,,,,,,2026-08-30,main,qualcomm-snapdragon-8-elite-for-galaxy,coco,https://cocodataset.org/,val2017 split,Mean Average Precision,mAP@0.5:0.95,Mean Average Precision averaged over IOU thresholds 0.5 to 0.95 in 0.05 increments.,0.0,100.0,10.0,True,300.0
yolov11_det,w8a16,qnn_dlc,46.3,45.8,45.9,48.86,45.82,,,,,,,,,2026-08-30,main,qualcomm-snapdragon-8-elite-for-galaxy,coco,https://cocodataset.org/,val2017 split,Mean Average Precision,mAP@0.5:0.95,Mean Average Precision averaged over IOU thresholds 0.5 to 0.95 in 0.05 increments.,0.0,100.0,10.0,True,300.0
yolov11_det,w8a16,qnn_dlc_via_qnn_ep,46.3,45.8,45.8,48.86,45.82,,,,,,,,,2026-08-30,main,qualcomm-snapdragon-8-elite-for-galaxy,coco,https://cocodataset.org/,val2017 split,Mean Average Precision,mAP@0.5:0.95,Mean Average Precision averaged over IOU thresholds 0.5 to 0.95 in 0.05 increments.,0.0,100.0,10.0,True,300.0
yolov11_det,w8a16,onnx,46.3,45.8,45.8,44.9,42.05,,,,,,,,,2026-08-30,main,qualcomm-snapdragon-8-elite-for-galaxy,coco,https://cocodataset.org/,val2017 split,Mean Average Precision,mAP@0.5:0.95,Mean Average Precision averaged over IOU thresholds 0.5 to 0.95 in 0.05 increments.,0.0,100.0,10.0,True,300.0
yolov11_det,w8a8,tflite,46.3,37.5,36.9,36.87,37.1,,,,,,,,,2026-08-30,main,qualcomm-snapdragon-8-elite-for-galaxy,coco,https://cocodataset.org/,val2017 split,Mean Average Precision,mAP@0.5:0.95,Mean Average Precision averaged over IOU thresholds 0.5 to 0.95 in 0.05 increments.,0.0,100.0,10.0,True,300.0
yolov11_det,w8a8,qnn_dlc,46.3,37.5,0.0222,26.75,25.9,,,,,,,,,2026-08-30,main,qualcomm-snapdragon-8-elite-for-galaxy,coco,https://cocodataset.org/,val2017 split,Mean Average Precision,mAP@0.5:0.95,Mean Average Precision averaged over IOU thresholds 0.5 to 0.95 in 0.05 increments.,0.0,100.0,10.0,True,300.0
yolov11_det,w8a8,qnn_dlc_via_qnn_ep,46.3,37.5,37.3,36.86,37.26,,,,,,,,,2026-08-30,main,qualcomm-snapdragon-8-elite-for-galaxy,coco,https://cocodataset.org/,val2017 split,Mean Average Precision,mAP@0.5:0.95,Mean Average Precision averaged over IOU thresholds 0.5 to 0.95 in 0.05 increments.,0.0,100.0,10.0,True,300.0
yolov11_det,w8a8,onnx,46.3,37.5,0.0222,26.75,25.9,,,,,,,,,2026-08-30,main,qualcomm-snapdragon-8-elite-for-galaxy,coco,https://cocodataset.org/,val2017 split,Mean Average Precision,mAP@0.5:0.95,Mean Average Precision averaged over IOU thresholds 0.5 to 0.95 in 0.05 increments.,0.0,100.0,10.0,True,300.0
yolov7,float,tflite,39.5,,39.6,66.72,68.52,,,,,,,,,2026-08-30,main,qualcomm-snapdragon-8-elite-for-galaxy,coco,https://cocodataset.org/,val2017 split,Mean Average Precision,mAP@0.5:0.95,Mean Average Precision averaged over IOU thresholds 0.5 to 0.95 in 0.05 increments.,0.0,100.0,10.0,True,300.0
yolov7,float,qnn_dlc,39.5,,39.6,66.72,68.52,,,,,,,,,2026-08-30,main,qualcomm-snapdragon-8-elite-for-galaxy,coco,https://cocodataset.org/,val2017 split,Mean Average Precision,mAP@0.5:0.95,Mean Average Precision averaged over IOU thresholds 0.5 to 0.95 in 0.05 increments.,0.0,100.0,10.0,True,300.0
yolov7,float,qnn_dlc_via_qnn_ep,39.5,,39.6,66.72,68.52,,,,,,,,,2026-08-30,main,qualcomm-snapdragon-8-elite-for-galaxy,coco,https://cocodataset.org/,val2017 split,Mean Average Precision,mAP@0.5:0.95,Mean Average Precision averaged over IOU thresholds 0.5 to 0.95 in 0.05 increments.,0.0,100.0,10.0,True,300.0
yolov7,float,onnx,39.5,,39.6,66.72,68.52,,,,,,,,,2026-08-30,main,qualcomm-snapdragon-8-elite-for-galaxy,coco,https://cocodataset.org/,val2017 split,Mean Average Precision,mAP@0.5:0.95,Mean Average Precision averaged over IOU thresholds 0.5 to 0.95 in 0.05 increments.,0.0,100.0,10.0,True,300.0
yolov7,w8a16,qnn_dlc,39.5,39.3,39.3,58.01,57.04,,,,,,,,,2026-08-30,main,qualcomm-snapdragon-8-elite-for-galaxy,coco,https://cocodataset.org/,val2017 split,Mean Average Precision,mAP@0.5:0.95,Mean Average Precision averaged over IOU thresholds 0.5 to 0.95 in 0.05 increments.,0.0,100.0,10.0,True,300.0
yolov7,w8a16,qnn_dlc_via_qnn_ep,39.5,39.3,39.2,58.01,57.04,,,,,,,,,2026-08-30,main,qualcomm-snapdragon-8-elite-for-galaxy,coco,https://cocodataset.org/,val2017 split,Mean Average Precision,mAP@0.5:0.95,Mean Average Precision averaged over IOU thresholds 0.5 to 0.95 in 0.05 increments.,0.0,100.0,10.0,True,300.0
yolov7,w8a16,onnx,39.5,39.3,39.2,58.01,57.04,,,,,,,,,2026-08-30,main,qualcomm-snapdragon-8-elite-for-galaxy,coco,https://cocodataset.org/,val2017 split,Mean Average Precision,mAP@0.5:0.95,Mean Average Precision averaged over IOU thresholds 0.5 to 0.95 in 0.05 increments.,0.0,100.0,10.0,True,300.0
yolov7,w8a8,tflite,39.5,35.2,36.0,47.64,49.94,,,,,,,,,2026-08-30,main,qualcomm-snapdragon-8-elite-for-galaxy,coco,https://cocodataset.org/,val2017 split,Mean Average Precision,mAP@0.5:0.95,Mean Average Precision averaged over IOU thresholds 0.5 to 0.95 in 0.05 increments.,0.0,100.0,10.0,True,300.0
yolov7,w8a8,qnn_dlc,39.5,35.2,35.7,46.67,48.82,,,,,,,,,2026-08-30,main,qualcomm-snapdragon-8-elite-for-galaxy,coco,https://cocodataset.org/,val2017 split,Mean Average Precision,mAP@0.5:0.95,Mean Average Precision averaged over IOU thresholds 0.5 to 0.95 in 0.05 increments.,0.0,100.0,10.0,True,300.0
yolov7,w8a8,qnn_dlc_via_qnn_ep,39.5,35.2,35.7,46.67,48.82,,,,,,,,,2026-08-30,main,qualcomm-snapdragon-8-elite-for-galaxy,coco,https://cocodataset.org/,val2017 split,Mean Average Precision,mAP@0.5:0.95,Mean Average Precision averaged over IOU thresholds 0.5 to 0.95 in 0.05 increments.,0.0,100.0,10.0,True,300.0
yolov7,w8a8,onnx,39.5,35.2,35.7,46.67,48.82,,,,,,,,,2026-08-30,main,qualcomm-snapdragon-8-elite-for-galaxy,coco,https://cocodataset.org/,val2017 split,Mean Average Precision,mAP@0.5:0.95,Mean Average Precision averaged over IOU thresholds 0.5 to 0.95 in 0.05 increments.,0.0,100.0,10.0,True,300.0
yolov8_det,float,tflite,44.4,,44.2,59.12,55.23,,,,,,,,,2026-08-30,main,qualcomm-snapdragon-8-elite-for-galaxy,coco,https://cocodataset.org/,val2017 split,Mean Average Precision,mAP@0.5:0.95,Mean Average Precision averaged over IOU thresholds 0.5 to 0.95 in 0.05 increments.,0.0,100.0,10.0,True,300.0
yolov8_det,float,qnn_dlc,44.4,,44.2,59.12,55.23,,,,,,,,,2026-08-30,main,qualcomm-snapdragon-8-elite-for-galaxy,coco,https://cocodataset.org/,val2017 split,Mean Average Precision,mAP@0.5:0.95,Mean Average Precision averaged over IOU thresholds 0.5 to 0.95 in 0.05 increments.,0.0,100.0,10.0,True,300.0
yolov8_det,float,qnn_dlc_via_qnn_ep,44.4,,44.3,59.12,55.69,,,,,,,,,2026-08-30,main,qualcomm-snapdragon-8-elite-for-galaxy,coco,https://cocodataset.org/,val2017 split,Mean Average Precision,mAP@0.5:0.95,Mean Average Precision averaged over IOU thresholds 0.5 to 0.95 in 0.05 increments.,0.0,100.0,10.0,True,300.0
yolov8_det,float,onnx,44.4,,44.3,59.12,55.71,,,,,,,,,2026-08-30,main,qualcomm-snapdragon-8-elite-for-galaxy,coco,https://cocodataset.org/,val2017 split,Mean Average Precision,mAP@0.5:0.95,Mean Average Precision averaged over IOU thresholds 0.5 to 0.95 in 0.05 increments.,0.0,100.0,10.0,True,300.0
yolov8_det,w8a8_mixed_int16,qnn_dlc,44.4,43.7,0.0029,24.6,24.93,,,,,,,,,2026-08-30,main,qualcomm-snapdragon-8-elite-for-galaxy,coco,https://cocodataset.org/,val2017 split,Mean Average Precision,mAP@0.5:0.95,Mean Average Precision averaged over IOU thresholds 0.5 to 0.95 in 0.05 increments.,0.0,100.0,10.0,True,300.0
yolov8_det,w8a8_mixed_int16,qnn_dlc_via_qnn_ep,44.4,43.7,44.2,45.53,44.53,,,,,,,,,2026-08-30,main,qualcomm-snapdragon-8-elite-for-galaxy,coco,https://cocodataset.org/,val2017 split,Mean Average Precision,mAP@0.5:0.95,Mean Average Precision averaged over IOU thresholds 0.5 to 0.95 in 0.05 increments.,0.0,100.0,10.0,True,300.0
yolov8_det,w8a8_mixed_int16,onnx,44.4,43.7,43.9,44.83,44.2,,,,,,,,,2026-08-30,main,qualcomm-snapdragon-8-elite-for-galaxy,coco,https://cocodataset.org/,val2017 split,Mean Average Precision,mAP@0.5:0.95,Mean Average Precision averaged over IOU thresholds 0.5 to 0.95 in 0.05 increments.,0.0,100.0,10.0,True,300.0
yolov8_det,w8a16,qnn_dlc,44.4,44.4,44.0,50.6,47.7,,,,,,,,,2026-08-30,main,qualcomm-snapdragon-8-elite-for-galaxy,coco,https://cocodataset.org/,val2017 split,Mean Average Precision,mAP@0.5:0.95,Mean Average Precision averaged over IOU thresholds 0.5 to 0.95 in 0.05 increments.,0.0,100.0,10.0,True,300.0
yolov8_det,w8a16,qnn_dlc_via_qnn_ep,44.4,44.4,44.0,50.6,47.7,,,,,,,,,2026-08-30,main,qualcomm-snapdragon-8-elite-for-galaxy,coco,https://cocodataset.org/,val2017 split,Mean Average Precision,mAP@0.5:0.95,Mean Average Precision averaged over IOU thresholds 0.5 to 0.95 in 0.05 increments.,0.0,100.0,10.0,True,300.0
yolov8_det,w8a16,onnx,44.4,44.4,44.0,50.6,47.7,,,,,,,,,2026-08-30,main,qualcomm-snapdragon-8-elite-for-galaxy,coco,https://cocodataset.org/,val2017 split,Mean Average Precision,mAP@0.5:0.95,Mean Average Precision averaged over IOU thresholds 0.5 to 0.95 in 0.05 increments.,0.0,100.0,10.0,True,300.0
yolov8_det,w8a8,tflite,44.4,37.2,37.3,39.32,39.49,,,,,,,,,2026-08-30,main,qualcomm-snapdragon-8-elite-for-galaxy,coco,https://cocodataset.org/,val2017 split,Mean Average Precision,mAP@0.5:0.95,Mean Average Precision averaged over IOU thresholds 0.5 to 0.95 in 0.05 increments.,0.0,100.0,10.0,True,300.0
yolov8_det,w8a8,qnn_dlc,44.4,37.2,37.4,39.33,39.54,,,,,,,,,2026-08-30,main,qualcomm-snapdragon-8-elite-for-galaxy,coco,https://cocodataset.org/,val2017 split,Mean Average Precision,mAP@0.5:0.95,Mean Average Precision averaged over IOU thresholds 0.5 to 0.95 in 0.05 increments.,0.0,100.0,10.0,True,300.0
yolov8_det,w8a8,qnn_dlc_via_qnn_ep,44.4,37.2,37.4,39.33,39.54,,,,,,,,,2026-08-30,main,qualcomm-snapdragon-8-elite-for-galaxy,coco,https://cocodataset.org/,val2017 split,Mean Average Precision,mAP@0.5:0.95,Mean Average Precision averaged over IOU thresholds 0.5 to 0.95 in 0.05 increments.,0.0,100.0,10.0,True,300.0
yolov8_det,w8a8,onnx,44.4,37.2,37.4,39.33,39.54,,,,,,,,,2026-08-30,main,qualcomm-snapdragon-8-elite-for-galaxy,coco,https://cocodataset.org/,val2017 split,Mean Average Precision,mAP@0.5:0.95,Mean Average Precision averaged over IOU thresholds 0.5 to 0.95 in 0.05 increments.,0.0,100.0,10.0,True,300.0
yolov8_obb,float,tflite,73.8,,74.2,59.87,39.79,5.669,,,,,,,,2026-08-30,main,qualcomm-snapdragon-8-elite-for-galaxy,dota128,https://docs.ultralytics.com/datasets/obb/dota128/,training subset (128 samples),Mean Average Precision,mAP@0.5:0.95,Mean Average Precision averaged over IOU thresholds 0.5 to 0.95 in 0.05 increments.,0.0,100.0,10.0,True,128.0
yolov8_obb,float,qnn_dlc,73.8,,74.2,59.87,39.79,5.669,,,,,,,,2026-08-30,main,qualcomm-snapdragon-8-elite-for-galaxy,dota128,https://docs.ultralytics.com/datasets/obb/dota128/,training subset (128 samples),Mean Average Precision,mAP@0.5:0.95,Mean Average Precision averaged over IOU thresholds 0.5 to 0.95 in 0.05 increments.,0.0,100.0,10.0,True,128.0
yolov8_obb,float,qnn_dlc_via_qnn_ep,73.8,,74.2,59.87,40.28,5.832,,,,,,,,2026-08-30,main,qualcomm-snapdragon-8-elite-for-galaxy,dota128,https://docs.ultralytics.com/datasets/obb/dota128/,training subset (128 samples),Mean Average Precision,mAP@0.5:0.95,Mean Average Precision averaged over IOU thresholds 0.5 to 0.95 in 0.05 increments.,0.0,100.0,10.0,True,128.0
yolov8_obb,float,onnx,73.8,,74.2,59.86,39.77,5.831,,,,,,,,2026-08-30,main,qualcomm-snapdragon-8-elite-for-galaxy,dota128,https://docs.ultralytics.com/datasets/obb/dota128/,training subset (128 samples),Mean Average Precision,mAP@0.5:0.95,Mean Average Precision averaged over IOU thresholds 0.5 to 0.95 in 0.05 increments.,0.0,100.0,10.0,True,128.0
yolov8_obb,w8a16,qnn_dlc,73.8,74.5,74.4,50.32,30.36,6.004,,,,,,,,2026-08-30,main,qualcomm-snapdragon-8-elite-for-galaxy,dota128,https://docs.ultralytics.com/datasets/obb/dota128/,training subset (128 samples),Mean Average Precision,mAP@0.5:0.95,Mean Average Precision averaged over IOU thresholds 0.5 to 0.95 in 0.05 increments.,0.0,100.0,10.0,True,128.0
yolov8_obb,w8a16,qnn_dlc_via_qnn_ep,73.8,74.5,74.4,50.32,30.36,6.004,,,,,,,,2026-08-30,main,qualcomm-snapdragon-8-elite-for-galaxy,dota128,https://docs.ultralytics.com/datasets/obb/dota128/,training subset (128 samples),Mean Average Precision,mAP@0.5:0.95,Mean Average Precision averaged over IOU thresholds 0.5 to 0.95 in 0.05 increments.,0.0,100.0,10.0,True,128.0
yolov8_obb,w8a16,onnx,73.8,74.5,74.4,50.32,30.36,6.004,,,,,,,,2026-08-30,main,qualcomm-snapdragon-8-elite-for-galaxy,dota128,https://docs.ultralytics.com/datasets/obb/dota128/,training subset (128 samples),Mean Average Precision,mAP@0.5:0.95,Mean Average Precision averaged over IOU thresholds 0.5 to 0.95 in 0.05 increments.,0.0,100.0,10.0,True,128.0
yolov8_obb,w8a8,tflite,73.8,66.0,,,,,,,,,,,,2026-08-30,main,qualcomm-snapdragon-8-elite-for-galaxy,dota128,https://docs.ultralytics.com/datasets/obb/dota128/,training subset (128 samples),Mean Average Precision,mAP@0.5:0.95,Mean Average Precision averaged over IOU thresholds 0.5 to 0.95 in 0.05 increments.,0.0,100.0,10.0,True,128.0
yolov8_obb,w8a8,qnn_dlc,73.8,66.0,63.8,35.73,17.85,5.7,,,,,,,,2026-08-30,main,qualcomm-snapdragon-8-elite-for-galaxy,dota128,https://docs.ultralytics.com/datasets/obb/dota128/,training subset (128 samples),Mean Average Precision,mAP@0.5:0.95,Mean Average Precision averaged over IOU thresholds 0.5 to 0.95 in 0.05 increments.,0.0,100.0,10.0,True,128.0
yolov8_obb,w8a8,qnn_dlc_via_qnn_ep,73.8,66.0,64.0,35.73,17.84,5.7,,,,,,,,2026-08-30,main,qualcomm-snapdragon-8-elite-for-galaxy,dota128,https://docs.ultralytics.com/datasets/obb/dota128/,training subset (128 samples),Mean Average Precision,mAP@0.5:0.95,Mean Average Precision averaged over IOU thresholds 0.5 to 0.95 in 0.05 increments.,0.0,100.0,10.0,True,128.0
yolov8_obb,w8a8,onnx,73.8,66.0,64.0,35.73,17.84,5.7,,,,,,,,2026-08-30,main,qualcomm-snapdragon-8-elite-for-galaxy,dota128,https://docs.ultralytics.com/datasets/obb/dota128/,training subset (128 samples),Mean Average Precision,mAP@0.5:0.95,Mean Average Precision averaged over IOU thresholds 0.5 to 0.95 in 0.05 increments.,0.0,100.0,10.0,True,128.0
yolov8_seg,float,tflite,27.6,,27.3,59.03,56.08,53.6,51.83,,,,,,,2026-08-30,main,qualcomm-snapdragon-8-elite-for-galaxy,coco_seg,https://cocodataset.org/,val2017 split,Mean Average Precision,mAP@0.5:0.95,Mean Average Precision averaged over IOU thresholds 0.5 to 0.95 in 0.05 increments.,0.0,100.0,10.0,True,100.0
yolov8_seg,float,qnn_dlc,27.6,,27.3,59.03,56.08,53.6,51.83,,,,,,,2026-08-30,main,qualcomm-snapdragon-8-elite-for-galaxy,coco_seg,https://cocodataset.org/,val2017 split,Mean Average Precision,mAP@0.5:0.95,Mean Average Precision averaged over IOU thresholds 0.5 to 0.95 in 0.05 increments.,0.0,100.0,10.0,True,100.0
yolov8_seg,float,qnn_dlc_via_qnn_ep,27.6,,27.7,59.03,56.83,53.6,51.83,,,,,,,2026-08-30,main,qualcomm-snapdragon-8-elite-for-galaxy,coco_seg,https://cocodataset.org/,val2017 split,Mean Average Precision,mAP@0.5:0.95,Mean Average Precision averaged over IOU thresholds 0.5 to 0.95 in 0.05 increments.,0.0,100.0,10.0,True,100.0
yolov8_seg,float,onnx,27.6,,27.7,59.03,56.85,53.6,51.83,,,,,,,2026-08-30,main,qualcomm-snapdragon-8-elite-for-galaxy,coco_seg,https://cocodataset.org/,val2017 split,Mean Average Precision,mAP@0.5:0.95,Mean Average Precision averaged over IOU thresholds 0.5 to 0.95 in 0.05 increments.,0.0,100.0,10.0,True,100.0
yolov8_seg,w8a16,qnn_dlc,27.6,27.8,27.8,49.8,47.89,44.28,43.61,,,,,,,2026-08-30,main,qualcomm-snapdragon-8-elite-for-galaxy,coco_seg,https://cocodataset.org/,val2017 split,Mean Average Precision,mAP@0.5:0.95,Mean Average Precision averaged over IOU thresholds 0.5 to 0.95 in 0.05 increments.,0.0,100.0,10.0,True,100.0
yolov8_seg,w8a16,qnn_dlc_via_qnn_ep,27.6,27.8,27.8,49.8,47.89,44.28,43.61,,,,,,,2026-08-30,main,qualcomm-snapdragon-8-elite-for-galaxy,coco_seg,https://cocodataset.org/,val2017 split,Mean Average Precision,mAP@0.5:0.95,Mean Average Precision averaged over IOU thresholds 0.5 to 0.95 in 0.05 increments.,0.0,100.0,10.0,True,100.0
yolov8_seg,w8a16,onnx,27.6,27.8,27.8,49.8,47.89,44.28,43.61,,,,,,,2026-08-30,main,qualcomm-snapdragon-8-elite-for-galaxy,coco_seg,https://cocodataset.org/,val2017 split,Mean Average Precision,mAP@0.5:0.95,Mean Average Precision averaged over IOU thresholds 0.5 to 0.95 in 0.05 increments.,0.0,100.0,10.0,True,100.0
yolov8_seg,w8a8,tflite,27.6,26.8,26.3,40.51,39.74,35.98,35.06,,,,,,,2026-08-30,main,qualcomm-snapdragon-8-elite-for-galaxy,coco_seg,https://cocodataset.org/,val2017 split,Mean Average Precision,mAP@0.5:0.95,Mean Average Precision averaged over IOU thresholds 0.5 to 0.95 in 0.05 increments.,0.0,100.0,10.0,True,100.0
yolov8_seg,w8a8,qnn_dlc,27.6,26.8,26.0,40.48,39.79,36.04,34.95,,,,,,,2026-08-30,main,qualcomm-snapdragon-8-elite-for-galaxy,coco_seg,https://cocodataset.org/,val2017 split,Mean Average Precision,mAP@0.5:0.95,Mean Average Precision averaged over IOU thresholds 0.5 to 0.95 in 0.05 increments.,0.0,100.0,10.0,True,100.0
yolov8_seg,w8a8,qnn_dlc_via_qnn_ep,27.6,26.8,26.0,40.48,39.79,36.04,34.95,,,,,,,2026-08-30,main,qualcomm-snapdragon-8-elite-for-galaxy,coco_seg,https://cocodataset.org/,val2017 split,Mean Average Precision,mAP@0.5:0.95,Mean Average Precision averaged over IOU thresholds 0.5 to 0.95 in 0.05 increments.,0.0,100.0,10.0,True,100.0
yolov8_seg,w8a8,onnx,27.6,26.8,26.0,40.48,39.79,36.04,34.95,,,,,,,2026-08-30,main,qualcomm-snapdragon-8-elite-for-galaxy,coco_seg,https://cocodataset.org/,val2017 split,Mean Average Precision,mAP@0.5:0.95,Mean Average Precision averaged over IOU thresholds 0.5 to 0.95 in 0.05 increments.,0.0,100.0,10.0,True,100.0
yolov9_det,float,tflite,44.6,,44.7,59.22,50.93,,,,,,,,,2026-08-30,main,qualcomm-snapdragon-8-elite-for-galaxy,coco,https://cocodataset.org/,val2017 split,Mean Average Precision,mAP@0.5:0.95,Mean Average Precision averaged over IOU thresholds 0.5 to 0.95 in 0.05 increments.,0.0,100.0,10.0,True,300.0
yolov9_det,float,qnn_dlc,44.6,,44.7,59.22,50.93,,,,,,,,,2026-08-30,main,qualcomm-snapdragon-8-elite-for-galaxy,coco,https://cocodataset.org/,val2017 split,Mean Average Precision,mAP@0.5:0.95,Mean Average Precision averaged over IOU thresholds 0.5 to 0.95 in 0.05 increments.,0.0,100.0,10.0,True,300.0
yolov9_det,float,qnn_dlc_via_qnn_ep,44.6,,44.8,59.22,51.11,,,,,,,,,2026-08-30,main,qualcomm-snapdragon-8-elite-for-galaxy,coco,https://cocodataset.org/,val2017 split,Mean Average Precision,mAP@0.5:0.95,Mean Average Precision averaged over IOU thresholds 0.5 to 0.95 in 0.05 increments.,0.0,100.0,10.0,True,300.0
yolov9_det,float,onnx,44.6,,44.8,59.23,51.34,,,,,,,,,2026-08-30,main,qualcomm-snapdragon-8-elite-for-galaxy,coco,https://cocodataset.org/,val2017 split,Mean Average Precision,mAP@0.5:0.95,Mean Average Precision averaged over IOU thresholds 0.5 to 0.95 in 0.05 increments.,0.0,100.0,10.0,True,300.0
yolov9_det,w8a16,qnn_dlc,44.6,44.5,44.5,50.05,45.33,,,,,,,,,2026-08-30,main,qualcomm-snapdragon-8-elite-for-galaxy,coco,https://cocodataset.org/,val2017 split,Mean Average Precision,mAP@0.5:0.95,Mean Average Precision averaged over IOU thresholds 0.5 to 0.95 in 0.05 increments.,0.0,100.0,10.0,True,300.0
yolov9_det,w8a16,qnn_dlc_via_qnn_ep,44.6,44.5,44.5,50.05,45.33,,,,,,,,,2026-08-30,main,qualcomm-snapdragon-8-elite-for-galaxy,coco,https://cocodataset.org/,val2017 split,Mean Average Precision,mAP@0.5:0.95,Mean Average Precision averaged over IOU thresholds 0.5 to 0.95 in 0.05 increments.,0.0,100.0,10.0,True,300.0
yolov9_det,w8a16,onnx,44.6,44.5,44.5,50.05,45.33,,,,,,,,,2026-08-30,main,qualcomm-snapdragon-8-elite-for-galaxy,coco,https://cocodataset.org/,val2017 split,Mean Average Precision,mAP@0.5:0.95,Mean Average Precision averaged over IOU thresholds 0.5 to 0.95 in 0.05 increments.,0.0,100.0,10.0,True,300.0
yolov9_det,w8a8,tflite,44.6,38.4,38.4,40.12,39.21,,,,,,,,,2026-08-30,main,qualcomm-snapdragon-8-elite-for-galaxy,coco,https://cocodataset.org/,val2017 split,Mean Average Precision,mAP@0.5:0.95,Mean Average Precision averaged over IOU thresholds 0.5 to 0.95 in 0.05 increments.,0.0,100.0,10.0,True,300.0
yolov9_det,w8a8,qnn_dlc,44.6,38.4,38.3,40.68,39.28,,,,,,,,,2026-08-30,main,qualcomm-snapdragon-8-elite-for-galaxy,coco,https://cocodataset.org/,val2017 split,Mean Average Precision,mAP@0.5:0.95,Mean Average Precision averaged over IOU thresholds 0.5 to 0.95 in 0.05 increments.,0.0,100.0,10.0,True,300.0
yolov9_det,w8a8,qnn_dlc_via_qnn_ep,44.6,38.4,38.3,40.69,39.31,,,,,,,,,2026-08-30,main,qualcomm-snapdragon-8-elite-for-galaxy,coco,https://cocodataset.org/,val2017 split,Mean Average Precision,mAP@0.5:0.95,Mean Average Precision averaged over IOU thresholds 0.5 to 0.95 in 0.05 increments.,0.0,100.0,10.0,True,300.0
yolov9_det,w8a8,onnx,44.6,38.4,38.3,40.69,39.31,,,,,,,,,2026-08-30,main,qualcomm-snapdragon-8-elite-for-galaxy,coco,https://cocodataset.org/,val2017 split,Mean Average Precision,mAP@0.5:0.95,Mean Average Precision averaged over IOU thresholds 0.5 to 0.95 in 0.05 increments.,0.0,100.0,10.0,True,300.0
stable_diffusion_v2_1,w8a16,qnn_context_binary,,,,49.29,37.94,54.75,,,,,,,,2026-08-30,main,qualcomm-snapdragon-8-elite-for-galaxy,,,,,,,,,,,
stable_diffusion_v2_1,w8a16,precompiled_qnn_onnx,,,,49.29,37.94,54.75,,,,,,,,2026-08-30,main,qualcomm-snapdragon-8-elite-for-galaxy,,,,,,,,,,,
whisper_large_v3_turbo_quantized,w8a16,qnn_context_binary,,,,36.23,36.78,33.45,30.31,30.46,30.24,27.06,35.01,28.01,31.99,2026-08-30,main,qualcomm-snapdragon-8-elite-for-galaxy,,,,,,,,,,,
whisper_large_v3_turbo_quantized,w8a16,precompiled_qnn_onnx,,,,36.23,36.78,33.45,30.31,30.46,30.24,27.06,35.01,28.01,31.99,2026-08-30,main,qualcomm-snapdragon-8-elite-for-galaxy,,,,,,,,,,,
whisper_large_v3_turbo_quantized,w8a16,voice_ai,,,,36.23,36.78,33.45,30.31,30.46,30.24,27.06,35.01,28.01,31.99,2026-08-30,main,qualcomm-snapdragon-8-elite-for-galaxy,,,,,,,,,,,
bevfusion_det,float,qnn_context_binary,,,,59.05,67.26,54.07,37.13,56.98,77.97,,,,,2026-08-30,main,qualcomm-snapdragon-8-elite-for-galaxy,,,,,,,,,,,
bevfusion_det,float,precompiled_qnn_onnx,,,,59.05,67.26,54.07,37.13,57.76,77.97,,,,,2026-08-30,main,qualcomm-snapdragon-8-elite-for-galaxy,,,,,,,,,,,
centernet_pose,float,qnn_dlc_via_qnn_ep,65.1,,64.4,54.47,66.34,66.75,60.15,55.71,62.5,,,,,2026-08-30,main,qualcomm-snapdragon-8-elite-for-galaxy,coco_body,http://images.cocodataset.org/,val2017 split,Mean Average Precision,mAP,Mean Average Precision (across predicted classes).,0.0,100.0,10.0,True,1000.0
centernet_pose,float,qnn_context_binary,65.1,,64.4,54.47,66.34,66.75,60.15,55.71,62.5,,,,,2026-08-30,main,qualcomm-snapdragon-8-elite-for-galaxy,coco_body,http://images.cocodataset.org/,val2017 split,Mean Average Precision,mAP,Mean Average Precision (across predicted classes).,0.0,100.0,10.0,True,1000.0
centernet_pose,float,precompiled_qnn_onnx,65.1,,64.4,54.47,66.34,66.75,60.15,55.71,62.5,,,,,2026-08-30,main,qualcomm-snapdragon-8-elite-for-galaxy,coco_body,http://images.cocodataset.org/,val2017 split,Mean Average Precision,mAP,Mean Average Precision (across predicted classes).,0.0,100.0,10.0,True,1000.0
opus_mt_en_zh,float,qnn_dlc_via_qnn_ep,,,,15.68,13.91,16.77,14.22,16.9,14.28,17.28,13.89,17.13,13.39,2026-08-30,main,qualcomm-snapdragon-8-elite-for-galaxy,,,,,,,,,,,
opus_mt_en_zh,float,voice_ai,,,,15.68,13.91,16.77,14.22,16.9,14.28,17.28,13.89,17.13,13.39,2026-08-30,main,qualcomm-snapdragon-8-elite-for-galaxy,,,,,,,,,,,
opus_mt_zh_en,float,qnn_dlc_via_qnn_ep,,,,15.29,13.67,15.32,11.78,13.96,11.74,14.44,12.29,13.05,11.46,2026-08-30,main,qualcomm-snapdragon-8-elite-for-galaxy,,,,,,,,,,,
opus_mt_zh_en,float,voice_ai,,,,15.29,13.67,15.32,11.78,13.96,11.74,14.44,12.29,13.05,11.46,2026-08-30,main,qualcomm-snapdragon-8-elite-for-galaxy,,,,,,,,,,,
whisper_tiny,float,qnn_dlc_via_qnn_ep,,,,24.12,16.96,17.59,16.76,18.72,21.38,18.87,20.61,7.811,14.9,2026-08-30,main,qualcomm-snapdragon-8-elite-for-galaxy,,,,,,,,,,,
whisper_tiny,float,qnn_context_binary,,,,24.12,16.96,17.59,16.76,18.72,21.38,18.87,20.61,7.811,14.9,2026-08-30,main,qualcomm-snapdragon-8-elite-for-galaxy,,,,,,,,,,,
whisper_tiny,float,precompiled_qnn_onnx,,,,24.12,16.96,17.59,16.76,18.72,21.38,18.87,20.61,7.811,14.9,2026-08-30,main,qualcomm-snapdragon-8-elite-for-galaxy,,,,,,,,,,,
whisper_tiny,float,voice_ai,,,,24.12,16.96,17.59,16.76,18.72,21.38,18.87,20.61,7.811,14.9,2026-08-30,main,qualcomm-snapdragon-8-elite-for-galaxy,,,,,,,,,,,
zipformer,float,qnn_dlc_via_qnn_ep,,,,17.14,232.3,225.1,222.9,216.9,228.0,20.93,17.12,30.23,34.1,2026-08-30,main,qualcomm-snapdragon-8-elite-for-galaxy,,,,,,,,,,,
zipformer,float,qnn_context_binary,,,,20.42,232.3,225.1,222.9,216.9,228.0,20.93,17.0,30.34,34.25,2026-08-30,main,qualcomm-snapdragon-8-elite-for-galaxy,,,,,,,,,,,
zipformer,float,precompiled_qnn_onnx,,,,20.42,232.3,225.1,222.9,216.9,228.0,20.93,17.0,30.34,34.25,2026-08-30,main,qualcomm-snapdragon-8-elite-for-galaxy,,,,,,,,,,,
albert_base_v2_hf,float,tflite,58.0,,57.2,19.99,,,,,,,,,,2026-08-30,main,qualcomm-snapdragon-8-elite-for-galaxy,wikitext_masked_albert_base_v2,https://huggingface.co/datasets/wikitext,wikitext-2-raw-v1 validation split,Top-1 Accuracy,%,Percentage of masked tokens correctly predicted (highest-probability token).,0.0,100.0,10.0,True,250.0
albert_base_v2_hf,float,qnn_dlc,58.0,,57.2,20.49,,,,,,,,,,2026-08-30,main,qualcomm-snapdragon-8-elite-for-galaxy,wikitext_masked_albert_base_v2,https://huggingface.co/datasets/wikitext,wikitext-2-raw-v1 validation split,Top-1 Accuracy,%,Percentage of masked tokens correctly predicted (highest-probability token).,0.0,100.0,10.0,True,250.0
albert_base_v2_hf,float,qnn_dlc_via_qnn_ep,58.0,,3.2,0.5983,,,,,,,,,,2026-08-30,main,qualcomm-snapdragon-8-elite-for-galaxy,wikitext_masked_albert_base_v2,https://huggingface.co/datasets/wikitext,wikitext-2-raw-v1 validation split,Top-1 Accuracy,%,Percentage of masked tokens correctly predicted (highest-probability token).,0.0,100.0,10.0,True,250.0
albert_base_v2_hf,float,onnx,58.0,,3.2,0.5983,,,,,,,,,,2026-08-30,main,qualcomm-snapdragon-8-elite-for-galaxy,wikitext_masked_albert_base_v2,https://huggingface.co/datasets/wikitext,wikitext-2-raw-v1 validation split,Top-1 Accuracy,%,Percentage of masked tokens correctly predicted (highest-probability token).,0.0,100.0,10.0,True,250.0
albert_base_v2_hf,w8a16,qnn_dlc,58.0,57.2,0.0,-35.92,,,,,,,,,,2026-08-30,main,qualcomm-snapdragon-8-elite-for-galaxy,wikitext_masked_albert_base_v2,https://huggingface.co/datasets/wikitext,wikitext-2-raw-v1 validation split,Top-1 Accuracy,%,Percentage of masked tokens correctly predicted (highest-probability token).,0.0,100.0,10.0,True,250.0
albert_base_v2_hf,w8a16,qnn_dlc_via_qnn_ep,58.0,57.2,0.0,-35.92,,,,,,,,,,2026-08-30,main,qualcomm-snapdragon-8-elite-for-galaxy,wikitext_masked_albert_base_v2,https://huggingface.co/datasets/wikitext,wikitext-2-raw-v1 validation split,Top-1 Accuracy,%,Percentage of masked tokens correctly predicted (highest-probability token).,0.0,100.0,10.0,True,250.0
albert_base_v2_hf,w8a16,onnx,58.0,57.2,0.0,-35.92,,,,,,,,,,2026-08-30,main,qualcomm-snapdragon-8-elite-for-galaxy,wikitext_masked_albert_base_v2,https://huggingface.co/datasets/wikitext,wikitext-2-raw-v1 validation split,Top-1 Accuracy,%,Percentage of masked tokens correctly predicted (highest-probability token).,0.0,100.0,10.0,True,250.0
beit,float,tflite,83.1,,83.1,56.6,,,,,,,,,,2026-08-30,main,qualcomm-snapdragon-8-elite-for-galaxy,imagenet,https://www.image-net.org/,validation split,Top-1 Accuracy,%,Percentage of top 1 model predictions that are correct.,0.0,100.0,10.0,True,1000.0
beit,float,qnn_dlc,83.1,,83.1,56.6,,,,,,,,,,2026-08-30,main,qualcomm-snapdragon-8-elite-for-galaxy,imagenet,https://www.image-net.org/,validation split,Top-1 Accuracy,%,Percentage of top 1 model predictions that are correct.,0.0,100.0,10.0,True,1000.0
beit,float,qnn_dlc_via_qnn_ep,83.1,,83.1,56.6,,,,,,,,,,2026-08-30,main,qualcomm-snapdragon-8-elite-for-galaxy,imagenet,https://www.image-net.org/,validation split,Top-1 Accuracy,%,Percentage of top 1 model predictions that are correct.,0.0,100.0,10.0,True,1000.0
beit,float,onnx,83.1,,83.1,56.6,,,,,,,,,,2026-08-30,main,qualcomm-snapdragon-8-elite-for-galaxy,imagenet,https://www.image-net.org/,validation split,Top-1 Accuracy,%,Percentage of top 1 model predictions that are correct.,0.0,100.0,10.0,True,1000.0
beit,w8a16,qnn_dlc,83.1,83.3,83.3,49.6,,,,,,,,,,2026-08-30,main,qualcomm-snapdragon-8-elite-for-galaxy,imagenet,https://www.image-net.org/,validation split,Top-1 Accuracy,%,Percentage of top 1 model predictions that are correct.,0.0,100.0,10.0,True,1000.0
beit,w8a16,qnn_dlc_via_qnn_ep,83.1,83.3,83.3,49.63,,,,,,,,,,2026-08-30,main,qualcomm-snapdragon-8-elite-for-galaxy,imagenet,https://www.image-net.org/,validation split,Top-1 Accuracy,%,Percentage of top 1 model predictions that are correct.,0.0,100.0,10.0,True,1000.0
beit,w8a16,onnx,83.1,83.3,83.1,37.85,,,,,,,,,,2026-08-30,main,qualcomm-snapdragon-8-elite-for-galaxy,imagenet,https://www.image-net.org/,validation split,Top-1 Accuracy,%,Percentage of top 1 model predictions that are correct.,0.0,100.0,10.0,True,1000.0
bert_base_uncased_hf,float,tflite,74.4,,74.4,46.68,,,,,,,,,,2026-08-30,main,qualcomm-snapdragon-8-elite-for-galaxy,wikitext_masked_google_bert_bert_base_uncased,https://huggingface.co/datasets/wikitext,wikitext-2-raw-v1 validation split,Top-1 Accuracy,%,Percentage of masked tokens correctly predicted (highest-probability token).,0.0,100.0,10.0,True,250.0
bert_base_uncased_hf,float,qnn_dlc,74.4,,74.4,46.68,,,,,,,,,,2026-08-30,main,qualcomm-snapdragon-8-elite-for-galaxy,wikitext_masked_google_bert_bert_base_uncased,https://huggingface.co/datasets/wikitext,wikitext-2-raw-v1 validation split,Top-1 Accuracy,%,Percentage of masked tokens correctly predicted (highest-probability token).,0.0,100.0,10.0,True,250.0
bert_base_uncased_hf,float,qnn_dlc_via_qnn_ep,74.4,,2.8,12.14,,,,,,,,,,2026-08-30,main,qualcomm-snapdragon-8-elite-for-galaxy,wikitext_masked_google_bert_bert_base_uncased,https://huggingface.co/datasets/wikitext,wikitext-2-raw-v1 validation split,Top-1 Accuracy,%,Percentage of masked tokens correctly predicted (highest-probability token).,0.0,100.0,10.0,True,250.0
bert_base_uncased_hf,float,onnx,74.4,,2.8,12.14,,,,,,,,,,2026-08-30,main,qualcomm-snapdragon-8-elite-for-galaxy,wikitext_masked_google_bert_bert_base_uncased,https://huggingface.co/datasets/wikitext,wikitext-2-raw-v1 validation split,Top-1 Accuracy,%,Percentage of masked tokens correctly predicted (highest-probability token).,0.0,100.0,10.0,True,250.0
bert_base_uncased_hf,w8a16,qnn_dlc,74.4,74.0,74.4,289.1,,,,,,,,,,2026-08-30,main,qualcomm-snapdragon-8-elite-for-galaxy,wikitext_masked_google_bert_bert_base_uncased,https://huggingface.co/datasets/wikitext,wikitext-2-raw-v1 validation split,Top-1 Accuracy,%,Percentage of masked tokens correctly predicted (highest-probability token).,0.0,100.0,10.0,True,250.0
bert_base_uncased_hf,w8a16,qnn_dlc_via_qnn_ep,74.4,74.0,74.4,289.1,,,,,,,,,,2026-08-30,main,qualcomm-snapdragon-8-elite-for-galaxy,wikitext_masked_google_bert_bert_base_uncased,https://huggingface.co/datasets/wikitext,wikitext-2-raw-v1 validation split,Top-1 Accuracy,%,Percentage of masked tokens correctly predicted (highest-probability token).,0.0,100.0,10.0,True,250.0
bert_base_uncased_hf,w8a16,onnx,74.4,74.0,74.4,52.16,,,,,,,,,,2026-08-30,main,qualcomm-snapdragon-8-elite-for-galaxy,wikitext_masked_google_bert_bert_base_uncased,https://huggingface.co/datasets/wikitext,wikitext-2-raw-v1 validation split,Top-1 Accuracy,%,Percentage of masked tokens correctly predicted (highest-probability token).,0.0,100.0,10.0,True,250.0
convnext_tiny,float,tflite,82.2,,82.1,64.49,,,,,,,,,,2026-08-30,main,qualcomm-snapdragon-8-elite-for-galaxy,imagenet,https://www.image-net.org/,validation split,Top-1 Accuracy,%,Percentage of top 1 model predictions that are correct.,0.0,100.0,10.0,True,1000.0
convnext_tiny,float,qnn_dlc,82.2,,82.1,64.49,,,,,,,,,,2026-08-30,main,qualcomm-snapdragon-8-elite-for-galaxy,imagenet,https://www.image-net.org/,validation split,Top-1 Accuracy,%,Percentage of top 1 model predictions that are correct.,0.0,100.0,10.0,True,1000.0
convnext_tiny,float,qnn_dlc_via_qnn_ep,82.2,,82.1,64.49,,,,,,,,,,2026-08-30,main,qualcomm-snapdragon-8-elite-for-galaxy,imagenet,https://www.image-net.org/,validation split,Top-1 Accuracy,%,Percentage of top 1 model predictions that are correct.,0.0,100.0,10.0,True,1000.0
convnext_tiny,float,onnx,82.2,,82.1,64.38,,,,,,,,,,2026-08-30,main,qualcomm-snapdragon-8-elite-for-galaxy,imagenet,https://www.image-net.org/,validation split,Top-1 Accuracy,%,Percentage of top 1 model predictions that are correct.,0.0,100.0,10.0,True,1000.0
convnext_tiny,w8a16,qnn_dlc,82.2,82.2,82.3,41.22,,,,,,,,,,2026-08-30,main,qualcomm-snapdragon-8-elite-for-galaxy,imagenet,https://www.image-net.org/,validation split,Top-1 Accuracy,%,Percentage of top 1 model predictions that are correct.,0.0,100.0,10.0,True,1000.0
convnext_tiny,w8a16,qnn_dlc_via_qnn_ep,82.2,82.2,82.3,41.22,,,,,,,,,,2026-08-30,main,qualcomm-snapdragon-8-elite-for-galaxy,imagenet,https://www.image-net.org/,validation split,Top-1 Accuracy,%,Percentage of top 1 model predictions that are correct.,0.0,100.0,10.0,True,1000.0
convnext_tiny,w8a16,onnx,82.2,82.2,82.3,41.22,,,,,,,,,,2026-08-30,main,qualcomm-snapdragon-8-elite-for-galaxy,imagenet,https://www.image-net.org/,validation split,Top-1 Accuracy,%,Percentage of top 1 model predictions that are correct.,0.0,100.0,10.0,True,1000.0
convnext_tiny,w8a8,tflite,82.2,80.8,81.0,30.47,,,,,,,,,,2026-08-30,main,qualcomm-snapdragon-8-elite-for-galaxy,imagenet,https://www.image-net.org/,validation split,Top-1 Accuracy,%,Percentage of top 1 model predictions that are correct.,0.0,100.0,10.0,True,1000.0
convnext_tiny,w8a8,qnn_dlc,82.2,80.8,80.7,30.34,,,,,,,,,,2026-08-30,main,qualcomm-snapdragon-8-elite-for-galaxy,imagenet,https://www.image-net.org/,validation split,Top-1 Accuracy,%,Percentage of top 1 model predictions that are correct.,0.0,100.0,10.0,True,1000.0
convnext_tiny,w8a8,qnn_dlc_via_qnn_ep,82.2,80.8,80.7,30.34,,,,,,,,,,2026-08-30,main,qualcomm-snapdragon-8-elite-for-galaxy,imagenet,https://www.image-net.org/,validation split,Top-1 Accuracy,%,Percentage of top 1 model predictions that are correct.,0.0,100.0,10.0,True,1000.0
convnext_tiny,w8a8,onnx,82.2,80.8,80.7,30.34,,,,,,,,,,2026-08-30,main,qualcomm-snapdragon-8-elite-for-galaxy,imagenet,https://www.image-net.org/,validation split,Top-1 Accuracy,%,Percentage of top 1 model predictions that are correct.,0.0,100.0,10.0,True,1000.0
depth_anything_v3,float,tflite,85.4,,85.4,61.15,,,,,,,,,,2026-08-30,main,qualcomm-snapdragon-8-elite-for-galaxy,nyuv2,https://cs.nyu.edu/~fergus/datasets/nyu_depth_v2.html,validation split,Delta Threshold Accuracy,δ1,The percentage of pixels where the predicted depth is within 25% of the expected.,0.0,100.0,10.0,True,100.0
depth_anything_v3,float,qnn_dlc,85.4,,85.4,61.15,,,,,,,,,,2026-08-30,main,qualcomm-snapdragon-8-elite-for-galaxy,nyuv2,https://cs.nyu.edu/~fergus/datasets/nyu_depth_v2.html,validation split,Delta Threshold Accuracy,δ1,The percentage of pixels where the predicted depth is within 25% of the expected.,0.0,100.0,10.0,True,100.0
depth_anything_v3,float,qnn_dlc_via_qnn_ep,85.4,,85.4,61.15,,,,,,,,,,2026-08-30,main,qualcomm-snapdragon-8-elite-for-galaxy,nyuv2,https://cs.nyu.edu/~fergus/datasets/nyu_depth_v2.html,validation split,Delta Threshold Accuracy,δ1,The percentage of pixels where the predicted depth is within 25% of the expected.,0.0,100.0,10.0,True,100.0
depth_anything_v3,float,onnx,85.4,,85.4,61.28,,,,,,,,,,2026-08-30,main,qualcomm-snapdragon-8-elite-for-galaxy,nyuv2,https://cs.nyu.edu/~fergus/datasets/nyu_depth_v2.html,validation split,Delta Threshold Accuracy,δ1,The percentage of pixels where the predicted depth is within 25% of the expected.,0.0,100.0,10.0,True,100.0
efficientnet_v2_s,float,tflite,83.1,,82.5,49.18,,,,,,,,,,2026-08-30,main,qualcomm-snapdragon-8-elite-for-galaxy,imagenet_efficientnet_v2_s,https://www.image-net.org/,validation split,Top-1 Accuracy,%,Percentage of top 1 model predictions that are correct.,0.0,100.0,10.0,True,1000.0
efficientnet_v2_s,float,qnn_dlc,83.1,,82.5,49.18,,,,,,,,,,2026-08-30,main,qualcomm-snapdragon-8-elite-for-galaxy,imagenet_efficientnet_v2_s,https://www.image-net.org/,validation split,Top-1 Accuracy,%,Percentage of top 1 model predictions that are correct.,0.0,100.0,10.0,True,1000.0
efficientnet_v2_s,float,qnn_dlc_via_qnn_ep,83.1,,82.5,49.18,,,,,,,,,,2026-08-30,main,qualcomm-snapdragon-8-elite-for-galaxy,imagenet_efficientnet_v2_s,https://www.image-net.org/,validation split,Top-1 Accuracy,%,Percentage of top 1 model predictions that are correct.,0.0,100.0,10.0,True,1000.0
efficientnet_v2_s,float,onnx,83.1,,82.5,49.19,,,,,,,,,,2026-08-30,main,qualcomm-snapdragon-8-elite-for-galaxy,imagenet_efficientnet_v2_s,https://www.image-net.org/,validation split,Top-1 Accuracy,%,Percentage of top 1 model predictions that are correct.,0.0,100.0,10.0,True,1000.0
efficientnet_v2_s,w8a16,qnn_dlc,83.1,82.7,82.7,47.93,,,,,,,,,,2026-08-30,main,qualcomm-snapdragon-8-elite-for-galaxy,imagenet_efficientnet_v2_s,https://www.image-net.org/,validation split,Top-1 Accuracy,%,Percentage of top 1 model predictions that are correct.,0.0,100.0,10.0,True,1000.0
efficientnet_v2_s,w8a16,qnn_dlc_via_qnn_ep,83.1,82.7,82.7,47.93,,,,,,,,,,2026-08-30,main,qualcomm-snapdragon-8-elite-for-galaxy,imagenet_efficientnet_v2_s,https://www.image-net.org/,validation split,Top-1 Accuracy,%,Percentage of top 1 model predictions that are correct.,0.0,100.0,10.0,True,1000.0
efficientnet_v2_s,w8a16,onnx,83.1,82.7,82.7,47.93,,,,,,,,,,2026-08-30,main,qualcomm-snapdragon-8-elite-for-galaxy,imagenet_efficientnet_v2_s,https://www.image-net.org/,validation split,Top-1 Accuracy,%,Percentage of top 1 model predictions that are correct.,0.0,100.0,10.0,True,1000.0
efficientvit_l2_seg,float,tflite,81.4,,,,,,,,,,,,,2026-08-30,main,qualcomm-snapdragon-8-elite-for-galaxy,cityscapes,https://www.cityscapes-dataset.com/,validation split,Mean Intersection Over Union,mIOU,Overlap of predicted and expected segmentation divided by the union size.,0.0,100.0,10.0,True,50.0
efficientvit_l2_seg,float,qnn_dlc,81.4,,15.4,14.21,,,,,,,,,,2026-08-30,main,qualcomm-snapdragon-8-elite-for-galaxy,cityscapes,https://www.cityscapes-dataset.com/,validation split,Mean Intersection Over Union,mIOU,Overlap of predicted and expected segmentation divided by the union size.,0.0,100.0,10.0,True,50.0
efficientvit_l2_seg,float,qnn_dlc_via_qnn_ep,81.4,,15.4,14.21,,,,,,,,,,2026-08-30,main,qualcomm-snapdragon-8-elite-for-galaxy,cityscapes,https://www.cityscapes-dataset.com/,validation split,Mean Intersection Over Union,mIOU,Overlap of predicted and expected segmentation divided by the union size.,0.0,100.0,10.0,True,50.0
efficientvit_l2_seg,float,onnx,81.4,,15.4,14.21,,,,,,,,,,2026-08-30,main,qualcomm-snapdragon-8-elite-for-galaxy,cityscapes,https://www.cityscapes-dataset.com/,validation split,Mean Intersection Over Union,mIOU,Overlap of predicted and expected segmentation divided by the union size.,0.0,100.0,10.0,True,50.0
electra_bert_base_discrim_google,float,tflite,88.0,,88.4,32.11,,,,,,,,,,2026-08-30,main,qualcomm-snapdragon-8-elite-for-galaxy,electra_wikitext_masked,https://huggingface.co/datasets/wikitext,wikitext-2-raw-v1 validation split,Top-1 Accuracy,%,Percentage of [MASK] positions correctly predicted as fake/replaced by the Electra discriminator.,0.0,100.0,10.0,True,250.0
electra_bert_base_discrim_google,float,qnn_dlc,88.0,,88.4,32.11,,,,,,,,,,2026-08-30,main,qualcomm-snapdragon-8-elite-for-galaxy,electra_wikitext_masked,https://huggingface.co/datasets/wikitext,wikitext-2-raw-v1 validation split,Top-1 Accuracy,%,Percentage of [MASK] positions correctly predicted as fake/replaced by the Electra discriminator.,0.0,100.0,10.0,True,250.0
electra_bert_base_discrim_google,float,qnn_dlc_via_qnn_ep,88.0,,88.4,32.34,,,,,,,,,,2026-08-30,main,qualcomm-snapdragon-8-elite-for-galaxy,electra_wikitext_masked,https://huggingface.co/datasets/wikitext,wikitext-2-raw-v1 validation split,Top-1 Accuracy,%,Percentage of [MASK] positions correctly predicted as fake/replaced by the Electra discriminator.,0.0,100.0,10.0,True,250.0
electra_bert_base_discrim_google,float,onnx,88.0,,88.4,32.34,,,,,,,,,,2026-08-30,main,qualcomm-snapdragon-8-elite-for-galaxy,electra_wikitext_masked,https://huggingface.co/datasets/wikitext,wikitext-2-raw-v1 validation split,Top-1 Accuracy,%,Percentage of [MASK] positions correctly predicted as fake/replaced by the Electra discriminator.,0.0,100.0,10.0,True,250.0
face_det_lite,float,tflite,71.4,,71.3,50.26,50.54,52.13,,,,,,,,2026-08-30,main,qualcomm-snapdragon-8-elite-for-galaxy,face_det_lite,,,,,,,,,,1000.0
face_det_lite,float,qnn_dlc,71.4,,71.3,50.26,50.54,52.13,,,,,,,,2026-08-30,main,qualcomm-snapdragon-8-elite-for-galaxy,face_det_lite,,,,,,,,,,1000.0
face_det_lite,float,qnn_dlc_via_qnn_ep,71.4,,71.3,50.26,50.54,52.13,,,,,,,,2026-08-30,main,qualcomm-snapdragon-8-elite-for-galaxy,face_det_lite,,,,,,,,,,1000.0
face_det_lite,float,onnx,71.4,,71.4,50.2,50.51,52.08,,,,,,,,2026-08-30,main,qualcomm-snapdragon-8-elite-for-galaxy,face_det_lite,,,,,,,,,,1000.0
face_det_lite,w8a16_mixed_int16,qnn_dlc,71.4,71.8,71.8,23.03,29.95,28.07,,,,,,,,2026-08-30,main,qualcomm-snapdragon-8-elite-for-galaxy,face_det_lite,,,,,,,,,,1000.0
face_det_lite,w8a16_mixed_int16,qnn_dlc_via_qnn_ep,71.4,71.8,71.8,23.03,29.95,28.07,,,,,,,,2026-08-30,main,qualcomm-snapdragon-8-elite-for-galaxy,face_det_lite,,,,,,,,,,1000.0
face_det_lite,w8a16_mixed_int16,onnx,71.4,71.8,71.9,23.03,29.95,28.07,,,,,,,,2026-08-30,main,qualcomm-snapdragon-8-elite-for-galaxy,face_det_lite,,,,,,,,,,1000.0
face_det_lite,w8a16,qnn_dlc,71.4,69.1,69.0,24.04,27.7,28.2,,,,,,,,2026-08-30,main,qualcomm-snapdragon-8-elite-for-galaxy,face_det_lite,,,,,,,,,,1000.0
face_det_lite,w8a16,qnn_dlc_via_qnn_ep,71.4,69.1,69.0,24.04,27.7,28.2,,,,,,,,2026-08-30,main,qualcomm-snapdragon-8-elite-for-galaxy,face_det_lite,,,,,,,,,,1000.0
face_det_lite,w8a16,onnx,71.4,69.1,69.2,24.04,27.7,28.2,,,,,,,,2026-08-30,main,qualcomm-snapdragon-8-elite-for-galaxy,face_det_lite,,,,,,,,,,1000.0
face_det_lite,w8a8,tflite,71.4,69.4,69.3,19.85,12.0,18.08,,,,,,,,2026-08-30,main,qualcomm-snapdragon-8-elite-for-galaxy,face_det_lite,,,,,,,,,,1000.0
face_det_lite,w8a8,qnn_dlc,71.4,69.4,69.1,19.95,12.0,18.08,,,,,,,,2026-08-30,main,qualcomm-snapdragon-8-elite-for-galaxy,face_det_lite,,,,,,,,,,1000.0
face_det_lite,w8a8,qnn_dlc_via_qnn_ep,71.4,69.4,69.3,19.85,12.0,18.08,,,,,,,,2026-08-30,main,qualcomm-snapdragon-8-elite-for-galaxy,face_det_lite,,,,,,,,,,1000.0
face_det_lite,w8a8,onnx,71.4,69.4,69.3,19.85,12.0,18.08,,,,,,,,2026-08-30,main,qualcomm-snapdragon-8-elite-for-galaxy,face_det_lite,,,,,,,,,,1000.0
facemap_3dmm,float,tflite,0.0304,,0.0304,85.57,,,,,,,,,,2026-08-30,main,qualcomm-snapdragon-8-elite-for-galaxy,face_map3_dmm,,,,,,,,,,400.0
facemap_3dmm,float,qnn_dlc,0.0304,,0.0304,86.25,,,,,,,,,,2026-08-30,main,qualcomm-snapdragon-8-elite-for-galaxy,face_map3_dmm,,,,,,,,,,400.0
facemap_3dmm,float,qnn_dlc_via_qnn_ep,0.0304,,0.0304,86.25,,,,,,,,,,2026-08-30,main,qualcomm-snapdragon-8-elite-for-galaxy,face_map3_dmm,,,,,,,,,,400.0
facemap_3dmm,float,onnx,0.0304,,0.0304,86.25,,,,,,,,,,2026-08-30,main,qualcomm-snapdragon-8-elite-for-galaxy,face_map3_dmm,,,,,,,,,,400.0
facemap_3dmm,w8a8,tflite,0.0304,0.0553,0.0542,44.71,,,,,,,,,,2026-08-30,main,qualcomm-snapdragon-8-elite-for-galaxy,face_map3_dmm,,,,,,,,,,400.0
facemap_3dmm,w8a8,qnn_dlc,0.0304,0.0553,0.0543,44.81,,,,,,,,,,2026-08-30,main,qualcomm-snapdragon-8-elite-for-galaxy,face_map3_dmm,,,,,,,,,,400.0
facemap_3dmm,w8a8,qnn_dlc_via_qnn_ep,0.0304,0.0553,0.055,44.71,,,,,,,,,,2026-08-30,main,qualcomm-snapdragon-8-elite-for-galaxy,face_map3_dmm,,,,,,,,,,400.0
facemap_3dmm,w8a8,onnx,0.0304,0.0553,0.055,44.71,,,,,,,,,,2026-08-30,main,qualcomm-snapdragon-8-elite-for-galaxy,face_map3_dmm,,,,,,,,,,400.0
fastsam_x,float,tflite,66.1,,65.5,55.2,40.11,54.39,55.9,,,,,,,2026-08-30,main,qualcomm-snapdragon-8-elite-for-galaxy,coco,https://cocodataset.org/,val2017 split,Average Recall,AR@1000,"Class-agnostic average recall over IoU thresholds 0.5 to 0.95 in 0.05 increments, with up to 1000 detections per image.",0.0,100.0,10.0,True,300.0
fastsam_x,float,qnn_dlc,66.1,,65.5,55.2,40.11,54.39,55.9,,,,,,,2026-08-30,main,qualcomm-snapdragon-8-elite-for-galaxy,coco,https://cocodataset.org/,val2017 split,Average Recall,AR@1000,"Class-agnostic average recall over IoU thresholds 0.5 to 0.95 in 0.05 increments, with up to 1000 detections per image.",0.0,100.0,10.0,True,300.0
fastsam_x,float,qnn_dlc_via_qnn_ep,66.1,,65.9,55.2,40.16,54.39,55.9,,,,,,,2026-08-30,main,qualcomm-snapdragon-8-elite-for-galaxy,coco,https://cocodataset.org/,val2017 split,Average Recall,AR@1000,"Class-agnostic average recall over IoU thresholds 0.5 to 0.95 in 0.05 increments, with up to 1000 detections per image.",0.0,100.0,10.0,True,300.0
fastsam_x,float,onnx,66.1,,65.9,55.2,40.16,54.39,55.85,,,,,,,2026-08-30,main,qualcomm-snapdragon-8-elite-for-galaxy,coco,https://cocodataset.org/,val2017 split,Average Recall,AR@1000,"Class-agnostic average recall over IoU thresholds 0.5 to 0.95 in 0.05 increments, with up to 1000 detections per image.",0.0,100.0,10.0,True,300.0
fastsam_x,w8a16_mixed_int16,qnn_dlc,66.1,66.1,66.0,60.13,49.98,60.6,59.0,,,,,,,2026-08-30,main,qualcomm-snapdragon-8-elite-for-galaxy,coco,https://cocodataset.org/,val2017 split,Average Recall,AR@1000,"Class-agnostic average recall over IoU thresholds 0.5 to 0.95 in 0.05 increments, with up to 1000 detections per image.",0.0,100.0,10.0,True,300.0
fastsam_x,w8a16_mixed_int16,qnn_dlc_via_qnn_ep,66.1,66.1,66.0,60.13,49.97,60.6,59.0,,,,,,,2026-08-30,main,qualcomm-snapdragon-8-elite-for-galaxy,coco,https://cocodataset.org/,val2017 split,Average Recall,AR@1000,"Class-agnostic average recall over IoU thresholds 0.5 to 0.95 in 0.05 increments, with up to 1000 detections per image.",0.0,100.0,10.0,True,300.0
fastsam_x,w8a16_mixed_int16,onnx,66.1,66.1,66.0,60.13,49.97,60.6,59.0,,,,,,,2026-08-30,main,qualcomm-snapdragon-8-elite-for-galaxy,coco,https://cocodataset.org/,val2017 split,Average Recall,AR@1000,"Class-agnostic average recall over IoU thresholds 0.5 to 0.95 in 0.05 increments, with up to 1000 detections per image.",0.0,100.0,10.0,True,300.0
fastsam_x,w8a16,qnn_dlc,66.1,64.1,64.0,45.9,33.99,43.48,40.88,,,,,,,2026-08-30,main,qualcomm-snapdragon-8-elite-for-galaxy,coco,https://cocodataset.org/,val2017 split,Average Recall,AR@1000,"Class-agnostic average recall over IoU thresholds 0.5 to 0.95 in 0.05 increments, with up to 1000 detections per image.",0.0,100.0,10.0,True,300.0
fastsam_x,w8a16,qnn_dlc_via_qnn_ep,66.1,64.1,64.0,45.9,33.99,43.48,40.88,,,,,,,2026-08-30,main,qualcomm-snapdragon-8-elite-for-galaxy,coco,https://cocodataset.org/,val2017 split,Average Recall,AR@1000,"Class-agnostic average recall over IoU thresholds 0.5 to 0.95 in 0.05 increments, with up to 1000 detections per image.",0.0,100.0,10.0,True,300.0
fastsam_x,w8a16,onnx,66.1,64.1,64.0,45.9,33.99,43.48,40.88,,,,,,,2026-08-30,main,qualcomm-snapdragon-8-elite-for-galaxy,coco,https://cocodataset.org/,val2017 split,Average Recall,AR@1000,"Class-agnostic average recall over IoU thresholds 0.5 to 0.95 in 0.05 increments, with up to 1000 detections per image.",0.0,100.0,10.0,True,300.0
fcn_resnet50,float,tflite,56.1,,,,,,,,,,,,,2026-08-30,main,qualcomm-snapdragon-8-elite-for-galaxy,coco_voc_seg,https://cocodataset.org/,val2017 split with VOC class labels,Mean Intersection Over Union,mIOU,Overlap of predicted and expected segmentation divided by the union size.,0.0,100.0,10.0,True,1000.0
fcn_resnet50,float,qnn_dlc,56.1,,,,,,,,,,,,,2026-08-30,main,qualcomm-snapdragon-8-elite-for-galaxy,coco_voc_seg,https://cocodataset.org/,val2017 split with VOC class labels,Mean Intersection Over Union,mIOU,Overlap of predicted and expected segmentation divided by the union size.,0.0,100.0,10.0,True,1000.0
fcn_resnet50,float,qnn_dlc_via_qnn_ep,56.1,,,,,,,,,,,,,2026-08-30,main,qualcomm-snapdragon-8-elite-for-galaxy,coco_voc_seg,https://cocodataset.org/,val2017 split with VOC class labels,Mean Intersection Over Union,mIOU,Overlap of predicted and expected segmentation divided by the union size.,0.0,100.0,10.0,True,1000.0
fcn_resnet50,float,onnx,56.1,,,,,,,,,,,,,2026-08-30,main,qualcomm-snapdragon-8-elite-for-galaxy,coco_voc_seg,https://cocodataset.org/,val2017 split with VOC class labels,Mean Intersection Over Union,mIOU,Overlap of predicted and expected segmentation divided by the union size.,0.0,100.0,10.0,True,1000.0
fcn_resnet50,w8a8,tflite,56.1,56.2,,,,,,,,,,,,2026-08-30,main,qualcomm-snapdragon-8-elite-for-galaxy,coco_voc_seg,https://cocodataset.org/,val2017 split with VOC class labels,Mean Intersection Over Union,mIOU,Overlap of predicted and expected segmentation divided by the union size.,0.0,100.0,10.0,True,1000.0
fcn_resnet50,w8a8,qnn_dlc,56.1,56.2,,,,,,,,,,,,2026-08-30,main,qualcomm-snapdragon-8-elite-for-galaxy,coco_voc_seg,https://cocodataset.org/,val2017 split with VOC class labels,Mean Intersection Over Union,mIOU,Overlap of predicted and expected segmentation divided by the union size.,0.0,100.0,10.0,True,1000.0
fcn_resnet50,w8a8,qnn_dlc_via_qnn_ep,56.1,56.2,,,,,,,,,,,,2026-08-30,main,qualcomm-snapdragon-8-elite-for-galaxy,coco_voc_seg,https://cocodataset.org/,val2017 split with VOC class labels,Mean Intersection Over Union,mIOU,Overlap of predicted and expected segmentation divided by the union size.,0.0,100.0,10.0,True,1000.0
fcn_resnet50,w8a8,onnx,56.1,56.2,,,,,,,,,,,,2026-08-30,main,qualcomm-snapdragon-8-elite-for-galaxy,coco_voc_seg,https://cocodataset.org/,val2017 split with VOC class labels,Mean Intersection Over Union,mIOU,Overlap of predicted and expected segmentation divided by the union size.,0.0,100.0,10.0,True,1000.0
googlenet,float,tflite,68.0,,68.1,75.49,,,,,,,,,,2026-08-30,main,qualcomm-snapdragon-8-elite-for-galaxy,imagenet,https://www.image-net.org/,validation split,Top-1 Accuracy,%,Percentage of top 1 model predictions that are correct.,0.0,100.0,10.0,True,1000.0
googlenet,float,qnn_dlc,68.0,,68.1,75.49,,,,,,,,,,2026-08-30,main,qualcomm-snapdragon-8-elite-for-galaxy,imagenet,https://www.image-net.org/,validation split,Top-1 Accuracy,%,Percentage of top 1 model predictions that are correct.,0.0,100.0,10.0,True,1000.0
googlenet,float,qnn_dlc_via_qnn_ep,68.0,,68.1,75.49,,,,,,,,,,2026-08-30,main,qualcomm-snapdragon-8-elite-for-galaxy,imagenet,https://www.image-net.org/,validation split,Top-1 Accuracy,%,Percentage of top 1 model predictions that are correct.,0.0,100.0,10.0,True,1000.0
googlenet,float,onnx,68.0,,68.1,75.49,,,,,,,,,,2026-08-30,main,qualcomm-snapdragon-8-elite-for-galaxy,imagenet,https://www.image-net.org/,validation split,Top-1 Accuracy,%,Percentage of top 1 model predictions that are correct.,0.0,100.0,10.0,True,1000.0
googlenet,w8a8,tflite,68.0,68.3,67.7,41.45,,,,,,,,,,2026-08-30,main,qualcomm-snapdragon-8-elite-for-galaxy,imagenet,https://www.image-net.org/,validation split,Top-1 Accuracy,%,Percentage of top 1 model predictions that are correct.,0.0,100.0,10.0,True,1000.0
googlenet,w8a8,qnn_dlc,68.0,68.3,67.8,41.51,,,,,,,,,,2026-08-30,main,qualcomm-snapdragon-8-elite-for-galaxy,imagenet,https://www.image-net.org/,validation split,Top-1 Accuracy,%,Percentage of top 1 model predictions that are correct.,0.0,100.0,10.0,True,1000.0
googlenet,w8a8,qnn_dlc_via_qnn_ep,68.0,68.3,67.8,41.51,,,,,,,,,,2026-08-30,main,qualcomm-snapdragon-8-elite-for-galaxy,imagenet,https://www.image-net.org/,validation split,Top-1 Accuracy,%,Percentage of top 1 model predictions that are correct.,0.0,100.0,10.0,True,1000.0
googlenet,w8a8,onnx,68.0,68.3,67.8,41.51,,,,,,,,,,2026-08-30,main,qualcomm-snapdragon-8-elite-for-galaxy,imagenet,https://www.image-net.org/,validation split,Top-1 Accuracy,%,Percentage of top 1 model predictions that are correct.,0.0,100.0,10.0,True,1000.0
gpunet,float,tflite,73.5,,73.5,55.25,,,,,,,,,,2026-08-30,main,qualcomm-snapdragon-8-elite-for-galaxy,imagenet,https://www.image-net.org/,validation split,Top-1 Accuracy,%,Percentage of top 1 model predictions that are correct.,0.0,100.0,10.0,True,1000.0
gpunet,float,qnn_dlc,73.5,,73.5,55.25,,,,,,,,,,2026-08-30,main,qualcomm-snapdragon-8-elite-for-galaxy,imagenet,https://www.image-net.org/,validation split,Top-1 Accuracy,%,Percentage of top 1 model predictions that are correct.,0.0,100.0,10.0,True,1000.0
gpunet,float,qnn_dlc_via_qnn_ep,73.5,,73.5,55.25,,,,,,,,,,2026-08-30,main,qualcomm-snapdragon-8-elite-for-galaxy,imagenet,https://www.image-net.org/,validation split,Top-1 Accuracy,%,Percentage of top 1 model predictions that are correct.,0.0,100.0,10.0,True,1000.0
gpunet,float,onnx,73.5,,73.7,55.22,,,,,,,,,,2026-08-30,main,qualcomm-snapdragon-8-elite-for-galaxy,imagenet,https://www.image-net.org/,validation split,Top-1 Accuracy,%,Percentage of top 1 model predictions that are correct.,0.0,100.0,10.0,True,1000.0
gpunet,w8a16,qnn_dlc,73.5,73.2,73.3,42.04,,,,,,,,,,2026-08-30,main,qualcomm-snapdragon-8-elite-for-galaxy,imagenet,https://www.image-net.org/,validation split,Top-1 Accuracy,%,Percentage of top 1 model predictions that are correct.,0.0,100.0,10.0,True,1000.0
gpunet,w8a16,qnn_dlc_via_qnn_ep,73.5,73.2,73.3,42.04,,,,,,,,,,2026-08-30,main,qualcomm-snapdragon-8-elite-for-galaxy,imagenet,https://www.image-net.org/,validation split,Top-1 Accuracy,%,Percentage of top 1 model predictions that are correct.,0.0,100.0,10.0,True,1000.0
gpunet,w8a16,onnx,73.5,73.2,73.3,42.04,,,,,,,,,,2026-08-30,main,qualcomm-snapdragon-8-elite-for-galaxy,imagenet,https://www.image-net.org/,validation split,Top-1 Accuracy,%,Percentage of top 1 model predictions that are correct.,0.0,100.0,10.0,True,1000.0
gpunet,w8a8,tflite,73.5,72.9,71.8,32.92,,,,,,,,,,2026-08-30,main,qualcomm-snapdragon-8-elite-for-galaxy,imagenet,https://www.image-net.org/,validation split,Top-1 Accuracy,%,Percentage of top 1 model predictions that are correct.,0.0,100.0,10.0,True,1000.0
gpunet,w8a8,qnn_dlc,73.5,72.9,72.6,32.92,,,,,,,,,,2026-08-30,main,qualcomm-snapdragon-8-elite-for-galaxy,imagenet,https://www.image-net.org/,validation split,Top-1 Accuracy,%,Percentage of top 1 model predictions that are correct.,0.0,100.0,10.0,True,1000.0
gpunet,w8a8,qnn_dlc_via_qnn_ep,73.5,72.9,72.6,32.92,,,,,,,,,,2026-08-30,main,qualcomm-snapdragon-8-elite-for-galaxy,imagenet,https://www.image-net.org/,validation split,Top-1 Accuracy,%,Percentage of top 1 model predictions that are correct.,0.0,100.0,10.0,True,1000.0
gpunet,w8a8,onnx,73.5,72.9,72.6,32.92,,,,,,,,,,2026-08-30,main,qualcomm-snapdragon-8-elite-for-galaxy,imagenet,https://www.image-net.org/,validation split,Top-1 Accuracy,%,Percentage of top 1 model predictions that are correct.,0.0,100.0,10.0,True,1000.0
inception_v3,float,tflite,77.2,,77.3,77.68,,,,,,,,,,2026-08-30,main,qualcomm-snapdragon-8-elite-for-galaxy,imagenet_inception_v3,https://www.image-net.org/,validation split,Top-1 Accuracy,%,Percentage of top 1 model predictions that are correct.,0.0,100.0,10.0,True,1000.0
inception_v3,float,qnn_dlc,77.2,,77.2,78.35,,,,,,,,,,2026-08-30,main,qualcomm-snapdragon-8-elite-for-galaxy,imagenet_inception_v3,https://www.image-net.org/,validation split,Top-1 Accuracy,%,Percentage of top 1 model predictions that are correct.,0.0,100.0,10.0,True,1000.0
inception_v3,float,qnn_dlc_via_qnn_ep,77.2,,77.2,78.35,,,,,,,,,,2026-08-30,main,qualcomm-snapdragon-8-elite-for-galaxy,imagenet_inception_v3,https://www.image-net.org/,validation split,Top-1 Accuracy,%,Percentage of top 1 model predictions that are correct.,0.0,100.0,10.0,True,1000.0
inception_v3,float,onnx,77.2,,77.3,77.96,,,,,,,,,,2026-08-30,main,qualcomm-snapdragon-8-elite-for-galaxy,imagenet_inception_v3,https://www.image-net.org/,validation split,Top-1 Accuracy,%,Percentage of top 1 model predictions that are correct.,0.0,100.0,10.0,True,1000.0
inception_v3,w8a8,tflite,77.2,77.1,77.1,41.92,,,,,,,,,,2026-08-30,main,qualcomm-snapdragon-8-elite-for-galaxy,imagenet_inception_v3,https://www.image-net.org/,validation split,Top-1 Accuracy,%,Percentage of top 1 model predictions that are correct.,0.0,100.0,10.0,True,1000.0
inception_v3,w8a8,qnn_dlc,77.2,77.1,77.2,41.95,,,,,,,,,,2026-08-30,main,qualcomm-snapdragon-8-elite-for-galaxy,imagenet_inception_v3,https://www.image-net.org/,validation split,Top-1 Accuracy,%,Percentage of top 1 model predictions that are correct.,0.0,100.0,10.0,True,1000.0
inception_v3,w8a8,qnn_dlc_via_qnn_ep,77.2,77.1,77.2,41.95,,,,,,,,,,2026-08-30,main,qualcomm-snapdragon-8-elite-for-galaxy,imagenet_inception_v3,https://www.image-net.org/,validation split,Top-1 Accuracy,%,Percentage of top 1 model predictions that are correct.,0.0,100.0,10.0,True,1000.0
inception_v3,w8a8,onnx,77.2,77.1,77.2,41.95,,,,,,,,,,2026-08-30,main,qualcomm-snapdragon-8-elite-for-galaxy,imagenet_inception_v3,https://www.image-net.org/,validation split,Top-1 Accuracy,%,Percentage of top 1 model predictions that are correct.,0.0,100.0,10.0,True,1000.0
lama_dilated,float,tflite,0.945,,0.945,60.12,,,,,,,,,,2026-08-30,main,qualcomm-snapdragon-8-elite-for-galaxy,celeb_ahq,https://github.com/IIGROUP/MM-CelebA-HQ-Dataset,validation split,Structural Similarity,SSIM,A measure of the perceived quality difference between two images.,0.0,1.0,0.1,True,100.0
lama_dilated,float,qnn_dlc,0.945,,0.945,60.12,,,,,,,,,,2026-08-30,main,qualcomm-snapdragon-8-elite-for-galaxy,celeb_ahq,https://github.com/IIGROUP/MM-CelebA-HQ-Dataset,validation split,Structural Similarity,SSIM,A measure of the perceived quality difference between two images.,0.0,1.0,0.1,True,100.0
lama_dilated,float,qnn_dlc_via_qnn_ep,0.945,,0.945,60.12,,,,,,,,,,2026-08-30,main,qualcomm-snapdragon-8-elite-for-galaxy,celeb_ahq,https://github.com/IIGROUP/MM-CelebA-HQ-Dataset,validation split,Structural Similarity,SSIM,A measure of the perceived quality difference between two images.,0.0,1.0,0.1,True,100.0
lama_dilated,float,onnx,0.945,,0.945,60.12,,,,,,,,,,2026-08-30,main,qualcomm-snapdragon-8-elite-for-galaxy,celeb_ahq,https://github.com/IIGROUP/MM-CelebA-HQ-Dataset,validation split,Structural Similarity,SSIM,A measure of the perceived quality difference between two images.,0.0,1.0,0.1,True,100.0
mediapipe_hand_gesture,w8a8,tflite,,,,47.28,39.24,30.6,11.39,18.43,17.59,52.15,,,,2026-08-30,main,qualcomm-snapdragon-8-elite-for-galaxy,,,,,,,,,,,
mediapipe_hand_gesture,w8a8,qnn_dlc,,,,47.29,39.24,31.31,11.39,27.91,16.32,52.15,,,,2026-08-30,main,qualcomm-snapdragon-8-elite-for-galaxy,,,,,,,,,,,
mediapipe_hand_gesture,w8a8,qnn_dlc_via_qnn_ep,,,,47.29,39.24,31.31,11.39,27.91,16.32,52.15,,,,2026-08-30,main,qualcomm-snapdragon-8-elite-for-galaxy,,,,,,,,,,,
mediapipe_hand_gesture,w8a8,onnx,,,,47.29,39.24,31.31,11.39,27.91,16.32,52.15,,,,2026-08-30,main,qualcomm-snapdragon-8-elite-for-galaxy,,,,,,,,,,,
mediapipe_hand_gesture,float,tflite,,,,78.77,82.62,74.9,11.94,46.68,61.19,82.36,,,,2026-08-30,main,qualcomm-snapdragon-8-elite-for-galaxy,,,,,,,,,,,
mediapipe_hand_gesture,float,qnn_dlc,,,,78.77,82.62,74.9,11.94,46.68,61.19,82.36,,,,2026-08-30,main,qualcomm-snapdragon-8-elite-for-galaxy,,,,,,,,,,,
mediapipe_hand_gesture,float,qnn_dlc_via_qnn_ep,,,,78.77,82.62,74.9,11.94,46.68,61.19,82.36,,,,2026-08-30,main,qualcomm-snapdragon-8-elite-for-galaxy,,,,,,,,,,,
mediapipe_hand_gesture,float,onnx,,,,78.63,83.38,74.21,12.01,45.21,56.44,82.36,,,,2026-08-30,main,qualcomm-snapdragon-8-elite-for-galaxy,,,,,,,,,,,
midas,float,tflite,88.1,,88.1,64.51,,,,,,,,,,2026-08-30,main,qualcomm-snapdragon-8-elite-for-galaxy,nyuv2,https://cs.nyu.edu/~fergus/datasets/nyu_depth_v2.html,validation split,Delta Threshold Accuracy,δ1,The percentage of pixels where the predicted depth is within 25% of the expected.,0.0,100.0,10.0,True,100.0
midas,float,qnn_dlc,88.1,,88.1,64.51,,,,,,,,,,2026-08-30,main,qualcomm-snapdragon-8-elite-for-galaxy,nyuv2,https://cs.nyu.edu/~fergus/datasets/nyu_depth_v2.html,validation split,Delta Threshold Accuracy,δ1,The percentage of pixels where the predicted depth is within 25% of the expected.,0.0,100.0,10.0,True,100.0
midas,float,qnn_dlc_via_qnn_ep,88.1,,88.1,64.51,,,,,,,,,,2026-08-30,main,qualcomm-snapdragon-8-elite-for-galaxy,nyuv2,https://cs.nyu.edu/~fergus/datasets/nyu_depth_v2.html,validation split,Delta Threshold Accuracy,δ1,The percentage of pixels where the predicted depth is within 25% of the expected.,0.0,100.0,10.0,True,100.0
midas,float,onnx,88.1,,88.1,64.1,,,,,,,,,,2026-08-30,main,qualcomm-snapdragon-8-elite-for-galaxy,nyuv2,https://cs.nyu.edu/~fergus/datasets/nyu_depth_v2.html,validation split,Delta Threshold Accuracy,δ1,The percentage of pixels where the predicted depth is within 25% of the expected.,0.0,100.0,10.0,True,100.0
midas,w8a8,tflite,88.1,88.2,88.0,34.25,,,,,,,,,,2026-08-30,main,qualcomm-snapdragon-8-elite-for-galaxy,nyuv2,https://cs.nyu.edu/~fergus/datasets/nyu_depth_v2.html,validation split,Delta Threshold Accuracy,δ1,The percentage of pixels where the predicted depth is within 25% of the expected.,0.0,100.0,10.0,True,100.0
midas,w8a8,qnn_dlc,88.1,88.2,88.0,34.34,,,,,,,,,,2026-08-30,main,qualcomm-snapdragon-8-elite-for-galaxy,nyuv2,https://cs.nyu.edu/~fergus/datasets/nyu_depth_v2.html,validation split,Delta Threshold Accuracy,δ1,The percentage of pixels where the predicted depth is within 25% of the expected.,0.0,100.0,10.0,True,100.0
midas,w8a8,qnn_dlc_via_qnn_ep,88.1,88.2,88.1,34.45,,,,,,,,,,2026-08-30,main,qualcomm-snapdragon-8-elite-for-galaxy,nyuv2,https://cs.nyu.edu/~fergus/datasets/nyu_depth_v2.html,validation split,Delta Threshold Accuracy,δ1,The percentage of pixels where the predicted depth is within 25% of the expected.,0.0,100.0,10.0,True,100.0
midas,w8a8,onnx,88.1,88.2,88.1,34.45,,,,,,,,,,2026-08-30,main,qualcomm-snapdragon-8-elite-for-galaxy,nyuv2,https://cs.nyu.edu/~fergus/datasets/nyu_depth_v2.html,validation split,Delta Threshold Accuracy,δ1,The percentage of pixels where the predicted depth is within 25% of the expected.,0.0,100.0,10.0,True,100.0
mobile_vit,float,tflite,77.2,,77.0,38.77,,,,,,,,,,2026-08-30,main,qualcomm-snapdragon-8-elite-for-galaxy,imagenet_256,https://www.image-net.org/,validation split,Top-1 Accuracy,%,Percentage of top 1 model predictions that are correct.,0.0,100.0,10.0,True,1000.0
mobile_vit,float,qnn_dlc,77.2,,77.0,38.77,,,,,,,,,,2026-08-30,main,qualcomm-snapdragon-8-elite-for-galaxy,imagenet_256,https://www.image-net.org/,validation split,Top-1 Accuracy,%,Percentage of top 1 model predictions that are correct.,0.0,100.0,10.0,True,1000.0
mobile_vit,float,qnn_dlc_via_qnn_ep,77.2,,77.0,38.77,,,,,,,,,,2026-08-30,main,qualcomm-snapdragon-8-elite-for-galaxy,imagenet_256,https://www.image-net.org/,validation split,Top-1 Accuracy,%,Percentage of top 1 model predictions that are correct.,0.0,100.0,10.0,True,1000.0
mobile_vit,float,onnx,77.2,,77.0,38.76,,,,,,,,,,2026-08-30,main,qualcomm-snapdragon-8-elite-for-galaxy,imagenet_256,https://www.image-net.org/,validation split,Top-1 Accuracy,%,Percentage of top 1 model predictions that are correct.,0.0,100.0,10.0,True,1000.0
mobile_vit,w8a16,qnn_dlc,77.2,76.6,76.3,30.78,,,,,,,,,,2026-08-30,main,qualcomm-snapdragon-8-elite-for-galaxy,imagenet_256,https://www.image-net.org/,validation split,Top-1 Accuracy,%,Percentage of top 1 model predictions that are correct.,0.0,100.0,10.0,True,1000.0
mobile_vit,w8a16,qnn_dlc_via_qnn_ep,77.2,76.6,76.3,30.78,,,,,,,,,,2026-08-30,main,qualcomm-snapdragon-8-elite-for-galaxy,imagenet_256,https://www.image-net.org/,validation split,Top-1 Accuracy,%,Percentage of top 1 model predictions that are correct.,0.0,100.0,10.0,True,1000.0
mobile_vit,w8a16,onnx,77.2,76.6,76.3,30.77,,,,,,,,,,2026-08-30,main,qualcomm-snapdragon-8-elite-for-galaxy,imagenet_256,https://www.image-net.org/,validation split,Top-1 Accuracy,%,Percentage of top 1 model predictions that are correct.,0.0,100.0,10.0,True,1000.0
mobilenet_v3_large,float,tflite,72.1,,72.0,62.1,,,,,,,,,,2026-08-30,main,qualcomm-snapdragon-8-elite-for-galaxy,imagenet,https://www.image-net.org/,validation split,Top-1 Accuracy,%,Percentage of top 1 model predictions that are correct.,0.0,100.0,10.0,True,1000.0
mobilenet_v3_large,float,qnn_dlc,72.1,,72.0,62.17,,,,,,,,,,2026-08-30,main,qualcomm-snapdragon-8-elite-for-galaxy,imagenet,https://www.image-net.org/,validation split,Top-1 Accuracy,%,Percentage of top 1 model predictions that are correct.,0.0,100.0,10.0,True,1000.0
mobilenet_v3_large,float,qnn_dlc_via_qnn_ep,72.1,,72.0,62.17,,,,,,,,,,2026-08-30,main,qualcomm-snapdragon-8-elite-for-galaxy,imagenet,https://www.image-net.org/,validation split,Top-1 Accuracy,%,Percentage of top 1 model predictions that are correct.,0.0,100.0,10.0,True,1000.0
mobilenet_v3_large,float,onnx,72.1,,72.1,62.08,,,,,,,,,,2026-08-30,main,qualcomm-snapdragon-8-elite-for-galaxy,imagenet,https://www.image-net.org/,validation split,Top-1 Accuracy,%,Percentage of top 1 model predictions that are correct.,0.0,100.0,10.0,True,1000.0
mobilenet_v3_large,w8a16,qnn_dlc,72.1,72.2,68.1,26.79,,,,,,,,,,2026-08-30,main,qualcomm-snapdragon-8-elite-for-galaxy,imagenet,https://www.image-net.org/,validation split,Top-1 Accuracy,%,Percentage of top 1 model predictions that are correct.,0.0,100.0,10.0,True,1000.0
mobilenet_v3_large,w8a16,qnn_dlc_via_qnn_ep,72.1,72.2,68.1,26.79,,,,,,,,,,2026-08-30,main,qualcomm-snapdragon-8-elite-for-galaxy,imagenet,https://www.image-net.org/,validation split,Top-1 Accuracy,%,Percentage of top 1 model predictions that are correct.,0.0,100.0,10.0,True,1000.0
mobilenet_v3_large,w8a16,onnx,72.1,72.2,68.1,26.79,,,,,,,,,,2026-08-30,main,qualcomm-snapdragon-8-elite-for-galaxy,imagenet,https://www.image-net.org/,validation split,Top-1 Accuracy,%,Percentage of top 1 model predictions that are correct.,0.0,100.0,10.0,True,1000.0
mobilenet_v3_large,w8a8,tflite,72.1,71.3,70.3,31.39,,,,,,,,,,2026-08-30,main,qualcomm-snapdragon-8-elite-for-galaxy,imagenet,https://www.image-net.org/,validation split,Top-1 Accuracy,%,Percentage of top 1 model predictions that are correct.,0.0,100.0,10.0,True,1000.0
mobilenet_v3_large,w8a8,qnn_dlc,72.1,71.3,69.8,31.21,,,,,,,,,,2026-08-30,main,qualcomm-snapdragon-8-elite-for-galaxy,imagenet,https://www.image-net.org/,validation split,Top-1 Accuracy,%,Percentage of top 1 model predictions that are correct.,0.0,100.0,10.0,True,1000.0
mobilenet_v3_large,w8a8,qnn_dlc_via_qnn_ep,72.1,71.3,69.8,31.21,,,,,,,,,,2026-08-30,main,qualcomm-snapdragon-8-elite-for-galaxy,imagenet,https://www.image-net.org/,validation split,Top-1 Accuracy,%,Percentage of top 1 model predictions that are correct.,0.0,100.0,10.0,True,1000.0
mobilenet_v3_large,w8a8,onnx,72.1,71.3,69.8,31.21,,,,,,,,,,2026-08-30,main,qualcomm-snapdragon-8-elite-for-galaxy,imagenet,https://www.image-net.org/,validation split,Top-1 Accuracy,%,Percentage of top 1 model predictions that are correct.,0.0,100.0,10.0,True,1000.0
nasnet,float,tflite,80.2,,80.2,83.96,,,,,,,,,,2026-08-30,main,qualcomm-snapdragon-8-elite-for-galaxy,imagenet_nasnet,https://www.image-net.org/,validation split,Top-1 Accuracy,%,Percentage of top 1 model predictions that are correct.,0.0,100.0,10.0,True,1000.0
nasnet,float,qnn_dlc,80.2,,80.2,86.56,,,,,,,,,,2026-08-30,main,qualcomm-snapdragon-8-elite-for-galaxy,imagenet_nasnet,https://www.image-net.org/,validation split,Top-1 Accuracy,%,Percentage of top 1 model predictions that are correct.,0.0,100.0,10.0,True,1000.0
nasnet,float,qnn_dlc_via_qnn_ep,80.2,,80.2,86.55,,,,,,,,,,2026-08-30,main,qualcomm-snapdragon-8-elite-for-galaxy,imagenet_nasnet,https://www.image-net.org/,validation split,Top-1 Accuracy,%,Percentage of top 1 model predictions that are correct.,0.0,100.0,10.0,True,1000.0
nasnet,float,onnx,80.2,,79.9,37.51,,,,,,,,,,2026-08-30,main,qualcomm-snapdragon-8-elite-for-galaxy,imagenet_nasnet,https://www.image-net.org/,validation split,Top-1 Accuracy,%,Percentage of top 1 model predictions that are correct.,0.0,100.0,10.0,True,1000.0
nasnet,w8a16,qnn_dlc,80.2,80.4,21.9,21.14,,,,,,,,,,2026-08-30,main,qualcomm-snapdragon-8-elite-for-galaxy,imagenet_nasnet,https://www.image-net.org/,validation split,Top-1 Accuracy,%,Percentage of top 1 model predictions that are correct.,0.0,100.0,10.0,True,1000.0
nasnet,w8a16,qnn_dlc_via_qnn_ep,80.2,80.4,22.1,21.14,,,,,,,,,,2026-08-30,main,qualcomm-snapdragon-8-elite-for-galaxy,imagenet_nasnet,https://www.image-net.org/,validation split,Top-1 Accuracy,%,Percentage of top 1 model predictions that are correct.,0.0,100.0,10.0,True,1000.0
nasnet,w8a16,onnx,80.2,80.4,16.2,20.72,,,,,,,,,,2026-08-30,main,qualcomm-snapdragon-8-elite-for-galaxy,imagenet_nasnet,https://www.image-net.org/,validation split,Top-1 Accuracy,%,Percentage of top 1 model predictions that are correct.,0.0,100.0,10.0,True,1000.0
nomic_embed_text,float,tflite,70.2,,84.3,20.19,,,,,,,,,,2026-08-30,main,qualcomm-snapdragon-8-elite-for-galaxy,amazon_counterfactual_classification,,,,,,,,,,100.0
nomic_embed_text,float,qnn_dlc,70.2,,84.3,20.19,,,,,,,,,,2026-08-30,main,qualcomm-snapdragon-8-elite-for-galaxy,amazon_counterfactual_classification,,,,,,,,,,100.0
nomic_embed_text,float,qnn_dlc_via_qnn_ep,70.2,,84.3,20.19,,,,,,,,,,2026-08-30,main,qualcomm-snapdragon-8-elite-for-galaxy,amazon_counterfactual_classification,,,,,,,,,,100.0
nomic_embed_text,float,onnx,70.2,,84.3,20.19,,,,,,,,,,2026-08-30,main,qualcomm-snapdragon-8-elite-for-galaxy,amazon_counterfactual_classification,,,,,,,,,,100.0
owl_vit,float,tflite,50.7,,50.1,57.14,67.85,100.0,,,,,,,,2026-08-30,main,qualcomm-snapdragon-8-elite-for-galaxy,base_coco_owl,https://cocodataset.org/,"COCO val2017 - one (image, class) pair per sample, single text query per inference",Mean Average Precision,mAP@0.5:0.95,Mean Average Precision averaged over IOU thresholds 0.5 to 0.95 in 0.05 increments.,0.0,100.0,10.0,True,100.0
owl_vit,float,qnn_dlc,50.7,,50.1,57.14,67.93,100.0,,,,,,,,2026-08-30,main,qualcomm-snapdragon-8-elite-for-galaxy,base_coco_owl,https://cocodataset.org/,"COCO val2017 - one (image, class) pair per sample, single text query per inference",Mean Average Precision,mAP@0.5:0.95,Mean Average Precision averaged over IOU thresholds 0.5 to 0.95 in 0.05 increments.,0.0,100.0,10.0,True,100.0
owl_vit,float,qnn_dlc_via_qnn_ep,50.7,,22.7,57.14,15.65,100.0,,,,,,,,2026-08-30,main,qualcomm-snapdragon-8-elite-for-galaxy,base_coco_owl,https://cocodataset.org/,"COCO val2017 - one (image, class) pair per sample, single text query per inference",Mean Average Precision,mAP@0.5:0.95,Mean Average Precision averaged over IOU thresholds 0.5 to 0.95 in 0.05 increments.,0.0,100.0,10.0,True,100.0
owl_vit,float,onnx,50.7,,22.7,57.14,15.67,100.0,,,,,,,,2026-08-30,main,qualcomm-snapdragon-8-elite-for-galaxy,base_coco_owl,https://cocodataset.org/,"COCO val2017 - one (image, class) pair per sample, single text query per inference",Mean Average Precision,mAP@0.5:0.95,Mean Average Precision averaged over IOU thresholds 0.5 to 0.95 in 0.05 increments.,0.0,100.0,10.0,True,100.0
owl_vit,w8a16,qnn_dlc,50.7,49.8,49.7,41.11,54.82,100.0,,,,,,,,2026-08-30,main,qualcomm-snapdragon-8-elite-for-galaxy,base_coco_owl,https://cocodataset.org/,"COCO val2017 - one (image, class) pair per sample, single text query per inference",Mean Average Precision,mAP@0.5:0.95,Mean Average Precision averaged over IOU thresholds 0.5 to 0.95 in 0.05 increments.,0.0,100.0,10.0,True,100.0
owl_vit,w8a16,qnn_dlc_via_qnn_ep,50.7,49.8,49.3,41.1,54.81,100.0,,,,,,,,2026-08-30,main,qualcomm-snapdragon-8-elite-for-galaxy,base_coco_owl,https://cocodataset.org/,"COCO val2017 - one (image, class) pair per sample, single text query per inference",Mean Average Precision,mAP@0.5:0.95,Mean Average Precision averaged over IOU thresholds 0.5 to 0.95 in 0.05 increments.,0.0,100.0,10.0,True,100.0
owl_vit,w8a16,onnx,50.7,49.8,47.9,38.6,50.54,100.0,,,,,,,,2026-08-30,main,qualcomm-snapdragon-8-elite-for-galaxy,base_coco_owl,https://cocodataset.org/,"COCO val2017 - one (image, class) pair per sample, single text query per inference",Mean Average Precision,mAP@0.5:0.95,Mean Average Precision averaged over IOU thresholds 0.5 to 0.95 in 0.05 increments.,0.0,100.0,10.0,True,100.0
pidnet,float,tflite,76.9,,76.3,32.36,,,,,,,,,,2026-08-30,main,qualcomm-snapdragon-8-elite-for-galaxy,cityscapes,https://www.cityscapes-dataset.com/,validation split,Mean Intersection Over Union,mIOU,Overlap of predicted and expected segmentation divided by the union size.,0.0,100.0,10.0,True,50.0
pidnet,float,qnn_dlc,76.9,,76.3,32.36,,,,,,,,,,2026-08-30,main,qualcomm-snapdragon-8-elite-for-galaxy,cityscapes,https://www.cityscapes-dataset.com/,validation split,Mean Intersection Over Union,mIOU,Overlap of predicted and expected segmentation divided by the union size.,0.0,100.0,10.0,True,50.0
pidnet,float,qnn_dlc_via_qnn_ep,76.9,,76.3,32.36,,,,,,,,,,2026-08-30,main,qualcomm-snapdragon-8-elite-for-galaxy,cityscapes,https://www.cityscapes-dataset.com/,validation split,Mean Intersection Over Union,mIOU,Overlap of predicted and expected segmentation divided by the union size.,0.0,100.0,10.0,True,50.0
pidnet,float,onnx,76.9,,76.3,32.36,,,,,,,,,,2026-08-30,main,qualcomm-snapdragon-8-elite-for-galaxy,cityscapes,https://www.cityscapes-dataset.com/,validation split,Mean Intersection Over Union,mIOU,Overlap of predicted and expected segmentation divided by the union size.,0.0,100.0,10.0,True,50.0
pidnet,w8a8,tflite,76.9,77.0,74.2,20.86,,,,,,,,,,2026-08-30,main,qualcomm-snapdragon-8-elite-for-galaxy,cityscapes,https://www.cityscapes-dataset.com/,validation split,Mean Intersection Over Union,mIOU,Overlap of predicted and expected segmentation divided by the union size.,0.0,100.0,10.0,True,50.0
pidnet,w8a8,qnn_dlc,76.9,77.0,77.1,35.3,,,,,,,,,,2026-08-30,main,qualcomm-snapdragon-8-elite-for-galaxy,cityscapes,https://www.cityscapes-dataset.com/,validation split,Mean Intersection Over Union,mIOU,Overlap of predicted and expected segmentation divided by the union size.,0.0,100.0,10.0,True,50.0
pidnet,w8a8,qnn_dlc_via_qnn_ep,76.9,77.0,77.1,35.31,,,,,,,,,,2026-08-30,main,qualcomm-snapdragon-8-elite-for-galaxy,cityscapes,https://www.cityscapes-dataset.com/,validation split,Mean Intersection Over Union,mIOU,Overlap of predicted and expected segmentation divided by the union size.,0.0,100.0,10.0,True,50.0
pidnet,w8a8,onnx,76.9,77.0,77.0,35.29,,,,,,,,,,2026-08-30,main,qualcomm-snapdragon-8-elite-for-galaxy,cityscapes,https://www.cityscapes-dataset.com/,validation split,Mean Intersection Over Union,mIOU,Overlap of predicted and expected segmentation divided by the union size.,0.0,100.0,10.0,True,50.0
pspnet,float,tflite,25.4,,25.4,76.22,,,,,,,,,,2026-08-30,main,qualcomm-snapdragon-8-elite-for-galaxy,ade20k_10,https://ade20k.csail.mit.edu/,validation split,Mean Intersection Over Union,mIOU,Overlap of predicted and expected segmentation divided by the union size.,0.0,100.0,10.0,True,10.0
pspnet,float,qnn_dlc,25.4,,25.4,76.22,,,,,,,,,,2026-08-30,main,qualcomm-snapdragon-8-elite-for-galaxy,ade20k_10,https://ade20k.csail.mit.edu/,validation split,Mean Intersection Over Union,mIOU,Overlap of predicted and expected segmentation divided by the union size.,0.0,100.0,10.0,True,10.0
pspnet,float,qnn_dlc_via_qnn_ep,25.4,,25.4,76.22,,,,,,,,,,2026-08-30,main,qualcomm-snapdragon-8-elite-for-galaxy,ade20k_10,https://ade20k.csail.mit.edu/,validation split,Mean Intersection Over Union,mIOU,Overlap of predicted and expected segmentation divided by the union size.,0.0,100.0,10.0,True,10.0
pspnet,float,onnx,25.4,,25.3,75.13,,,,,,,,,,2026-08-30,main,qualcomm-snapdragon-8-elite-for-galaxy,ade20k_10,https://ade20k.csail.mit.edu/,validation split,Mean Intersection Over Union,mIOU,Overlap of predicted and expected segmentation divided by the union size.,0.0,100.0,10.0,True,10.0
pspnet,w8a8,tflite,25.4,28.7,28.7,53.5,,,,,,,,,,2026-08-30,main,qualcomm-snapdragon-8-elite-for-galaxy,ade20k_10,https://ade20k.csail.mit.edu/,validation split,Mean Intersection Over Union,mIOU,Overlap of predicted and expected segmentation divided by the union size.,0.0,100.0,10.0,True,10.0
pspnet,w8a8,qnn_dlc,25.4,28.7,28.7,51.79,,,,,,,,,,2026-08-30,main,qualcomm-snapdragon-8-elite-for-galaxy,ade20k_10,https://ade20k.csail.mit.edu/,validation split,Mean Intersection Over Union,mIOU,Overlap of predicted and expected segmentation divided by the union size.,0.0,100.0,10.0,True,10.0
pspnet,w8a8,qnn_dlc_via_qnn_ep,25.4,28.7,27.8,52.34,,,,,,,,,,2026-08-30,main,qualcomm-snapdragon-8-elite-for-galaxy,ade20k_10,https://ade20k.csail.mit.edu/,validation split,Mean Intersection Over Union,mIOU,Overlap of predicted and expected segmentation divided by the union size.,0.0,100.0,10.0,True,10.0
pspnet,w8a8,onnx,25.4,28.7,27.8,52.34,,,,,,,,,,2026-08-30,main,qualcomm-snapdragon-8-elite-for-galaxy,ade20k_10,https://ade20k.csail.mit.edu/,validation split,Mean Intersection Over Union,mIOU,Overlap of predicted and expected segmentation divided by the union size.,0.0,100.0,10.0,True,10.0
quicksrnetlarge,float,tflite,29.3,,29.3,69.49,,,,,,,,,,2026-08-30,main,qualcomm-snapdragon-8-elite-for-galaxy,set14,https://huggingface.co/datasets/eugenesiow/Set14,all 14 standard SR benchmark images,Peak Signal-to-Noise Ratio (PSNR),dB,A measure of how similar two images are.,0.0,,10.0,True,14.0
quicksrnetlarge,float,qnn_dlc,29.3,,29.3,69.49,,,,,,,,,,2026-08-30,main,qualcomm-snapdragon-8-elite-for-galaxy,set14,https://huggingface.co/datasets/eugenesiow/Set14,all 14 standard SR benchmark images,Peak Signal-to-Noise Ratio (PSNR),dB,A measure of how similar two images are.,0.0,,10.0,True,14.0
quicksrnetlarge,float,qnn_dlc_via_qnn_ep,29.3,,29.3,69.49,,,,,,,,,,2026-08-30,main,qualcomm-snapdragon-8-elite-for-galaxy,set14,https://huggingface.co/datasets/eugenesiow/Set14,all 14 standard SR benchmark images,Peak Signal-to-Noise Ratio (PSNR),dB,A measure of how similar two images are.,0.0,,10.0,True,14.0
quicksrnetlarge,float,onnx,29.3,,29.3,69.49,,,,,,,,,,2026-08-30,main,qualcomm-snapdragon-8-elite-for-galaxy,set14,https://huggingface.co/datasets/eugenesiow/Set14,all 14 standard SR benchmark images,Peak Signal-to-Noise Ratio (PSNR),dB,A measure of how similar two images are.,0.0,,10.0,True,14.0
quicksrnetlarge,w8a8,tflite,29.3,29.1,29.1,41.79,,,,,,,,,,2026-08-30,main,qualcomm-snapdragon-8-elite-for-galaxy,set14,https://huggingface.co/datasets/eugenesiow/Set14,all 14 standard SR benchmark images,Peak Signal-to-Noise Ratio (PSNR),dB,A measure of how similar two images are.,0.0,,10.0,True,14.0
quicksrnetlarge,w8a8,qnn_dlc,29.3,29.1,29.1,41.79,,,,,,,,,,2026-08-30,main,qualcomm-snapdragon-8-elite-for-galaxy,set14,https://huggingface.co/datasets/eugenesiow/Set14,all 14 standard SR benchmark images,Peak Signal-to-Noise Ratio (PSNR),dB,A measure of how similar two images are.,0.0,,10.0,True,14.0
quicksrnetlarge,w8a8,qnn_dlc_via_qnn_ep,29.3,29.1,29.1,41.69,,,,,,,,,,2026-08-30,main,qualcomm-snapdragon-8-elite-for-galaxy,set14,https://huggingface.co/datasets/eugenesiow/Set14,all 14 standard SR benchmark images,Peak Signal-to-Noise Ratio (PSNR),dB,A measure of how similar two images are.,0.0,,10.0,True,14.0
quicksrnetlarge,w8a8,onnx,29.3,29.1,29.1,41.69,,,,,,,,,,2026-08-30,main,qualcomm-snapdragon-8-elite-for-galaxy,set14,https://huggingface.co/datasets/eugenesiow/Set14,all 14 standard SR benchmark images,Peak Signal-to-Noise Ratio (PSNR),dB,A measure of how similar two images are.,0.0,,10.0,True,14.0
regnet_y_800mf,float,tflite,75.5,,75.2,57.09,,,,,,,,,,2026-08-30,main,qualcomm-snapdragon-8-elite-for-galaxy,imagenet,https://www.image-net.org/,validation split,Top-1 Accuracy,%,Percentage of top 1 model predictions that are correct.,0.0,100.0,10.0,True,1000.0
regnet_y_800mf,float,qnn_dlc,75.5,,75.2,57.09,,,,,,,,,,2026-08-30,main,qualcomm-snapdragon-8-elite-for-galaxy,imagenet,https://www.image-net.org/,validation split,Top-1 Accuracy,%,Percentage of top 1 model predictions that are correct.,0.0,100.0,10.0,True,1000.0
regnet_y_800mf,float,qnn_dlc_via_qnn_ep,75.5,,75.2,57.09,,,,,,,,,,2026-08-30,main,qualcomm-snapdragon-8-elite-for-galaxy,imagenet,https://www.image-net.org/,validation split,Top-1 Accuracy,%,Percentage of top 1 model predictions that are correct.,0.0,100.0,10.0,True,1000.0
regnet_y_800mf,float,onnx,75.5,,75.2,57.06,,,,,,,,,,2026-08-30,main,qualcomm-snapdragon-8-elite-for-galaxy,imagenet,https://www.image-net.org/,validation split,Top-1 Accuracy,%,Percentage of top 1 model predictions that are correct.,0.0,100.0,10.0,True,1000.0
regnet_y_800mf,w8a8,tflite,75.5,75.5,74.8,42.73,,,,,,,,,,2026-08-30,main,qualcomm-snapdragon-8-elite-for-galaxy,imagenet,https://www.image-net.org/,validation split,Top-1 Accuracy,%,Percentage of top 1 model predictions that are correct.,0.0,100.0,10.0,True,1000.0
regnet_y_800mf,w8a8,qnn_dlc,75.5,75.5,75.2,42.76,,,,,,,,,,2026-08-30,main,qualcomm-snapdragon-8-elite-for-galaxy,imagenet,https://www.image-net.org/,validation split,Top-1 Accuracy,%,Percentage of top 1 model predictions that are correct.,0.0,100.0,10.0,True,1000.0
regnet_y_800mf,w8a8,qnn_dlc_via_qnn_ep,75.5,75.5,75.2,42.76,,,,,,,,,,2026-08-30,main,qualcomm-snapdragon-8-elite-for-galaxy,imagenet,https://www.image-net.org/,validation split,Top-1 Accuracy,%,Percentage of top 1 model predictions that are correct.,0.0,100.0,10.0,True,1000.0
regnet_y_800mf,w8a8,onnx,75.5,75.5,75.2,42.76,,,,,,,,,,2026-08-30,main,qualcomm-snapdragon-8-elite-for-galaxy,imagenet,https://www.image-net.org/,validation split,Top-1 Accuracy,%,Percentage of top 1 model predictions that are correct.,0.0,100.0,10.0,True,1000.0
resnet101,float,tflite,76.0,,75.8,77.27,,,,,,,,,,2026-08-30,main,qualcomm-snapdragon-8-elite-for-galaxy,imagenet,https://www.image-net.org/,validation split,Top-1 Accuracy,%,Percentage of top 1 model predictions that are correct.,0.0,100.0,10.0,True,1000.0
resnet101,float,qnn_dlc,76.0,,75.8,77.27,,,,,,,,,,2026-08-30,main,qualcomm-snapdragon-8-elite-for-galaxy,imagenet,https://www.image-net.org/,validation split,Top-1 Accuracy,%,Percentage of top 1 model predictions that are correct.,0.0,100.0,10.0,True,1000.0
resnet101,float,qnn_dlc_via_qnn_ep,76.0,,75.8,77.27,,,,,,,,,,2026-08-30,main,qualcomm-snapdragon-8-elite-for-galaxy,imagenet,https://www.image-net.org/,validation split,Top-1 Accuracy,%,Percentage of top 1 model predictions that are correct.,0.0,100.0,10.0,True,1000.0
resnet101,float,onnx,76.0,,75.9,76.17,,,,,,,,,,2026-08-30,main,qualcomm-snapdragon-8-elite-for-galaxy,imagenet,https://www.image-net.org/,validation split,Top-1 Accuracy,%,Percentage of top 1 model predictions that are correct.,0.0,100.0,10.0,True,1000.0
resnet101,w8a8,tflite,76.0,76.2,75.9,42.83,,,,,,,,,,2026-08-30,main,qualcomm-snapdragon-8-elite-for-galaxy,imagenet,https://www.image-net.org/,validation split,Top-1 Accuracy,%,Percentage of top 1 model predictions that are correct.,0.0,100.0,10.0,True,1000.0
resnet101,w8a8,qnn_dlc,76.0,76.2,76.1,42.86,,,,,,,,,,2026-08-30,main,qualcomm-snapdragon-8-elite-for-galaxy,imagenet,https://www.image-net.org/,validation split,Top-1 Accuracy,%,Percentage of top 1 model predictions that are correct.,0.0,100.0,10.0,True,1000.0
resnet101,w8a8,qnn_dlc_via_qnn_ep,76.0,76.2,76.1,42.86,,,,,,,,,,2026-08-30,main,qualcomm-snapdragon-8-elite-for-galaxy,imagenet,https://www.image-net.org/,validation split,Top-1 Accuracy,%,Percentage of top 1 model predictions that are correct.,0.0,100.0,10.0,True,1000.0
resnet101,w8a8,onnx,76.0,76.2,76.1,42.86,,,,,,,,,,2026-08-30,main,qualcomm-snapdragon-8-elite-for-galaxy,imagenet,https://www.image-net.org/,validation split,Top-1 Accuracy,%,Percentage of top 1 model predictions that are correct.,0.0,100.0,10.0,True,1000.0
resnet_2plus1d,float,tflite,75.0,,75.0,81.73,,,,,,,,,,2026-08-30,main,qualcomm-snapdragon-8-elite-for-galaxy,kinetics400,https://github.com/cvdfoundation/kinetics-dataset,part 0 of the validation split,Top-1 Accuracy,%,Percentage of top 1 model predictions that are correct.,0.0,100.0,10.0,True,200.0
resnet_2plus1d,float,qnn_dlc,75.0,,75.0,81.92,,,,,,,,,,2026-08-30,main,qualcomm-snapdragon-8-elite-for-galaxy,kinetics400,https://github.com/cvdfoundation/kinetics-dataset,part 0 of the validation split,Top-1 Accuracy,%,Percentage of top 1 model predictions that are correct.,0.0,100.0,10.0,True,200.0
resnet_2plus1d,float,qnn_dlc_via_qnn_ep,75.0,,75.0,81.92,,,,,,,,,,2026-08-30,main,qualcomm-snapdragon-8-elite-for-galaxy,kinetics400,https://github.com/cvdfoundation/kinetics-dataset,part 0 of the validation split,Top-1 Accuracy,%,Percentage of top 1 model predictions that are correct.,0.0,100.0,10.0,True,200.0
resnet_2plus1d,float,onnx,75.0,,75.0,81.57,,,,,,,,,,2026-08-30,main,qualcomm-snapdragon-8-elite-for-galaxy,kinetics400,https://github.com/cvdfoundation/kinetics-dataset,part 0 of the validation split,Top-1 Accuracy,%,Percentage of top 1 model predictions that are correct.,0.0,100.0,10.0,True,200.0
resnet_2plus1d,w8a8,tflite,75.0,75.0,75.0,51.14,,,,,,,,,,2026-08-30,main,qualcomm-snapdragon-8-elite-for-galaxy,kinetics400,https://github.com/cvdfoundation/kinetics-dataset,part 0 of the validation split,Top-1 Accuracy,%,Percentage of top 1 model predictions that are correct.,0.0,100.0,10.0,True,200.0
resnet_2plus1d,w8a8,qnn_dlc,75.0,75.0,77.5,51.07,,,,,,,,,,2026-08-30,main,qualcomm-snapdragon-8-elite-for-galaxy,kinetics400,https://github.com/cvdfoundation/kinetics-dataset,part 0 of the validation split,Top-1 Accuracy,%,Percentage of top 1 model predictions that are correct.,0.0,100.0,10.0,True,200.0
resnet_2plus1d,w8a8,qnn_dlc_via_qnn_ep,75.0,75.0,77.5,51.07,,,,,,,,,,2026-08-30,main,qualcomm-snapdragon-8-elite-for-galaxy,kinetics400,https://github.com/cvdfoundation/kinetics-dataset,part 0 of the validation split,Top-1 Accuracy,%,Percentage of top 1 model predictions that are correct.,0.0,100.0,10.0,True,200.0
resnet_2plus1d,w8a8,onnx,75.0,75.0,77.5,51.07,,,,,,,,,,2026-08-30,main,qualcomm-snapdragon-8-elite-for-galaxy,kinetics400,https://github.com/cvdfoundation/kinetics-dataset,part 0 of the validation split,Top-1 Accuracy,%,Percentage of top 1 model predictions that are correct.,0.0,100.0,10.0,True,200.0
resnet_3d,float,tflite,70.0,,70.0,82.33,,,,,,,,,,2026-08-30,main,qualcomm-snapdragon-8-elite-for-galaxy,kinetics400,https://github.com/cvdfoundation/kinetics-dataset,part 0 of the validation split,Top-1 Accuracy,%,Percentage of top 1 model predictions that are correct.,0.0,100.0,10.0,True,200.0
resnet_3d,float,qnn_dlc,70.0,,70.0,82.07,,,,,,,,,,2026-08-30,main,qualcomm-snapdragon-8-elite-for-galaxy,kinetics400,https://github.com/cvdfoundation/kinetics-dataset,part 0 of the validation split,Top-1 Accuracy,%,Percentage of top 1 model predictions that are correct.,0.0,100.0,10.0,True,200.0
resnet_3d,float,qnn_dlc_via_qnn_ep,70.0,,70.0,82.07,,,,,,,,,,2026-08-30,main,qualcomm-snapdragon-8-elite-for-galaxy,kinetics400,https://github.com/cvdfoundation/kinetics-dataset,part 0 of the validation split,Top-1 Accuracy,%,Percentage of top 1 model predictions that are correct.,0.0,100.0,10.0,True,200.0
resnet_3d,float,onnx,70.0,,70.0,80.96,,,,,,,,,,2026-08-30,main,qualcomm-snapdragon-8-elite-for-galaxy,kinetics400,https://github.com/cvdfoundation/kinetics-dataset,part 0 of the validation split,Top-1 Accuracy,%,Percentage of top 1 model predictions that are correct.,0.0,100.0,10.0,True,200.0
resnet_3d,w8a8,tflite,70.0,70.0,70.0,52.34,,,,,,,,,,2026-08-30,main,qualcomm-snapdragon-8-elite-for-galaxy,kinetics400,https://github.com/cvdfoundation/kinetics-dataset,part 0 of the validation split,Top-1 Accuracy,%,Percentage of top 1 model predictions that are correct.,0.0,100.0,10.0,True,200.0
resnet_3d,w8a8,qnn_dlc,70.0,70.0,70.0,51.65,,,,,,,,,,2026-08-30,main,qualcomm-snapdragon-8-elite-for-galaxy,kinetics400,https://github.com/cvdfoundation/kinetics-dataset,part 0 of the validation split,Top-1 Accuracy,%,Percentage of top 1 model predictions that are correct.,0.0,100.0,10.0,True,200.0
resnet_3d,w8a8,qnn_dlc_via_qnn_ep,70.0,70.0,70.0,51.68,,,,,,,,,,2026-08-30,main,qualcomm-snapdragon-8-elite-for-galaxy,kinetics400,https://github.com/cvdfoundation/kinetics-dataset,part 0 of the validation split,Top-1 Accuracy,%,Percentage of top 1 model predictions that are correct.,0.0,100.0,10.0,True,200.0
resnet_3d,w8a8,onnx,70.0,70.0,70.0,51.68,,,,,,,,,,2026-08-30,main,qualcomm-snapdragon-8-elite-for-galaxy,kinetics400,https://github.com/cvdfoundation/kinetics-dataset,part 0 of the validation split,Top-1 Accuracy,%,Percentage of top 1 model predictions that are correct.,0.0,100.0,10.0,True,200.0
resnet_mixed,float,tflite,65.0,,65.0,82.0,,,,,,,,,,2026-08-30,main,qualcomm-snapdragon-8-elite-for-galaxy,kinetics400,https://github.com/cvdfoundation/kinetics-dataset,part 0 of the validation split,Top-1 Accuracy,%,Percentage of top 1 model predictions that are correct.,0.0,100.0,10.0,True,200.0
resnet_mixed,float,qnn_dlc,65.0,,65.0,82.2,,,,,,,,,,2026-08-30,main,qualcomm-snapdragon-8-elite-for-galaxy,kinetics400,https://github.com/cvdfoundation/kinetics-dataset,part 0 of the validation split,Top-1 Accuracy,%,Percentage of top 1 model predictions that are correct.,0.0,100.0,10.0,True,200.0
resnet_mixed,float,qnn_dlc_via_qnn_ep,65.0,,65.0,82.2,,,,,,,,,,2026-08-30,main,qualcomm-snapdragon-8-elite-for-galaxy,kinetics400,https://github.com/cvdfoundation/kinetics-dataset,part 0 of the validation split,Top-1 Accuracy,%,Percentage of top 1 model predictions that are correct.,0.0,100.0,10.0,True,200.0
resnet_mixed,float,onnx,65.0,,65.0,81.57,,,,,,,,,,2026-08-30,main,qualcomm-snapdragon-8-elite-for-galaxy,kinetics400,https://github.com/cvdfoundation/kinetics-dataset,part 0 of the validation split,Top-1 Accuracy,%,Percentage of top 1 model predictions that are correct.,0.0,100.0,10.0,True,200.0
resnet_mixed,w8a16,qnn_dlc,65.0,65.0,65.0,58.08,,,,,,,,,,2026-08-30,main,qualcomm-snapdragon-8-elite-for-galaxy,kinetics400,https://github.com/cvdfoundation/kinetics-dataset,part 0 of the validation split,Top-1 Accuracy,%,Percentage of top 1 model predictions that are correct.,0.0,100.0,10.0,True,200.0
resnet_mixed,w8a16,qnn_dlc_via_qnn_ep,65.0,65.0,65.0,58.08,,,,,,,,,,2026-08-30,main,qualcomm-snapdragon-8-elite-for-galaxy,kinetics400,https://github.com/cvdfoundation/kinetics-dataset,part 0 of the validation split,Top-1 Accuracy,%,Percentage of top 1 model predictions that are correct.,0.0,100.0,10.0,True,200.0
resnet_mixed,w8a16,onnx,65.0,65.0,65.0,58.08,,,,,,,,,,2026-08-30,main,qualcomm-snapdragon-8-elite-for-galaxy,kinetics400,https://github.com/cvdfoundation/kinetics-dataset,part 0 of the validation split,Top-1 Accuracy,%,Percentage of top 1 model predictions that are correct.,0.0,100.0,10.0,True,200.0
resnet_mixed,w8a8,tflite,65.0,65.0,65.0,51.39,,,,,,,,,,2026-08-30,main,qualcomm-snapdragon-8-elite-for-galaxy,kinetics400,https://github.com/cvdfoundation/kinetics-dataset,part 0 of the validation split,Top-1 Accuracy,%,Percentage of top 1 model predictions that are correct.,0.0,100.0,10.0,True,200.0
resnet_mixed,w8a8,qnn_dlc,65.0,65.0,65.0,51.23,,,,,,,,,,2026-08-30,main,qualcomm-snapdragon-8-elite-for-galaxy,kinetics400,https://github.com/cvdfoundation/kinetics-dataset,part 0 of the validation split,Top-1 Accuracy,%,Percentage of top 1 model predictions that are correct.,0.0,100.0,10.0,True,200.0
resnet_mixed,w8a8,qnn_dlc_via_qnn_ep,65.0,65.0,65.0,51.25,,,,,,,,,,2026-08-30,main,qualcomm-snapdragon-8-elite-for-galaxy,kinetics400,https://github.com/cvdfoundation/kinetics-dataset,part 0 of the validation split,Top-1 Accuracy,%,Percentage of top 1 model predictions that are correct.,0.0,100.0,10.0,True,200.0
resnet_mixed,w8a8,onnx,65.0,65.0,65.0,51.25,,,,,,,,,,2026-08-30,main,qualcomm-snapdragon-8-elite-for-galaxy,kinetics400,https://github.com/cvdfoundation/kinetics-dataset,part 0 of the validation split,Top-1 Accuracy,%,Percentage of top 1 model predictions that are correct.,0.0,100.0,10.0,True,200.0
rtmdet,float,tflite,51.7,,51.8,46.02,51.11,10.36,,,,,,,,2026-08-30,main,qualcomm-snapdragon-8-elite-for-galaxy,coco,https://cocodataset.org/,val2017 split,Mean Average Precision,mAP@0.5:0.95,Mean Average Precision averaged over IOU thresholds 0.5 to 0.95 in 0.05 increments.,0.0,100.0,10.0,True,300.0
rtmdet,float,qnn_dlc,51.7,,,,,,,,,,,,,2026-08-30,main,qualcomm-snapdragon-8-elite-for-galaxy,coco,https://cocodataset.org/,val2017 split,Mean Average Precision,mAP@0.5:0.95,Mean Average Precision averaged over IOU thresholds 0.5 to 0.95 in 0.05 increments.,0.0,100.0,10.0,True,300.0
rtmdet,float,qnn_dlc_via_qnn_ep,51.7,,,,,,,,,,,,,2026-08-30,main,qualcomm-snapdragon-8-elite-for-galaxy,coco,https://cocodataset.org/,val2017 split,Mean Average Precision,mAP@0.5:0.95,Mean Average Precision averaged over IOU thresholds 0.5 to 0.95 in 0.05 increments.,0.0,100.0,10.0,True,300.0
rtmdet,float,onnx,51.7,,51.7,46.02,51.12,10.36,,,,,,,,2026-08-30,main,qualcomm-snapdragon-8-elite-for-galaxy,coco,https://cocodataset.org/,val2017 split,Mean Average Precision,mAP@0.5:0.95,Mean Average Precision averaged over IOU thresholds 0.5 to 0.95 in 0.05 increments.,0.0,100.0,10.0,True,300.0
rtmdet,w8a16,qnn_dlc,51.7,51.6,,,,,,,,,,,,2026-08-30,main,qualcomm-snapdragon-8-elite-for-galaxy,coco,https://cocodataset.org/,val2017 split,Mean Average Precision,mAP@0.5:0.95,Mean Average Precision averaged over IOU thresholds 0.5 to 0.95 in 0.05 increments.,0.0,100.0,10.0,True,300.0
rtmdet,w8a16,qnn_dlc_via_qnn_ep,51.7,51.6,,,,,,,,,,,,2026-08-30,main,qualcomm-snapdragon-8-elite-for-galaxy,coco,https://cocodataset.org/,val2017 split,Mean Average Precision,mAP@0.5:0.95,Mean Average Precision averaged over IOU thresholds 0.5 to 0.95 in 0.05 increments.,0.0,100.0,10.0,True,300.0
rtmdet,w8a16,onnx,51.7,51.6,51.7,42.95,49.79,15.36,,,,,,,,2026-08-30,main,qualcomm-snapdragon-8-elite-for-galaxy,coco,https://cocodataset.org/,val2017 split,Mean Average Precision,mAP@0.5:0.95,Mean Average Precision averaged over IOU thresholds 0.5 to 0.95 in 0.05 increments.,0.0,100.0,10.0,True,300.0
sam2,float,qnn_dlc,,,,47.58,71.37,53.15,54.5,47.42,58.42,44.93,,,,2026-08-30,main,qualcomm-snapdragon-8-elite-for-galaxy,,,,,,,,,,,
sam2,float,qnn_dlc_via_qnn_ep,,,,47.58,71.37,53.15,54.5,47.42,58.42,44.93,,,,2026-08-30,main,qualcomm-snapdragon-8-elite-for-galaxy,,,,,,,,,,,
sam2,float,onnx,,,,47.66,71.63,53.18,54.5,47.5,58.42,44.93,,,,2026-08-30,main,qualcomm-snapdragon-8-elite-for-galaxy,,,,,,,,,,,
sam2,w8a8,tflite,,,,19.19,38.8,30.49,4.168,18.91,-10.03,1.726,,,,2026-08-30,main,qualcomm-snapdragon-8-elite-for-galaxy,,,,,,,,,,,
sam2,w8a8,qnn_dlc,,,,19.14,38.52,29.8,4.172,18.85,-10.62,1.77,,,,2026-08-30,main,qualcomm-snapdragon-8-elite-for-galaxy,,,,,,,,,,,
sam2,w8a8,qnn_dlc_via_qnn_ep,,,,19.14,38.52,29.8,4.172,18.85,-10.62,1.77,,,,2026-08-30,main,qualcomm-snapdragon-8-elite-for-galaxy,,,,,,,,,,,
sam2,w8a8,onnx,,,,19.14,38.52,29.8,4.172,18.85,-10.62,1.77,,,,2026-08-30,main,qualcomm-snapdragon-8-elite-for-galaxy,,,,,,,,,,,
sinet,float,tflite,93.3,,93.3,66.92,,,,,,,,,,2026-08-30,main,qualcomm-snapdragon-8-elite-for-galaxy,eg1800_segmentation,https://github.com/clovaai/ext_portrait_segmentation,validation split,Mean Intersection Over Union,mIOU,Overlap of predicted and expected segmentation divided by the union size.,0.0,100.0,10.0,True,500.0
sinet,float,qnn_dlc,93.3,,93.3,66.96,,,,,,,,,,2026-08-30,main,qualcomm-snapdragon-8-elite-for-galaxy,eg1800_segmentation,https://github.com/clovaai/ext_portrait_segmentation,validation split,Mean Intersection Over Union,mIOU,Overlap of predicted and expected segmentation divided by the union size.,0.0,100.0,10.0,True,500.0
sinet,float,qnn_dlc_via_qnn_ep,93.3,,93.3,66.95,,,,,,,,,,2026-08-30,main,qualcomm-snapdragon-8-elite-for-galaxy,eg1800_segmentation,https://github.com/clovaai/ext_portrait_segmentation,validation split,Mean Intersection Over Union,mIOU,Overlap of predicted and expected segmentation divided by the union size.,0.0,100.0,10.0,True,500.0
sinet,float,onnx,93.3,,93.3,67.01,,,,,,,,,,2026-08-30,main,qualcomm-snapdragon-8-elite-for-galaxy,eg1800_segmentation,https://github.com/clovaai/ext_portrait_segmentation,validation split,Mean Intersection Over Union,mIOU,Overlap of predicted and expected segmentation divided by the union size.,0.0,100.0,10.0,True,500.0
sinet,w8a16,qnn_dlc,93.3,93.3,93.3,47.61,,,,,,,,,,2026-08-30,main,qualcomm-snapdragon-8-elite-for-galaxy,eg1800_segmentation,https://github.com/clovaai/ext_portrait_segmentation,validation split,Mean Intersection Over Union,mIOU,Overlap of predicted and expected segmentation divided by the union size.,0.0,100.0,10.0,True,500.0
sinet,w8a16,qnn_dlc_via_qnn_ep,93.3,93.3,93.3,47.8,,,,,,,,,,2026-08-30,main,qualcomm-snapdragon-8-elite-for-galaxy,eg1800_segmentation,https://github.com/clovaai/ext_portrait_segmentation,validation split,Mean Intersection Over Union,mIOU,Overlap of predicted and expected segmentation divided by the union size.,0.0,100.0,10.0,True,500.0
sinet,w8a16,onnx,93.3,93.3,18.5,4.174,,,,,,,,,,2026-08-30,main,qualcomm-snapdragon-8-elite-for-galaxy,eg1800_segmentation,https://github.com/clovaai/ext_portrait_segmentation,validation split,Mean Intersection Over Union,mIOU,Overlap of predicted and expected segmentation divided by the union size.,0.0,100.0,10.0,True,500.0
sinet,w8a8,tflite,93.3,92.8,18.5,2.978,,,,,,,,,,2026-08-30,main,qualcomm-snapdragon-8-elite-for-galaxy,eg1800_segmentation,https://github.com/clovaai/ext_portrait_segmentation,validation split,Mean Intersection Over Union,mIOU,Overlap of predicted and expected segmentation divided by the union size.,0.0,100.0,10.0,True,500.0
sinet,w8a8,qnn_dlc,93.3,92.8,93.0,28.77,,,,,,,,,,2026-08-30,main,qualcomm-snapdragon-8-elite-for-galaxy,eg1800_segmentation,https://github.com/clovaai/ext_portrait_segmentation,validation split,Mean Intersection Over Union,mIOU,Overlap of predicted and expected segmentation divided by the union size.,0.0,100.0,10.0,True,500.0
sinet,w8a8,qnn_dlc_via_qnn_ep,93.3,92.8,93.0,28.79,,,,,,,,,,2026-08-30,main,qualcomm-snapdragon-8-elite-for-galaxy,eg1800_segmentation,https://github.com/clovaai/ext_portrait_segmentation,validation split,Mean Intersection Over Union,mIOU,Overlap of predicted and expected segmentation divided by the union size.,0.0,100.0,10.0,True,500.0
sinet,w8a8,onnx,93.3,92.8,18.5,1.607,,,,,,,,,,2026-08-30,main,qualcomm-snapdragon-8-elite-for-galaxy,eg1800_segmentation,https://github.com/clovaai/ext_portrait_segmentation,validation split,Mean Intersection Over Union,mIOU,Overlap of predicted and expected segmentation divided by the union size.,0.0,100.0,10.0,True,500.0
swin_tiny,float,tflite,80.7,,79.9,35.97,,,,,,,,,,2026-08-30,main,qualcomm-snapdragon-8-elite-for-galaxy,imagenet,https://www.image-net.org/,validation split,Top-1 Accuracy,%,Percentage of top 1 model predictions that are correct.,0.0,100.0,10.0,True,1000.0
swin_tiny,float,qnn_dlc,80.7,,80.8,60.99,,,,,,,,,,2026-08-30,main,qualcomm-snapdragon-8-elite-for-galaxy,imagenet,https://www.image-net.org/,validation split,Top-1 Accuracy,%,Percentage of top 1 model predictions that are correct.,0.0,100.0,10.0,True,1000.0
swin_tiny,float,qnn_dlc_via_qnn_ep,80.7,,80.8,60.99,,,,,,,,,,2026-08-30,main,qualcomm-snapdragon-8-elite-for-galaxy,imagenet,https://www.image-net.org/,validation split,Top-1 Accuracy,%,Percentage of top 1 model predictions that are correct.,0.0,100.0,10.0,True,1000.0
swin_tiny,float,onnx,80.7,,77.0,30.7,,,,,,,,,,2026-08-30,main,qualcomm-snapdragon-8-elite-for-galaxy,imagenet,https://www.image-net.org/,validation split,Top-1 Accuracy,%,Percentage of top 1 model predictions that are correct.,0.0,100.0,10.0,True,1000.0
swin_tiny,w8a16,qnn_dlc,80.7,80.9,80.7,45.42,,,,,,,,,,2026-08-30,main,qualcomm-snapdragon-8-elite-for-galaxy,imagenet,https://www.image-net.org/,validation split,Top-1 Accuracy,%,Percentage of top 1 model predictions that are correct.,0.0,100.0,10.0,True,1000.0
swin_tiny,w8a16,qnn_dlc_via_qnn_ep,80.7,80.9,80.7,45.41,,,,,,,,,,2026-08-30,main,qualcomm-snapdragon-8-elite-for-galaxy,imagenet,https://www.image-net.org/,validation split,Top-1 Accuracy,%,Percentage of top 1 model predictions that are correct.,0.0,100.0,10.0,True,1000.0
swin_tiny,w8a16,onnx,80.7,80.9,77.0,29.16,,,,,,,,,,2026-08-30,main,qualcomm-snapdragon-8-elite-for-galaxy,imagenet,https://www.image-net.org/,validation split,Top-1 Accuracy,%,Percentage of top 1 model predictions that are correct.,0.0,100.0,10.0,True,1000.0
track_anything,float,tflite,,,,77.89,67.77,52.2,90.74,63.0,70.48,53.92,77.89,52.2,90.74,2026-08-30,main,qualcomm-snapdragon-8-elite-for-galaxy,,,,,,,,,,,
track_anything,float,qnn_dlc_via_qnn_ep,,,,77.89,67.77,52.2,90.74,63.0,70.48,53.92,77.89,52.2,90.74,2026-08-30,main,qualcomm-snapdragon-8-elite-for-galaxy,,,,,,,,,,,
track_anything,float,onnx,,,,76.07,67.76,52.16,89.82,63.0,70.48,53.98,76.07,52.16,89.82,2026-08-30,main,qualcomm-snapdragon-8-elite-for-galaxy,,,,,,,,,,,
unet_segmentation,float,tflite,97.7,,97.7,62.81,,,,,,,,,,2026-08-30,main,qualcomm-snapdragon-8-elite-for-galaxy,carvana,https://www.kaggle.com/competitions/carvana-image-masking-challenge,train split,Mean Intersection Over Union,mIOU,Overlap of predicted and expected segmentation divided by the union size.,0.0,100.0,10.0,True,100.0
unet_segmentation,float,qnn_dlc,97.7,,97.7,62.81,,,,,,,,,,2026-08-30,main,qualcomm-snapdragon-8-elite-for-galaxy,carvana,https://www.kaggle.com/competitions/carvana-image-masking-challenge,train split,Mean Intersection Over Union,mIOU,Overlap of predicted and expected segmentation divided by the union size.,0.0,100.0,10.0,True,100.0
unet_segmentation,float,qnn_dlc_via_qnn_ep,97.7,,97.7,62.81,,,,,,,,,,2026-08-30,main,qualcomm-snapdragon-8-elite-for-galaxy,carvana,https://www.kaggle.com/competitions/carvana-image-masking-challenge,train split,Mean Intersection Over Union,mIOU,Overlap of predicted and expected segmentation divided by the union size.,0.0,100.0,10.0,True,100.0
unet_segmentation,float,onnx,97.7,,97.7,62.81,,,,,,,,,,2026-08-30,main,qualcomm-snapdragon-8-elite-for-galaxy,carvana,https://www.kaggle.com/competitions/carvana-image-masking-challenge,train split,Mean Intersection Over Union,mIOU,Overlap of predicted and expected segmentation divided by the union size.,0.0,100.0,10.0,True,100.0
unet_segmentation,w8a8,tflite,97.7,97.8,97.8,39.14,,,,,,,,,,2026-08-30,main,qualcomm-snapdragon-8-elite-for-galaxy,carvana,https://www.kaggle.com/competitions/carvana-image-masking-challenge,train split,Mean Intersection Over Union,mIOU,Overlap of predicted and expected segmentation divided by the union size.,0.0,100.0,10.0,True,100.0
unet_segmentation,w8a8,qnn_dlc,97.7,97.8,97.8,39.2,,,,,,,,,,2026-08-30,main,qualcomm-snapdragon-8-elite-for-galaxy,carvana,https://www.kaggle.com/competitions/carvana-image-masking-challenge,train split,Mean Intersection Over Union,mIOU,Overlap of predicted and expected segmentation divided by the union size.,0.0,100.0,10.0,True,100.0
unet_segmentation,w8a8,qnn_dlc_via_qnn_ep,97.7,97.8,97.8,39.2,,,,,,,,,,2026-08-30,main,qualcomm-snapdragon-8-elite-for-galaxy,carvana,https://www.kaggle.com/competitions/carvana-image-masking-challenge,train split,Mean Intersection Over Union,mIOU,Overlap of predicted and expected segmentation divided by the union size.,0.0,100.0,10.0,True,100.0
unet_segmentation,w8a8,onnx,97.7,97.8,97.8,39.2,,,,,,,,,,2026-08-30,main,qualcomm-snapdragon-8-elite-for-galaxy,carvana,https://www.kaggle.com/competitions/carvana-image-masking-challenge,train split,Mean Intersection Over Union,mIOU,Overlap of predicted and expected segmentation divided by the union size.,0.0,100.0,10.0,True,100.0
xlsr,float,tflite,28.7,,28.7,71.7,,,,,,,,,,2026-08-30,main,qualcomm-snapdragon-8-elite-for-galaxy,set14,https://huggingface.co/datasets/eugenesiow/Set14,all 14 standard SR benchmark images,Peak Signal-to-Noise Ratio (PSNR),dB,A measure of how similar two images are.,0.0,,10.0,True,14.0
xlsr,float,qnn_dlc,28.7,,28.7,71.7,,,,,,,,,,2026-08-30,main,qualcomm-snapdragon-8-elite-for-galaxy,set14,https://huggingface.co/datasets/eugenesiow/Set14,all 14 standard SR benchmark images,Peak Signal-to-Noise Ratio (PSNR),dB,A measure of how similar two images are.,0.0,,10.0,True,14.0
xlsr,float,qnn_dlc_via_qnn_ep,28.7,,28.7,71.7,,,,,,,,,,2026-08-30,main,qualcomm-snapdragon-8-elite-for-galaxy,set14,https://huggingface.co/datasets/eugenesiow/Set14,all 14 standard SR benchmark images,Peak Signal-to-Noise Ratio (PSNR),dB,A measure of how similar two images are.,0.0,,10.0,True,14.0
xlsr,float,onnx,28.7,,28.7,71.7,,,,,,,,,,2026-08-30,main,qualcomm-snapdragon-8-elite-for-galaxy,set14,https://huggingface.co/datasets/eugenesiow/Set14,all 14 standard SR benchmark images,Peak Signal-to-Noise Ratio (PSNR),dB,A measure of how similar two images are.,0.0,,10.0,True,14.0
xlsr,w8a8,tflite,28.7,28.6,28.6,42.6,,,,,,,,,,2026-08-30,main,qualcomm-snapdragon-8-elite-for-galaxy,set14,https://huggingface.co/datasets/eugenesiow/Set14,all 14 standard SR benchmark images,Peak Signal-to-Noise Ratio (PSNR),dB,A measure of how similar two images are.,0.0,,10.0,True,14.0
xlsr,w8a8,qnn_dlc,28.7,28.6,28.6,42.6,,,,,,,,,,2026-08-30,main,qualcomm-snapdragon-8-elite-for-galaxy,set14,https://huggingface.co/datasets/eugenesiow/Set14,all 14 standard SR benchmark images,Peak Signal-to-Noise Ratio (PSNR),dB,A measure of how similar two images are.,0.0,,10.0,True,14.0
xlsr,w8a8,qnn_dlc_via_qnn_ep,28.7,28.6,28.6,42.6,,,,,,,,,,2026-08-30,main,qualcomm-snapdragon-8-elite-for-galaxy,set14,https://huggingface.co/datasets/eugenesiow/Set14,all 14 standard SR benchmark images,Peak Signal-to-Noise Ratio (PSNR),dB,A measure of how similar two images are.,0.0,,10.0,True,14.0
xlsr,w8a8,onnx,28.7,28.6,28.6,42.6,,,,,,,,,,2026-08-30,main,qualcomm-snapdragon-8-elite-for-galaxy,set14,https://huggingface.co/datasets/eugenesiow/Set14,all 14 standard SR benchmark images,Peak Signal-to-Noise Ratio (PSNR),dB,A measure of how similar two images are.,0.0,,10.0,True,14.0
yolo26_seg,float,tflite,29.8,,29.7,55.93,53.9,53.75,52.3,,,,,,,2026-08-30,main,qualcomm-snapdragon-8-elite-for-galaxy,coco_seg,https://cocodataset.org/,val2017 split,Mean Average Precision,mAP@0.5:0.95,Mean Average Precision averaged over IOU thresholds 0.5 to 0.95 in 0.05 increments.,0.0,100.0,10.0,True,100.0
yolo26_seg,float,qnn_dlc,29.8,,29.7,55.93,53.9,53.75,52.3,,,,,,,2026-08-30,main,qualcomm-snapdragon-8-elite-for-galaxy,coco_seg,https://cocodataset.org/,val2017 split,Mean Average Precision,mAP@0.5:0.95,Mean Average Precision averaged over IOU thresholds 0.5 to 0.95 in 0.05 increments.,0.0,100.0,10.0,True,100.0
yolo26_seg,float,qnn_dlc_via_qnn_ep,29.8,,29.8,55.93,54.22,53.75,52.3,,,,,,,2026-08-30,main,qualcomm-snapdragon-8-elite-for-galaxy,coco_seg,https://cocodataset.org/,val2017 split,Mean Average Precision,mAP@0.5:0.95,Mean Average Precision averaged over IOU thresholds 0.5 to 0.95 in 0.05 increments.,0.0,100.0,10.0,True,100.0
yolo26_seg,float,onnx,29.8,,29.9,55.92,54.28,53.75,52.31,,,,,,,2026-08-30,main,qualcomm-snapdragon-8-elite-for-galaxy,coco_seg,https://cocodataset.org/,val2017 split,Mean Average Precision,mAP@0.5:0.95,Mean Average Precision averaged over IOU thresholds 0.5 to 0.95 in 0.05 increments.,0.0,100.0,10.0,True,100.0
yolo26_seg,w8a16,qnn_dlc,29.8,29.4,29.6,42.72,44.08,40.47,38.32,,,,,,,2026-08-30,main,qualcomm-snapdragon-8-elite-for-galaxy,coco_seg,https://cocodataset.org/,val2017 split,Mean Average Precision,mAP@0.5:0.95,Mean Average Precision averaged over IOU thresholds 0.5 to 0.95 in 0.05 increments.,0.0,100.0,10.0,True,100.0
yolo26_seg,w8a16,qnn_dlc_via_qnn_ep,29.8,29.4,29.6,42.72,44.08,40.47,38.32,,,,,,,2026-08-30,main,qualcomm-snapdragon-8-elite-for-galaxy,coco_seg,https://cocodataset.org/,val2017 split,Mean Average Precision,mAP@0.5:0.95,Mean Average Precision averaged over IOU thresholds 0.5 to 0.95 in 0.05 increments.,0.0,100.0,10.0,True,100.0
yolo26_seg,w8a16,onnx,29.8,29.4,29.5,38.78,39.1,34.96,34.53,,,,,,,2026-08-30,main,qualcomm-snapdragon-8-elite-for-galaxy,coco_seg,https://cocodataset.org/,val2017 split,Mean Average Precision,mAP@0.5:0.95,Mean Average Precision averaged over IOU thresholds 0.5 to 0.95 in 0.05 increments.,0.0,100.0,10.0,True,100.0
yolov11_pose,float,tflite,49.5,,49.4,60.82,55.5,61.53,,,,,,,,2026-08-30,main,qualcomm-snapdragon-8-elite-for-galaxy,coco_keypoints,https://cocodataset.org/,val2017 split - images with at least one person keypoint annotation,Mean Average Precision,mAP,Mean Average Precision (across predicted classes).,0.0,100.0,10.0,True,300.0
yolov11_pose,float,qnn_dlc,49.5,,49.4,60.82,55.5,61.53,,,,,,,,2026-08-30,main,qualcomm-snapdragon-8-elite-for-galaxy,coco_keypoints,https://cocodataset.org/,val2017 split - images with at least one person keypoint annotation,Mean Average Precision,mAP,Mean Average Precision (across predicted classes).,0.0,100.0,10.0,True,300.0
yolov11_pose,float,qnn_dlc_via_qnn_ep,49.5,,49.4,60.82,55.62,61.53,,,,,,,,2026-08-30,main,qualcomm-snapdragon-8-elite-for-galaxy,coco_keypoints,https://cocodataset.org/,val2017 split - images with at least one person keypoint annotation,Mean Average Precision,mAP,Mean Average Precision (across predicted classes).,0.0,100.0,10.0,True,300.0
yolov11_pose,float,onnx,49.5,,49.4,60.82,55.63,61.53,,,,,,,,2026-08-30,main,qualcomm-snapdragon-8-elite-for-galaxy,coco_keypoints,https://cocodataset.org/,val2017 split - images with at least one person keypoint annotation,Mean Average Precision,mAP,Mean Average Precision (across predicted classes).,0.0,100.0,10.0,True,300.0
yolov11_pose,w8a16,qnn_dlc,49.5,48.9,48.8,52.08,49.56,52.17,,,,,,,,2026-08-30,main,qualcomm-snapdragon-8-elite-for-galaxy,coco_keypoints,https://cocodataset.org/,val2017 split - images with at least one person keypoint annotation,Mean Average Precision,mAP,Mean Average Precision (across predicted classes).,0.0,100.0,10.0,True,300.0
yolov11_pose,w8a16,qnn_dlc_via_qnn_ep,49.5,48.9,48.7,52.08,49.56,52.17,,,,,,,,2026-08-30,main,qualcomm-snapdragon-8-elite-for-galaxy,coco_keypoints,https://cocodataset.org/,val2017 split - images with at least one person keypoint annotation,Mean Average Precision,mAP,Mean Average Precision (across predicted classes).,0.0,100.0,10.0,True,300.0
yolov11_pose,w8a16,onnx,49.5,48.9,49.2,44.13,43.94,46.86,,,,,,,,2026-08-30,main,qualcomm-snapdragon-8-elite-for-galaxy,coco_keypoints,https://cocodataset.org/,val2017 split - images with at least one person keypoint annotation,Mean Average Precision,mAP,Mean Average Precision (across predicted classes).,0.0,100.0,10.0,True,300.0
yolov6,float,tflite,41.4,,41.3,68.05,52.28,,,,,,,,,2026-08-30,main,qualcomm-snapdragon-8-elite-for-galaxy,coco,https://cocodataset.org/,val2017 split,Mean Average Precision,mAP@0.5:0.95,Mean Average Precision averaged over IOU thresholds 0.5 to 0.95 in 0.05 increments.,0.0,100.0,10.0,True,300.0
yolov6,float,qnn_dlc,41.4,,41.3,68.04,52.28,,,,,,,,,2026-08-30,main,qualcomm-snapdragon-8-elite-for-galaxy,coco,https://cocodataset.org/,val2017 split,Mean Average Precision,mAP@0.5:0.95,Mean Average Precision averaged over IOU thresholds 0.5 to 0.95 in 0.05 increments.,0.0,100.0,10.0,True,300.0
yolov6,float,qnn_dlc_via_qnn_ep,41.4,,41.4,68.05,52.28,,,,,,,,,2026-08-30,main,qualcomm-snapdragon-8-elite-for-galaxy,coco,https://cocodataset.org/,val2017 split,Mean Average Precision,mAP@0.5:0.95,Mean Average Precision averaged over IOU thresholds 0.5 to 0.95 in 0.05 increments.,0.0,100.0,10.0,True,300.0
yolov6,float,onnx,41.4,,41.3,68.05,52.28,,,,,,,,,2026-08-30,main,qualcomm-snapdragon-8-elite-for-galaxy,coco,https://cocodataset.org/,val2017 split,Mean Average Precision,mAP@0.5:0.95,Mean Average Precision averaged over IOU thresholds 0.5 to 0.95 in 0.05 increments.,0.0,100.0,10.0,True,300.0
yolov6,w8a16,qnn_dlc,41.4,41.2,41.2,48.01,46.19,,,,,,,,,2026-08-30,main,qualcomm-snapdragon-8-elite-for-galaxy,coco,https://cocodataset.org/,val2017 split,Mean Average Precision,mAP@0.5:0.95,Mean Average Precision averaged over IOU thresholds 0.5 to 0.95 in 0.05 increments.,0.0,100.0,10.0,True,300.0
yolov6,w8a16,qnn_dlc_via_qnn_ep,41.4,41.2,41.3,48.02,46.24,,,,,,,,,2026-08-30,main,qualcomm-snapdragon-8-elite-for-galaxy,coco,https://cocodataset.org/,val2017 split,Mean Average Precision,mAP@0.5:0.95,Mean Average Precision averaged over IOU thresholds 0.5 to 0.95 in 0.05 increments.,0.0,100.0,10.0,True,300.0
yolov6,w8a16,onnx,41.4,41.2,29.0,30.9,27.21,,,,,,,,,2026-08-30,main,qualcomm-snapdragon-8-elite-for-galaxy,coco,https://cocodataset.org/,val2017 split,Mean Average Precision,mAP@0.5:0.95,Mean Average Precision averaged over IOU thresholds 0.5 to 0.95 in 0.05 increments.,0.0,100.0,10.0,True,300.0
yolov6,w8a8,tflite,41.4,0.0,0.0,-151.5,39.35,,,,,,,,,2026-08-30,main,qualcomm-snapdragon-8-elite-for-galaxy,coco,https://cocodataset.org/,val2017 split,Mean Average Precision,mAP@0.5:0.95,Mean Average Precision averaged over IOU thresholds 0.5 to 0.95 in 0.05 increments.,0.0,100.0,10.0,True,300.0
yolov6,w8a8,qnn_dlc,41.4,0.0,0.0,-151.5,41.07,,,,,,,,,2026-08-30,main,qualcomm-snapdragon-8-elite-for-galaxy,coco,https://cocodataset.org/,val2017 split,Mean Average Precision,mAP@0.5:0.95,Mean Average Precision averaged over IOU thresholds 0.5 to 0.95 in 0.05 increments.,0.0,100.0,10.0,True,300.0
yolov6,w8a8,qnn_dlc_via_qnn_ep,41.4,0.0,0.0,-151.5,40.94,,,,,,,,,2026-08-30,main,qualcomm-snapdragon-8-elite-for-galaxy,coco,https://cocodataset.org/,val2017 split,Mean Average Precision,mAP@0.5:0.95,Mean Average Precision averaged over IOU thresholds 0.5 to 0.95 in 0.05 increments.,0.0,100.0,10.0,True,300.0
yolov6,w8a8,onnx,41.4,0.0,0.0,-151.5,27.06,,,,,,,,,2026-08-30,main,qualcomm-snapdragon-8-elite-for-galaxy,coco,https://cocodataset.org/,val2017 split,Mean Average Precision,mAP@0.5:0.95,Mean Average Precision averaged over IOU thresholds 0.5 to 0.95 in 0.05 increments.,0.0,100.0,10.0,True,300.0
yolox,float,tflite,38.4,,2.65e-06,37.72,14.36,5.933,,,,,,,,2026-08-30,main,qualcomm-snapdragon-8-elite-for-galaxy,coco,https://cocodataset.org/,val2017 split,Mean Average Precision,mAP@0.5:0.95,Mean Average Precision averaged over IOU thresholds 0.5 to 0.95 in 0.05 increments.,0.0,100.0,10.0,True,300.0
yolox,float,qnn_dlc,38.4,,7.23e-06,31.28,14.44,6.13,,,,,,,,2026-08-30,main,qualcomm-snapdragon-8-elite-for-galaxy,coco,https://cocodataset.org/,val2017 split,Mean Average Precision,mAP@0.5:0.95,Mean Average Precision averaged over IOU thresholds 0.5 to 0.95 in 0.05 increments.,0.0,100.0,10.0,True,300.0
yolox,float,qnn_dlc_via_qnn_ep,38.4,,2.76e-05,28.61,14.18,6.013,,,,,,,,2026-08-30,main,qualcomm-snapdragon-8-elite-for-galaxy,coco,https://cocodataset.org/,val2017 split,Mean Average Precision,mAP@0.5:0.95,Mean Average Precision averaged over IOU thresholds 0.5 to 0.95 in 0.05 increments.,0.0,100.0,10.0,True,300.0
yolox,float,onnx,38.4,,38.2,60.37,59.91,23.57,,,,,,,,2026-08-30,main,qualcomm-snapdragon-8-elite-for-galaxy,coco,https://cocodataset.org/,val2017 split,Mean Average Precision,mAP@0.5:0.95,Mean Average Precision averaged over IOU thresholds 0.5 to 0.95 in 0.05 increments.,0.0,100.0,10.0,True,300.0
yolox,w8a8_mixed_int16,qnn_dlc,38.4,37.7,0.0,26.24,18.66,7.09,,,,,,,,2026-08-30,main,qualcomm-snapdragon-8-elite-for-galaxy,coco,https://cocodataset.org/,val2017 split,Mean Average Precision,mAP@0.5:0.95,Mean Average Precision averaged over IOU thresholds 0.5 to 0.95 in 0.05 increments.,0.0,100.0,10.0,True,300.0
yolox,w8a8_mixed_int16,qnn_dlc_via_qnn_ep,38.4,37.7,37.9,46.51,47.11,16.13,,,,,,,,2026-08-30,main,qualcomm-snapdragon-8-elite-for-galaxy,coco,https://cocodataset.org/,val2017 split,Mean Average Precision,mAP@0.5:0.95,Mean Average Precision averaged over IOU thresholds 0.5 to 0.95 in 0.05 increments.,0.0,100.0,10.0,True,300.0
yolox,w8a8_mixed_int16,onnx,38.4,37.7,37.9,46.11,46.82,16.0,,,,,,,,2026-08-30,main,qualcomm-snapdragon-8-elite-for-galaxy,coco,https://cocodataset.org/,val2017 split,Mean Average Precision,mAP@0.5:0.95,Mean Average Precision averaged over IOU thresholds 0.5 to 0.95 in 0.05 increments.,0.0,100.0,10.0,True,300.0
yolox,w8a16,qnn_dlc,38.4,38.5,38.5,49.96,51.67,18.31,,,,,,,,2026-08-30,main,qualcomm-snapdragon-8-elite-for-galaxy,coco,https://cocodataset.org/,val2017 split,Mean Average Precision,mAP@0.5:0.95,Mean Average Precision averaged over IOU thresholds 0.5 to 0.95 in 0.05 increments.,0.0,100.0,10.0,True,300.0
yolox,w8a16,qnn_dlc_via_qnn_ep,38.4,38.5,38.5,49.96,51.67,18.31,,,,,,,,2026-08-30,main,qualcomm-snapdragon-8-elite-for-galaxy,coco,https://cocodataset.org/,val2017 split,Mean Average Precision,mAP@0.5:0.95,Mean Average Precision averaged over IOU thresholds 0.5 to 0.95 in 0.05 increments.,0.0,100.0,10.0,True,300.0
yolox,w8a16,onnx,38.4,38.5,38.5,49.96,51.67,18.31,,,,,,,,2026-08-30,main,qualcomm-snapdragon-8-elite-for-galaxy,coco,https://cocodataset.org/,val2017 split,Mean Average Precision,mAP@0.5:0.95,Mean Average Precision averaged over IOU thresholds 0.5 to 0.95 in 0.05 increments.,0.0,100.0,10.0,True,300.0
yolox,w8a8,tflite,38.4,35.9,35.9,34.63,42.31,11.33,,,,,,,,2026-08-30,main,qualcomm-snapdragon-8-elite-for-galaxy,coco,https://cocodataset.org/,val2017 split,Mean Average Precision,mAP@0.5:0.95,Mean Average Precision averaged over IOU thresholds 0.5 to 0.95 in 0.05 increments.,0.0,100.0,10.0,True,300.0
yolox,w8a8,qnn_dlc,38.4,35.9,36.1,34.64,42.24,11.33,,,,,,,,2026-08-30,main,qualcomm-snapdragon-8-elite-for-galaxy,coco,https://cocodataset.org/,val2017 split,Mean Average Precision,mAP@0.5:0.95,Mean Average Precision averaged over IOU thresholds 0.5 to 0.95 in 0.05 increments.,0.0,100.0,10.0,True,300.0
yolox,w8a8,qnn_dlc_via_qnn_ep,38.4,35.9,36.1,34.64,42.27,11.33,,,,,,,,2026-08-30,main,qualcomm-snapdragon-8-elite-for-galaxy,coco,https://cocodataset.org/,val2017 split,Mean Average Precision,mAP@0.5:0.95,Mean Average Precision averaged over IOU thresholds 0.5 to 0.95 in 0.05 increments.,0.0,100.0,10.0,True,300.0
yolox,w8a8,onnx,38.4,35.9,36.1,34.64,42.27,11.33,,,,,,,,2026-08-30,main,qualcomm-snapdragon-8-elite-for-galaxy,coco,https://cocodataset.org/,val2017 split,Mean Average Precision,mAP@0.5:0.95,Mean Average Precision averaged over IOU thresholds 0.5 to 0.95 in 0.05 increments.,0.0,100.0,10.0,True,300.0
stable_diffusion_v1_5,w8a16,qnn_context_binary,,,,46.5,48.59,53.28,,,,,,,,2026-08-30,main,qualcomm-snapdragon-8-elite-for-galaxy,,,,,,,,,,,
stable_diffusion_v1_5,w8a16,precompiled_qnn_onnx,,,,46.5,48.59,53.28,,,,,,,,2026-08-30,main,qualcomm-snapdragon-8-elite-for-galaxy,,,,,,,,,,,
centernet_3d,w8a16,qnn_dlc_via_qnn_ep,9920.0,3780.0,0.0,35.94,14.09,15.72,17.78,18.11,19.24,,,,,2026-08-30,main,qualcomm-snapdragon-8-elite-for-galaxy,kitti,,,,,,,,,,100.0
centernet_3d,w8a16,qnn_context_binary,9920.0,3780.0,0.0,35.94,14.09,15.72,17.78,18.11,19.24,,,,,2026-08-30,main,qualcomm-snapdragon-8-elite-for-galaxy,kitti,,,,,,,,,,100.0
centernet_3d,w8a16,precompiled_qnn_onnx,9920.0,3780.0,0.0,35.94,14.09,15.72,17.78,18.11,19.24,,,,,2026-08-30,main,qualcomm-snapdragon-8-elite-for-galaxy,kitti,,,,,,,,,,100.0
gkt,float,qnn_dlc_via_qnn_ep,0.424,,0.0,15.9,,,,,,,,,,2026-08-30,main,qualcomm-snapdragon-8-elite-for-galaxy,nuscenes_bev_gkt,,,,,,,,,,50.0
gkt,float,qnn_context_binary,0.424,,0.395,38.72,,,,,,,,,,2026-08-30,main,qualcomm-snapdragon-8-elite-for-galaxy,nuscenes_bev_gkt,,,,,,,,,,50.0
gkt,float,precompiled_qnn_onnx,0.424,,0.395,38.72,,,,,,,,,,2026-08-30,main,qualcomm-snapdragon-8-elite-for-galaxy,nuscenes_bev_gkt,,,,,,,,,,50.0
gkt,w8a16_mixed_fp16,qnn_dlc_via_qnn_ep,0.424,0.421,,,,,,,,,,,,2026-08-30,main,qualcomm-snapdragon-8-elite-for-galaxy,nuscenes_bev_gkt,,,,,,,,,,
gkt,w8a16_mixed_fp16,qnn_context_binary,0.424,0.421,,,,,,,,,,,,2026-08-30,main,qualcomm-snapdragon-8-elite-for-galaxy,nuscenes_bev_gkt,,,,,,,,,,
gkt,w8a16_mixed_fp16,precompiled_qnn_onnx,0.424,0.421,,,,,,,,,,,,2026-08-30,main,qualcomm-snapdragon-8-elite-for-galaxy,nuscenes_bev_gkt,,,,,,,,,,
melotts_es,mixed_with_float,qnn_dlc_via_qnn_ep,,,,100.0,100.0,94.08,81.31,82.97,100.0,,37.46,11.11,9.521,2026-08-30,main,qualcomm-snapdragon-8-elite-for-galaxy,,,,,,,,,,,
melotts_es,mixed_with_float,voice_ai,,,,100.0,100.0,94.08,81.31,82.97,100.0,,37.46,11.11,9.521,2026-08-30,main,qualcomm-snapdragon-8-elite-for-galaxy,,,,,,,,,,,
opus_mt_en_es,float,qnn_dlc_via_qnn_ep,,,,15.96,20.91,15.02,15.18,16.02,15.39,15.45,14.74,14.04,14.72,2026-08-30,main,qualcomm-snapdragon-8-elite-for-galaxy,,,,,,,,,,,
opus_mt_en_es,float,voice_ai,,,,15.96,20.91,15.02,15.18,16.02,15.39,15.45,14.74,14.04,14.72,2026-08-30,main,qualcomm-snapdragon-8-elite-for-galaxy,,,,,,,,,,,
owlv2,float,qnn_context_binary,,,,76.26,73.02,90.5,100.0,,,,,,,2026-08-30,main,qualcomm-snapdragon-8-elite-for-galaxy,,,,,,,,,,,
owlv2,float,precompiled_qnn_onnx,,,,76.26,73.02,90.5,100.0,,,,,,,2026-08-30,main,qualcomm-snapdragon-8-elite-for-galaxy,,,,,,,,,,,
pipertts_de,float,qnn_dlc_via_qnn_ep,,,,107.1,113.2,108.5,200.0,254.4,206.0,,40.31,11.11,9.521,2026-08-30,main,qualcomm-snapdragon-8-elite-for-galaxy,,,,,,,,,,,
pipertts_de,float,voice_ai,,,,107.1,113.2,108.5,200.0,254.4,206.0,,40.31,11.11,9.521,2026-08-30,main,qualcomm-snapdragon-8-elite-for-galaxy,,,,,,,,,,,
pipertts_it,float,qnn_dlc_via_qnn_ep,,,,103.7,97.14,107.8,200.0,254.4,206.0,,43.03,11.11,9.521,2026-08-30,main,qualcomm-snapdragon-8-elite-for-galaxy,,,,,,,,,,,
pipertts_it,float,voice_ai,,,,103.7,97.14,107.8,200.0,254.4,206.0,,43.03,11.11,9.521,2026-08-30,main,qualcomm-snapdragon-8-elite-for-galaxy,,,,,,,,,,,
sam3,float,qnn_context_binary,,,,49.79,45.34,43.0,38.33,2.194,24.61,,,,,2026-08-30,main,qualcomm-snapdragon-8-elite-for-galaxy,,,,,,,,,,,
sam3,float,precompiled_qnn_onnx,,,,49.79,45.34,43.0,38.33,2.194,24.61,,,,,2026-08-30,main,qualcomm-snapdragon-8-elite-for-galaxy,,,,,,,,,,,
act,float,tflite,,,,63.53,,,,,,,,,,2026-08-30,main,qualcomm-snapdragon-8-elite-for-galaxy,,,,,,,,,,,
act,float,qnn_dlc,,,,63.6,,,,,,,,,,2026-08-30,main,qualcomm-snapdragon-8-elite-for-galaxy,,,,,,,,,,,
act,float,qnn_dlc_via_qnn_ep,,,,63.6,,,,,,,,,,2026-08-30,main,qualcomm-snapdragon-8-elite-for-galaxy,,,,,,,,,,,
act,float,onnx,,,,67.83,,,,,,,,,,2026-08-30,main,qualcomm-snapdragon-8-elite-for-galaxy,,,,,,,,,,,
centerpoint,float,tflite,,,,138.3,98.43,,,,,,,,,2026-08-30,main,qualcomm-snapdragon-8-elite-for-galaxy,,,,,,,,,,,
centerpoint,float,qnn_dlc,,,,69.24,27.22,,,,,,,,,2026-08-30,main,qualcomm-snapdragon-8-elite-for-galaxy,,,,,,,,,,,
centerpoint,float,qnn_dlc_via_qnn_ep,,,,69.24,27.22,,,,,,,,,2026-08-30,main,qualcomm-snapdragon-8-elite-for-galaxy,,,,,,,,,,,
centerpoint,float,onnx,,,,70.09,16.09,,,,,,,,,2026-08-30,main,qualcomm-snapdragon-8-elite-for-galaxy,,,,,,,,,,,
conditional_detr_resnet50,float,tflite,36.6,,36.6,47.24,43.14,28.18,,,,,,,,2026-08-30,main,qualcomm-snapdragon-8-elite-for-galaxy,coco91_class,https://cocodataset.org/,val2017 split,Mean Average Precision,mAP@0.5:0.95,Mean Average Precision averaged over IOU thresholds 0.5 to 0.95 in 0.05 increments.,0.0,100.0,10.0,True,300.0
conditional_detr_resnet50,float,qnn_dlc,36.6,,36.6,47.24,43.14,28.18,,,,,,,,2026-08-30,main,qualcomm-snapdragon-8-elite-for-galaxy,coco91_class,https://cocodataset.org/,val2017 split,Mean Average Precision,mAP@0.5:0.95,Mean Average Precision averaged over IOU thresholds 0.5 to 0.95 in 0.05 increments.,0.0,100.0,10.0,True,300.0
conditional_detr_resnet50,float,qnn_dlc_via_qnn_ep,36.6,,36.6,47.24,43.14,28.18,,,,,,,,2026-08-30,main,qualcomm-snapdragon-8-elite-for-galaxy,coco91_class,https://cocodataset.org/,val2017 split,Mean Average Precision,mAP@0.5:0.95,Mean Average Precision averaged over IOU thresholds 0.5 to 0.95 in 0.05 increments.,0.0,100.0,10.0,True,300.0
conditional_detr_resnet50,float,onnx,36.6,,36.7,47.21,43.08,28.18,,,,,,,,2026-08-30,main,qualcomm-snapdragon-8-elite-for-galaxy,coco91_class,https://cocodataset.org/,val2017 split,Mean Average Precision,mAP@0.5:0.95,Mean Average Precision averaged over IOU thresholds 0.5 to 0.95 in 0.05 increments.,0.0,100.0,10.0,True,300.0
conditional_detr_resnet50,w8a16_mixed_fp16,qnn_dlc,36.6,36.7,36.8,47.94,44.3,27.02,,,,,,,,2026-08-30,main,qualcomm-snapdragon-8-elite-for-galaxy,coco91_class,https://cocodataset.org/,val2017 split,Mean Average Precision,mAP@0.5:0.95,Mean Average Precision averaged over IOU thresholds 0.5 to 0.95 in 0.05 increments.,0.0,100.0,10.0,True,300.0
conditional_detr_resnet50,w8a16_mixed_fp16,qnn_dlc_via_qnn_ep,36.6,36.7,,,,,,,,,,,,2026-08-30,main,qualcomm-snapdragon-8-elite-for-galaxy,coco91_class,https://cocodataset.org/,val2017 split,Mean Average Precision,mAP@0.5:0.95,Mean Average Precision averaged over IOU thresholds 0.5 to 0.95 in 0.05 increments.,0.0,100.0,10.0,True,300.0
conditional_detr_resnet50,w8a16_mixed_fp16,onnx,36.6,36.7,35.6,29.6,29.49,17.07,,,,,,,,2026-08-30,main,qualcomm-snapdragon-8-elite-for-galaxy,coco91_class,https://cocodataset.org/,val2017 split,Mean Average Precision,mAP@0.5:0.95,Mean Average Precision averaged over IOU thresholds 0.5 to 0.95 in 0.05 increments.,0.0,100.0,10.0,True,300.0
convnext_base,float,tflite,84.6,,84.5,66.17,,,,,,,,,,2026-08-30,main,qualcomm-snapdragon-8-elite-for-galaxy,imagenet,https://www.image-net.org/,validation split,Top-1 Accuracy,%,Percentage of top 1 model predictions that are correct.,0.0,100.0,10.0,True,1000.0
convnext_base,float,qnn_dlc,84.6,,84.5,66.13,,,,,,,,,,2026-08-30,main,qualcomm-snapdragon-8-elite-for-galaxy,imagenet,https://www.image-net.org/,validation split,Top-1 Accuracy,%,Percentage of top 1 model predictions that are correct.,0.0,100.0,10.0,True,1000.0
convnext_base,float,qnn_dlc_via_qnn_ep,84.6,,84.5,66.13,,,,,,,,,,2026-08-30,main,qualcomm-snapdragon-8-elite-for-galaxy,imagenet,https://www.image-net.org/,validation split,Top-1 Accuracy,%,Percentage of top 1 model predictions that are correct.,0.0,100.0,10.0,True,1000.0
convnext_base,float,onnx,84.6,,84.5,65.88,,,,,,,,,,2026-08-30,main,qualcomm-snapdragon-8-elite-for-galaxy,imagenet,https://www.image-net.org/,validation split,Top-1 Accuracy,%,Percentage of top 1 model predictions that are correct.,0.0,100.0,10.0,True,1000.0
convnext_base,w8a16,qnn_dlc,84.6,84.5,84.4,44.35,,,,,,,,,,2026-08-30,main,qualcomm-snapdragon-8-elite-for-galaxy,imagenet,https://www.image-net.org/,validation split,Top-1 Accuracy,%,Percentage of top 1 model predictions that are correct.,0.0,100.0,10.0,True,1000.0
convnext_base,w8a16,qnn_dlc_via_qnn_ep,84.6,84.5,84.4,44.35,,,,,,,,,,2026-08-30,main,qualcomm-snapdragon-8-elite-for-galaxy,imagenet,https://www.image-net.org/,validation split,Top-1 Accuracy,%,Percentage of top 1 model predictions that are correct.,0.0,100.0,10.0,True,1000.0
convnext_base,w8a16,onnx,84.6,84.5,84.4,44.35,,,,,,,,,,2026-08-30,main,qualcomm-snapdragon-8-elite-for-galaxy,imagenet,https://www.image-net.org/,validation split,Top-1 Accuracy,%,Percentage of top 1 model predictions that are correct.,0.0,100.0,10.0,True,1000.0
convnext_v2_base,float,tflite,86.0,,85.5,44.77,,,,,,,,,,2026-08-30,main,qualcomm-snapdragon-8-elite-for-galaxy,imagenet_convnext_v2_base,https://www.image-net.org/,validation split,Top-1 Accuracy,%,Percentage of top 1 model predictions that are correct.,0.0,100.0,10.0,True,1000.0
convnext_v2_base,float,qnn_dlc,86.0,,85.5,44.76,,,,,,,,,,2026-08-30,main,qualcomm-snapdragon-8-elite-for-galaxy,imagenet_convnext_v2_base,https://www.image-net.org/,validation split,Top-1 Accuracy,%,Percentage of top 1 model predictions that are correct.,0.0,100.0,10.0,True,1000.0
convnext_v2_base,float,qnn_dlc_via_qnn_ep,86.0,,85.5,44.76,,,,,,,,,,2026-08-30,main,qualcomm-snapdragon-8-elite-for-galaxy,imagenet_convnext_v2_base,https://www.image-net.org/,validation split,Top-1 Accuracy,%,Percentage of top 1 model predictions that are correct.,0.0,100.0,10.0,True,1000.0
convnext_v2_base,float,onnx,86.0,,85.5,44.76,,,,,,,,,,2026-08-30,main,qualcomm-snapdragon-8-elite-for-galaxy,imagenet_convnext_v2_base,https://www.image-net.org/,validation split,Top-1 Accuracy,%,Percentage of top 1 model predictions that are correct.,0.0,100.0,10.0,True,1000.0
convnext_v2_base,w8a16,qnn_dlc,86.0,85.9,85.9,51.43,,,,,,,,,,2026-08-30,main,qualcomm-snapdragon-8-elite-for-galaxy,imagenet_convnext_v2_base,https://www.image-net.org/,validation split,Top-1 Accuracy,%,Percentage of top 1 model predictions that are correct.,0.0,100.0,10.0,True,1000.0
convnext_v2_base,w8a16,qnn_dlc_via_qnn_ep,86.0,85.9,85.9,51.43,,,,,,,,,,2026-08-30,main,qualcomm-snapdragon-8-elite-for-galaxy,imagenet_convnext_v2_base,https://www.image-net.org/,validation split,Top-1 Accuracy,%,Percentage of top 1 model predictions that are correct.,0.0,100.0,10.0,True,1000.0
convnext_v2_base,w8a16,onnx,86.0,85.9,85.9,51.43,,,,,,,,,,2026-08-30,main,qualcomm-snapdragon-8-elite-for-galaxy,imagenet_convnext_v2_base,https://www.image-net.org/,validation split,Top-1 Accuracy,%,Percentage of top 1 model predictions that are correct.,0.0,100.0,10.0,True,1000.0
deeplab_xception,float,tflite,85.6,,85.6,40.81,,,,,,,,,,2026-08-30,main,qualcomm-snapdragon-8-elite-for-galaxy,voc_segmentation,https://host.robots.ox.ac.uk/pascal/VOC/voc2012/,validation split,Mean Intersection Over Union,mIOU,Overlap of predicted and expected segmentation divided by the union size.,0.0,100.0,10.0,True,400.0
deeplab_xception,float,qnn_dlc,85.6,,85.6,40.81,,,,,,,,,,2026-08-30,main,qualcomm-snapdragon-8-elite-for-galaxy,voc_segmentation,https://host.robots.ox.ac.uk/pascal/VOC/voc2012/,validation split,Mean Intersection Over Union,mIOU,Overlap of predicted and expected segmentation divided by the union size.,0.0,100.0,10.0,True,400.0
deeplab_xception,float,qnn_dlc_via_qnn_ep,85.6,,85.6,40.81,,,,,,,,,,2026-08-30,main,qualcomm-snapdragon-8-elite-for-galaxy,voc_segmentation,https://host.robots.ox.ac.uk/pascal/VOC/voc2012/,validation split,Mean Intersection Over Union,mIOU,Overlap of predicted and expected segmentation divided by the union size.,0.0,100.0,10.0,True,400.0
deeplab_xception,float,onnx,85.6,,85.6,40.81,,,,,,,,,,2026-08-30,main,qualcomm-snapdragon-8-elite-for-galaxy,voc_segmentation,https://host.robots.ox.ac.uk/pascal/VOC/voc2012/,validation split,Mean Intersection Over Union,mIOU,Overlap of predicted and expected segmentation divided by the union size.,0.0,100.0,10.0,True,400.0
deeplab_xception,w8a8,tflite,85.6,84.6,84.7,23.48,,,,,,,,,,2026-08-30,main,qualcomm-snapdragon-8-elite-for-galaxy,voc_segmentation,https://host.robots.ox.ac.uk/pascal/VOC/voc2012/,validation split,Mean Intersection Over Union,mIOU,Overlap of predicted and expected segmentation divided by the union size.,0.0,100.0,10.0,True,400.0
deeplab_xception,w8a8,qnn_dlc,85.6,84.6,84.7,23.48,,,,,,,,,,2026-08-30,main,qualcomm-snapdragon-8-elite-for-galaxy,voc_segmentation,https://host.robots.ox.ac.uk/pascal/VOC/voc2012/,validation split,Mean Intersection Over Union,mIOU,Overlap of predicted and expected segmentation divided by the union size.,0.0,100.0,10.0,True,400.0
deeplab_xception,w8a8,qnn_dlc_via_qnn_ep,85.6,84.6,84.7,23.48,,,,,,,,,,2026-08-30,main,qualcomm-snapdragon-8-elite-for-galaxy,voc_segmentation,https://host.robots.ox.ac.uk/pascal/VOC/voc2012/,validation split,Mean Intersection Over Union,mIOU,Overlap of predicted and expected segmentation divided by the union size.,0.0,100.0,10.0,True,400.0
deeplab_xception,w8a8,onnx,85.6,84.6,84.7,23.48,,,,,,,,,,2026-08-30,main,qualcomm-snapdragon-8-elite-for-galaxy,voc_segmentation,https://host.robots.ox.ac.uk/pascal/VOC/voc2012/,validation split,Mean Intersection Over Union,mIOU,Overlap of predicted and expected segmentation divided by the union size.,0.0,100.0,10.0,True,400.0
deeplabv3_plus_mobilenet,float,tflite,69.3,,69.4,34.6,,,,,,,,,,2026-08-30,main,qualcomm-snapdragon-8-elite-for-galaxy,voc_segmentation,https://host.robots.ox.ac.uk/pascal/VOC/voc2012/,validation split,Mean Intersection Over Union,mIOU,Overlap of predicted and expected segmentation divided by the union size.,0.0,100.0,10.0,True,400.0
deeplabv3_plus_mobilenet,float,qnn_dlc,69.3,,69.4,34.6,,,,,,,,,,2026-08-30,main,qualcomm-snapdragon-8-elite-for-galaxy,voc_segmentation,https://host.robots.ox.ac.uk/pascal/VOC/voc2012/,validation split,Mean Intersection Over Union,mIOU,Overlap of predicted and expected segmentation divided by the union size.,0.0,100.0,10.0,True,400.0
deeplabv3_plus_mobilenet,float,qnn_dlc_via_qnn_ep,69.3,,69.4,34.6,,,,,,,,,,2026-08-30,main,qualcomm-snapdragon-8-elite-for-galaxy,voc_segmentation,https://host.robots.ox.ac.uk/pascal/VOC/voc2012/,validation split,Mean Intersection Over Union,mIOU,Overlap of predicted and expected segmentation divided by the union size.,0.0,100.0,10.0,True,400.0
deeplabv3_plus_mobilenet,float,onnx,69.3,,69.4,34.68,,,,,,,,,,2026-08-30,main,qualcomm-snapdragon-8-elite-for-galaxy,voc_segmentation,https://host.robots.ox.ac.uk/pascal/VOC/voc2012/,validation split,Mean Intersection Over Union,mIOU,Overlap of predicted and expected segmentation divided by the union size.,0.0,100.0,10.0,True,400.0
deeplabv3_plus_mobilenet,w8a16,qnn_dlc,69.3,68.4,68.4,23.11,,,,,,,,,,2026-08-30,main,qualcomm-snapdragon-8-elite-for-galaxy,voc_segmentation,https://host.robots.ox.ac.uk/pascal/VOC/voc2012/,validation split,Mean Intersection Over Union,mIOU,Overlap of predicted and expected segmentation divided by the union size.,0.0,100.0,10.0,True,400.0
deeplabv3_plus_mobilenet,w8a16,qnn_dlc_via_qnn_ep,69.3,68.4,68.4,23.11,,,,,,,,,,2026-08-30,main,qualcomm-snapdragon-8-elite-for-galaxy,voc_segmentation,https://host.robots.ox.ac.uk/pascal/VOC/voc2012/,validation split,Mean Intersection Over Union,mIOU,Overlap of predicted and expected segmentation divided by the union size.,0.0,100.0,10.0,True,400.0
deeplabv3_plus_mobilenet,w8a16,onnx,69.3,68.4,68.4,23.11,,,,,,,,,,2026-08-30,main,qualcomm-snapdragon-8-elite-for-galaxy,voc_segmentation,https://host.robots.ox.ac.uk/pascal/VOC/voc2012/,validation split,Mean Intersection Over Union,mIOU,Overlap of predicted and expected segmentation divided by the union size.,0.0,100.0,10.0,True,400.0
deeplabv3_plus_mobilenet,w8a8,tflite,69.3,68.3,68.3,22.05,,,,,,,,,,2026-08-30,main,qualcomm-snapdragon-8-elite-for-galaxy,voc_segmentation,https://host.robots.ox.ac.uk/pascal/VOC/voc2012/,validation split,Mean Intersection Over Union,mIOU,Overlap of predicted and expected segmentation divided by the union size.,0.0,100.0,10.0,True,400.0
deeplabv3_plus_mobilenet,w8a8,qnn_dlc,69.3,68.3,68.3,22.02,,,,,,,,,,2026-08-30,main,qualcomm-snapdragon-8-elite-for-galaxy,voc_segmentation,https://host.robots.ox.ac.uk/pascal/VOC/voc2012/,validation split,Mean Intersection Over Union,mIOU,Overlap of predicted and expected segmentation divided by the union size.,0.0,100.0,10.0,True,400.0
deeplabv3_plus_mobilenet,w8a8,qnn_dlc_via_qnn_ep,69.3,68.3,68.3,22.02,,,,,,,,,,2026-08-30,main,qualcomm-snapdragon-8-elite-for-galaxy,voc_segmentation,https://host.robots.ox.ac.uk/pascal/VOC/voc2012/,validation split,Mean Intersection Over Union,mIOU,Overlap of predicted and expected segmentation divided by the union size.,0.0,100.0,10.0,True,400.0
deeplabv3_plus_mobilenet,w8a8,onnx,69.3,68.3,68.3,22.02,,,,,,,,,,2026-08-30,main,qualcomm-snapdragon-8-elite-for-galaxy,voc_segmentation,https://host.robots.ox.ac.uk/pascal/VOC/voc2012/,validation split,Mean Intersection Over Union,mIOU,Overlap of predicted and expected segmentation divided by the union size.,0.0,100.0,10.0,True,400.0
deformable_detr,float,tflite,41.4,,,,,,,,,,,,,2026-08-30,main,qualcomm-snapdragon-8-elite-for-galaxy,coco91_class,https://cocodataset.org/,val2017 split,Mean Average Precision,mAP@0.5:0.95,Mean Average Precision averaged over IOU thresholds 0.5 to 0.95 in 0.05 increments.,0.0,100.0,10.0,True,300.0
deformable_detr,float,qnn_dlc,41.4,,,,,,,,,,,,,2026-08-30,main,qualcomm-snapdragon-8-elite-for-galaxy,coco91_class,https://cocodataset.org/,val2017 split,Mean Average Precision,mAP@0.5:0.95,Mean Average Precision averaged over IOU thresholds 0.5 to 0.95 in 0.05 increments.,0.0,100.0,10.0,True,300.0
deformable_detr,float,qnn_dlc_via_qnn_ep,41.4,,,,,,,,,,,,,2026-08-30,main,qualcomm-snapdragon-8-elite-for-galaxy,coco91_class,https://cocodataset.org/,val2017 split,Mean Average Precision,mAP@0.5:0.95,Mean Average Precision averaged over IOU thresholds 0.5 to 0.95 in 0.05 increments.,0.0,100.0,10.0,True,300.0
deformable_detr,float,onnx,41.4,,,,,,,,,,,,,2026-08-30,main,qualcomm-snapdragon-8-elite-for-galaxy,coco91_class,https://cocodataset.org/,val2017 split,Mean Average Precision,mAP@0.5:0.95,Mean Average Precision averaged over IOU thresholds 0.5 to 0.95 in 0.05 increments.,0.0,100.0,10.0,True,300.0
deformable_detr,w8a16,qnn_dlc,41.4,41.1,,,,,,,,,,,,2026-08-30,main,qualcomm-snapdragon-8-elite-for-galaxy,coco91_class,https://cocodataset.org/,val2017 split,Mean Average Precision,mAP@0.5:0.95,Mean Average Precision averaged over IOU thresholds 0.5 to 0.95 in 0.05 increments.,0.0,100.0,10.0,True,300.0
deformable_detr,w8a16,qnn_dlc_via_qnn_ep,41.4,41.1,,,,,,,,,,,,2026-08-30,main,qualcomm-snapdragon-8-elite-for-galaxy,coco91_class,https://cocodataset.org/,val2017 split,Mean Average Precision,mAP@0.5:0.95,Mean Average Precision averaged over IOU thresholds 0.5 to 0.95 in 0.05 increments.,0.0,100.0,10.0,True,300.0
deformable_detr,w8a16,onnx,41.4,41.1,,,,,,,,,,,,2026-08-30,main,qualcomm-snapdragon-8-elite-for-galaxy,coco91_class,https://cocodataset.org/,val2017 split,Mean Average Precision,mAP@0.5:0.95,Mean Average Precision averaged over IOU thresholds 0.5 to 0.95 in 0.05 increments.,0.0,100.0,10.0,True,300.0
detr_resnet50,float,tflite,42.9,,42.6,44.56,39.3,,,,,,,,,2026-08-30,main,qualcomm-snapdragon-8-elite-for-galaxy,coco91_class,https://cocodataset.org/,val2017 split,Mean Average Precision,mAP@0.5:0.95,Mean Average Precision averaged over IOU thresholds 0.5 to 0.95 in 0.05 increments.,0.0,100.0,10.0,True,300.0
detr_resnet50,float,qnn_dlc,42.9,,42.6,44.56,39.3,,,,,,,,,2026-08-30,main,qualcomm-snapdragon-8-elite-for-galaxy,coco91_class,https://cocodataset.org/,val2017 split,Mean Average Precision,mAP@0.5:0.95,Mean Average Precision averaged over IOU thresholds 0.5 to 0.95 in 0.05 increments.,0.0,100.0,10.0,True,300.0
detr_resnet50,float,qnn_dlc_via_qnn_ep,42.9,,42.6,44.56,39.3,,,,,,,,,2026-08-30,main,qualcomm-snapdragon-8-elite-for-galaxy,coco91_class,https://cocodataset.org/,val2017 split,Mean Average Precision,mAP@0.5:0.95,Mean Average Precision averaged over IOU thresholds 0.5 to 0.95 in 0.05 increments.,0.0,100.0,10.0,True,300.0
detr_resnet50,float,onnx,42.9,,42.5,43.69,39.36,,,,,,,,,2026-08-30,main,qualcomm-snapdragon-8-elite-for-galaxy,coco91_class,https://cocodataset.org/,val2017 split,Mean Average Precision,mAP@0.5:0.95,Mean Average Precision averaged over IOU thresholds 0.5 to 0.95 in 0.05 increments.,0.0,100.0,10.0,True,300.0
detr_resnet50,w8a16_mixed_fp16,qnn_dlc,42.9,42.4,,,,,,,,,,,,2026-08-30,main,qualcomm-snapdragon-8-elite-for-galaxy,coco91_class,https://cocodataset.org/,val2017 split,Mean Average Precision,mAP@0.5:0.95,Mean Average Precision averaged over IOU thresholds 0.5 to 0.95 in 0.05 increments.,0.0,100.0,10.0,True,300.0
detr_resnet50,w8a16_mixed_fp16,qnn_dlc_via_qnn_ep,42.9,42.4,,,,,,,,,,,,2026-08-30,main,qualcomm-snapdragon-8-elite-for-galaxy,coco91_class,https://cocodataset.org/,val2017 split,Mean Average Precision,mAP@0.5:0.95,Mean Average Precision averaged over IOU thresholds 0.5 to 0.95 in 0.05 increments.,0.0,100.0,10.0,True,300.0
detr_resnet50,w8a16_mixed_fp16,onnx,42.9,42.4,42.2,22.02,18.71,,,,,,,,,2026-08-30,main,qualcomm-snapdragon-8-elite-for-galaxy,coco91_class,https://cocodataset.org/,val2017 split,Mean Average Precision,mAP@0.5:0.95,Mean Average Precision averaged over IOU thresholds 0.5 to 0.95 in 0.05 increments.,0.0,100.0,10.0,True,300.0
detr_resnet50_dc5,float,tflite,43.7,,43.8,44.18,36.5,32.56,,,,,,,,2026-08-30,main,qualcomm-snapdragon-8-elite-for-galaxy,coco91_class,https://cocodataset.org/,val2017 split,Mean Average Precision,mAP@0.5:0.95,Mean Average Precision averaged over IOU thresholds 0.5 to 0.95 in 0.05 increments.,0.0,100.0,10.0,True,300.0
detr_resnet50_dc5,float,qnn_dlc,43.7,,43.8,44.18,36.5,32.56,,,,,,,,2026-08-30,main,qualcomm-snapdragon-8-elite-for-galaxy,coco91_class,https://cocodataset.org/,val2017 split,Mean Average Precision,mAP@0.5:0.95,Mean Average Precision averaged over IOU thresholds 0.5 to 0.95 in 0.05 increments.,0.0,100.0,10.0,True,300.0
detr_resnet50_dc5,float,qnn_dlc_via_qnn_ep,43.7,,43.8,44.18,36.5,32.56,,,,,,,,2026-08-30,main,qualcomm-snapdragon-8-elite-for-galaxy,coco91_class,https://cocodataset.org/,val2017 split,Mean Average Precision,mAP@0.5:0.95,Mean Average Precision averaged over IOU thresholds 0.5 to 0.95 in 0.05 increments.,0.0,100.0,10.0,True,300.0
detr_resnet50_dc5,float,onnx,43.7,,43.7,43.57,39.01,33.49,,,,,,,,2026-08-30,main,qualcomm-snapdragon-8-elite-for-galaxy,coco91_class,https://cocodataset.org/,val2017 split,Mean Average Precision,mAP@0.5:0.95,Mean Average Precision averaged over IOU thresholds 0.5 to 0.95 in 0.05 increments.,0.0,100.0,10.0,True,300.0
detr_resnet50_dc5,w8a16_mixed_int16,qnn_dlc,43.7,42.9,,,,,,,,,,,,2026-08-30,main,qualcomm-snapdragon-8-elite-for-galaxy,coco91_class,https://cocodataset.org/,val2017 split,Mean Average Precision,mAP@0.5:0.95,Mean Average Precision averaged over IOU thresholds 0.5 to 0.95 in 0.05 increments.,0.0,100.0,10.0,True,300.0
detr_resnet50_dc5,w8a16_mixed_int16,qnn_dlc_via_qnn_ep,43.7,42.9,,,,,,,,,,,,2026-08-30,main,qualcomm-snapdragon-8-elite-for-galaxy,coco91_class,https://cocodataset.org/,val2017 split,Mean Average Precision,mAP@0.5:0.95,Mean Average Precision averaged over IOU thresholds 0.5 to 0.95 in 0.05 increments.,0.0,100.0,10.0,True,300.0
detr_resnet50_dc5,w8a16_mixed_int16,onnx,43.7,42.9,,,,,,,,,,,,2026-08-30,main,qualcomm-snapdragon-8-elite-for-galaxy,coco91_class,https://cocodataset.org/,val2017 split,Mean Average Precision,mAP@0.5:0.95,Mean Average Precision averaged over IOU thresholds 0.5 to 0.95 in 0.05 increments.,0.0,100.0,10.0,True,300.0
dfine,float,tflite,44.5,,7.88,16.16,9.39,10.09,,,,,,,,2026-08-30,main,qualcomm-snapdragon-8-elite-for-galaxy,coco,https://cocodataset.org/,val2017 split,Mean Average Precision,mAP@0.5:0.95,Mean Average Precision averaged over IOU thresholds 0.5 to 0.95 in 0.05 increments.,0.0,100.0,10.0,True,300.0
dfine,float,qnn_dlc,44.5,,43.4,12.81,22.09,10.83,,,,,,,,2026-08-30,main,qualcomm-snapdragon-8-elite-for-galaxy,coco,https://cocodataset.org/,val2017 split,Mean Average Precision,mAP@0.5:0.95,Mean Average Precision averaged over IOU thresholds 0.5 to 0.95 in 0.05 increments.,0.0,100.0,10.0,True,300.0
dfine,float,qnn_dlc_via_qnn_ep,44.5,,43.4,12.81,22.09,10.83,,,,,,,,2026-08-30,main,qualcomm-snapdragon-8-elite-for-galaxy,coco,https://cocodataset.org/,val2017 split,Mean Average Precision,mAP@0.5:0.95,Mean Average Precision averaged over IOU thresholds 0.5 to 0.95 in 0.05 increments.,0.0,100.0,10.0,True,300.0
dfine,float,onnx,44.5,,43.4,12.8,22.1,10.82,,,,,,,,2026-08-30,main,qualcomm-snapdragon-8-elite-for-galaxy,coco,https://cocodataset.org/,val2017 split,Mean Average Precision,mAP@0.5:0.95,Mean Average Precision averaged over IOU thresholds 0.5 to 0.95 in 0.05 increments.,0.0,100.0,10.0,True,300.0
distil_bert_base_uncased_hf,float,tflite,60.0,,60.0,28.26,,,,,,,,,,2026-08-30,main,qualcomm-snapdragon-8-elite-for-galaxy,wikitext_masked_distilbert_distilbert_base_uncased,https://huggingface.co/datasets/wikitext,wikitext-2-raw-v1 validation split,Top-1 Accuracy,%,Percentage of masked tokens correctly predicted (highest-probability token).,0.0,100.0,10.0,True,250.0
distil_bert_base_uncased_hf,float,qnn_dlc,60.0,,60.0,28.26,,,,,,,,,,2026-08-30,main,qualcomm-snapdragon-8-elite-for-galaxy,wikitext_masked_distilbert_distilbert_base_uncased,https://huggingface.co/datasets/wikitext,wikitext-2-raw-v1 validation split,Top-1 Accuracy,%,Percentage of masked tokens correctly predicted (highest-probability token).,0.0,100.0,10.0,True,250.0
distil_bert_base_uncased_hf,float,qnn_dlc_via_qnn_ep,60.0,,0.0,7.549,,,,,,,,,,2026-08-30,main,qualcomm-snapdragon-8-elite-for-galaxy,wikitext_masked_distilbert_distilbert_base_uncased,https://huggingface.co/datasets/wikitext,wikitext-2-raw-v1 validation split,Top-1 Accuracy,%,Percentage of masked tokens correctly predicted (highest-probability token).,0.0,100.0,10.0,True,250.0
distil_bert_base_uncased_hf,float,onnx,60.0,,0.0,7.549,,,,,,,,,,2026-08-30,main,qualcomm-snapdragon-8-elite-for-galaxy,wikitext_masked_distilbert_distilbert_base_uncased,https://huggingface.co/datasets/wikitext,wikitext-2-raw-v1 validation split,Top-1 Accuracy,%,Percentage of masked tokens correctly predicted (highest-probability token).,0.0,100.0,10.0,True,250.0
distil_bert_base_uncased_hf,w8a16,qnn_dlc,60.0,60.4,60.4,25.61,,,,,,,,,,2026-08-30,main,qualcomm-snapdragon-8-elite-for-galaxy,wikitext_masked_distilbert_distilbert_base_uncased,https://huggingface.co/datasets/wikitext,wikitext-2-raw-v1 validation split,Top-1 Accuracy,%,Percentage of masked tokens correctly predicted (highest-probability token).,0.0,100.0,10.0,True,250.0
distil_bert_base_uncased_hf,w8a16,qnn_dlc_via_qnn_ep,60.0,60.4,60.4,25.61,,,,,,,,,,2026-08-30,main,qualcomm-snapdragon-8-elite-for-galaxy,wikitext_masked_distilbert_distilbert_base_uncased,https://huggingface.co/datasets/wikitext,wikitext-2-raw-v1 validation split,Top-1 Accuracy,%,Percentage of masked tokens correctly predicted (highest-probability token).,0.0,100.0,10.0,True,250.0
distil_bert_base_uncased_hf,w8a16,onnx,60.0,60.4,60.4,34.32,,,,,,,,,,2026-08-30,main,qualcomm-snapdragon-8-elite-for-galaxy,wikitext_masked_distilbert_distilbert_base_uncased,https://huggingface.co/datasets/wikitext,wikitext-2-raw-v1 validation split,Top-1 Accuracy,%,Percentage of masked tokens correctly predicted (highest-probability token).,0.0,100.0,10.0,True,250.0
distil_whisper,float,tflite,,,,18.09,16.72,18.49,14.23,17.46,17.22,14.98,16.82,73.15,102.6,2026-08-30,main,qualcomm-snapdragon-8-elite-for-galaxy,,,,,,,,,,,
distil_whisper,float,qnn_dlc,,,,40.61,41.92,43.05,41.99,45.99,40.75,41.22,42.24,73.15,102.6,2026-08-30,main,qualcomm-snapdragon-8-elite-for-galaxy,,,,,,,,,,,
distil_whisper,float,qnn_dlc_via_qnn_ep,,,,40.61,41.92,43.05,41.99,45.99,40.75,41.22,42.24,73.15,102.6,2026-08-30,main,qualcomm-snapdragon-8-elite-for-galaxy,,,,,,,,,,,
distil_whisper,float,onnx,,,,40.61,41.92,43.05,41.99,45.99,40.75,41.22,42.24,73.15,102.6,2026-08-30,main,qualcomm-snapdragon-8-elite-for-galaxy,,,,,,,,,,,
efficientformer,float,tflite,77.1,,77.3,55.09,,,,,,,,,,2026-08-30,main,qualcomm-snapdragon-8-elite-for-galaxy,imagenet,https://www.image-net.org/,validation split,Top-1 Accuracy,%,Percentage of top 1 model predictions that are correct.,0.0,100.0,10.0,True,1000.0
efficientformer,float,qnn_dlc,77.1,,77.2,55.08,,,,,,,,,,2026-08-30,main,qualcomm-snapdragon-8-elite-for-galaxy,imagenet,https://www.image-net.org/,validation split,Top-1 Accuracy,%,Percentage of top 1 model predictions that are correct.,0.0,100.0,10.0,True,1000.0
efficientformer,float,qnn_dlc_via_qnn_ep,77.1,,77.2,55.08,,,,,,,,,,2026-08-30,main,qualcomm-snapdragon-8-elite-for-galaxy,imagenet,https://www.image-net.org/,validation split,Top-1 Accuracy,%,Percentage of top 1 model predictions that are correct.,0.0,100.0,10.0,True,1000.0
efficientformer,float,onnx,77.1,,77.2,55.08,,,,,,,,,,2026-08-30,main,qualcomm-snapdragon-8-elite-for-galaxy,imagenet,https://www.image-net.org/,validation split,Top-1 Accuracy,%,Percentage of top 1 model predictions that are correct.,0.0,100.0,10.0,True,1000.0
efficientformer,w8a16,qnn_dlc,77.1,76.9,77.0,45.48,,,,,,,,,,2026-08-30,main,qualcomm-snapdragon-8-elite-for-galaxy,imagenet,https://www.image-net.org/,validation split,Top-1 Accuracy,%,Percentage of top 1 model predictions that are correct.,0.0,100.0,10.0,True,1000.0
efficientformer,w8a16,qnn_dlc_via_qnn_ep,77.1,76.9,77.0,45.48,,,,,,,,,,2026-08-30,main,qualcomm-snapdragon-8-elite-for-galaxy,imagenet,https://www.image-net.org/,validation split,Top-1 Accuracy,%,Percentage of top 1 model predictions that are correct.,0.0,100.0,10.0,True,1000.0
efficientformer,w8a16,onnx,77.1,76.9,77.0,45.47,,,,,,,,,,2026-08-30,main,qualcomm-snapdragon-8-elite-for-galaxy,imagenet,https://www.image-net.org/,validation split,Top-1 Accuracy,%,Percentage of top 1 model predictions that are correct.,0.0,100.0,10.0,True,1000.0
efficientnet_b0,float,tflite,77.1,,77.1,48.83,,,,,,,,,,2026-08-30,main,qualcomm-snapdragon-8-elite-for-galaxy,imagenet,https://www.image-net.org/,validation split,Top-1 Accuracy,%,Percentage of top 1 model predictions that are correct.,0.0,100.0,10.0,True,1000.0
efficientnet_b0,float,qnn_dlc,77.1,,77.1,48.83,,,,,,,,,,2026-08-30,main,qualcomm-snapdragon-8-elite-for-galaxy,imagenet,https://www.image-net.org/,validation split,Top-1 Accuracy,%,Percentage of top 1 model predictions that are correct.,0.0,100.0,10.0,True,1000.0
efficientnet_b0,float,qnn_dlc_via_qnn_ep,77.1,,77.1,48.83,,,,,,,,,,2026-08-30,main,qualcomm-snapdragon-8-elite-for-galaxy,imagenet,https://www.image-net.org/,validation split,Top-1 Accuracy,%,Percentage of top 1 model predictions that are correct.,0.0,100.0,10.0,True,1000.0
efficientnet_b0,float,onnx,77.1,,77.1,48.83,,,,,,,,,,2026-08-30,main,qualcomm-snapdragon-8-elite-for-galaxy,imagenet,https://www.image-net.org/,validation split,Top-1 Accuracy,%,Percentage of top 1 model predictions that are correct.,0.0,100.0,10.0,True,1000.0
efficientnet_b0,w8a16_mixed_int16,qnn_dlc,77.1,76.6,76.4,45.93,,,,,,,,,,2026-08-30,main,qualcomm-snapdragon-8-elite-for-galaxy,imagenet,https://www.image-net.org/,validation split,Top-1 Accuracy,%,Percentage of top 1 model predictions that are correct.,0.0,100.0,10.0,True,1000.0
efficientnet_b0,w8a16_mixed_int16,qnn_dlc_via_qnn_ep,77.1,76.6,76.4,45.93,,,,,,,,,,2026-08-30,main,qualcomm-snapdragon-8-elite-for-galaxy,imagenet,https://www.image-net.org/,validation split,Top-1 Accuracy,%,Percentage of top 1 model predictions that are correct.,0.0,100.0,10.0,True,1000.0
efficientnet_b0,w8a16_mixed_int16,onnx,77.1,76.6,76.4,45.93,,,,,,,,,,2026-08-30,main,qualcomm-snapdragon-8-elite-for-galaxy,imagenet,https://www.image-net.org/,validation split,Top-1 Accuracy,%,Percentage of top 1 model predictions that are correct.,0.0,100.0,10.0,True,1000.0
efficientnet_b4,float,tflite,82.2,,82.3,52.28,,,,,,,,,,2026-08-30,main,qualcomm-snapdragon-8-elite-for-galaxy,imagenet_efficientnet_b4,https://www.image-net.org/,validation split,Top-1 Accuracy,%,Percentage of top 1 model predictions that are correct.,0.0,100.0,10.0,True,1000.0
efficientnet_b4,float,qnn_dlc,82.2,,82.3,52.28,,,,,,,,,,2026-08-30,main,qualcomm-snapdragon-8-elite-for-galaxy,imagenet_efficientnet_b4,https://www.image-net.org/,validation split,Top-1 Accuracy,%,Percentage of top 1 model predictions that are correct.,0.0,100.0,10.0,True,1000.0
efficientnet_b4,float,qnn_dlc_via_qnn_ep,82.2,,82.3,52.28,,,,,,,,,,2026-08-30,main,qualcomm-snapdragon-8-elite-for-galaxy,imagenet_efficientnet_b4,https://www.image-net.org/,validation split,Top-1 Accuracy,%,Percentage of top 1 model predictions that are correct.,0.0,100.0,10.0,True,1000.0
efficientnet_b4,float,onnx,82.2,,82.3,52.28,,,,,,,,,,2026-08-30,main,qualcomm-snapdragon-8-elite-for-galaxy,imagenet_efficientnet_b4,https://www.image-net.org/,validation split,Top-1 Accuracy,%,Percentage of top 1 model predictions that are correct.,0.0,100.0,10.0,True,1000.0
efficientnet_b4,w8a16,qnn_dlc,82.2,82.0,81.6,44.07,,,,,,,,,,2026-08-30,main,qualcomm-snapdragon-8-elite-for-galaxy,imagenet_efficientnet_b4,https://www.image-net.org/,validation split,Top-1 Accuracy,%,Percentage of top 1 model predictions that are correct.,0.0,100.0,10.0,True,1000.0
efficientnet_b4,w8a16,qnn_dlc_via_qnn_ep,82.2,82.0,81.6,44.07,,,,,,,,,,2026-08-30,main,qualcomm-snapdragon-8-elite-for-galaxy,imagenet_efficientnet_b4,https://www.image-net.org/,validation split,Top-1 Accuracy,%,Percentage of top 1 model predictions that are correct.,0.0,100.0,10.0,True,1000.0
efficientnet_b4,w8a16,onnx,82.2,82.0,81.6,44.07,,,,,,,,,,2026-08-30,main,qualcomm-snapdragon-8-elite-for-galaxy,imagenet_efficientnet_b4,https://www.image-net.org/,validation split,Top-1 Accuracy,%,Percentage of top 1 model predictions that are correct.,0.0,100.0,10.0,True,1000.0
esrgan,float,tflite,26.3,,26.3,59.02,,,,,,,,,,2026-08-30,main,qualcomm-snapdragon-8-elite-for-galaxy,set14,https://huggingface.co/datasets/eugenesiow/Set14,all 14 standard SR benchmark images,Peak Signal-to-Noise Ratio (PSNR),dB,A measure of how similar two images are.,0.0,,10.0,True,14.0
esrgan,float,qnn_dlc,26.3,,26.3,59.02,,,,,,,,,,2026-08-30,main,qualcomm-snapdragon-8-elite-for-galaxy,set14,https://huggingface.co/datasets/eugenesiow/Set14,all 14 standard SR benchmark images,Peak Signal-to-Noise Ratio (PSNR),dB,A measure of how similar two images are.,0.0,,10.0,True,14.0
esrgan,float,qnn_dlc_via_qnn_ep,26.3,,26.3,59.02,,,,,,,,,,2026-08-30,main,qualcomm-snapdragon-8-elite-for-galaxy,set14,https://huggingface.co/datasets/eugenesiow/Set14,all 14 standard SR benchmark images,Peak Signal-to-Noise Ratio (PSNR),dB,A measure of how similar two images are.,0.0,,10.0,True,14.0
esrgan,float,onnx,26.3,,26.3,59.05,,,,,,,,,,2026-08-30,main,qualcomm-snapdragon-8-elite-for-galaxy,set14,https://huggingface.co/datasets/eugenesiow/Set14,all 14 standard SR benchmark images,Peak Signal-to-Noise Ratio (PSNR),dB,A measure of how similar two images are.,0.0,,10.0,True,14.0
esrgan,w8a16,qnn_dlc,26.3,26.3,26.3,42.63,,,,,,,,,,2026-08-30,main,qualcomm-snapdragon-8-elite-for-galaxy,set14,https://huggingface.co/datasets/eugenesiow/Set14,all 14 standard SR benchmark images,Peak Signal-to-Noise Ratio (PSNR),dB,A measure of how similar two images are.,0.0,,10.0,True,14.0
esrgan,w8a16,qnn_dlc_via_qnn_ep,26.3,26.3,26.3,42.63,,,,,,,,,,2026-08-30,main,qualcomm-snapdragon-8-elite-for-galaxy,set14,https://huggingface.co/datasets/eugenesiow/Set14,all 14 standard SR benchmark images,Peak Signal-to-Noise Ratio (PSNR),dB,A measure of how similar two images are.,0.0,,10.0,True,14.0
esrgan,w8a16,onnx,26.3,26.3,26.3,42.63,,,,,,,,,,2026-08-30,main,qualcomm-snapdragon-8-elite-for-galaxy,set14,https://huggingface.co/datasets/eugenesiow/Set14,all 14 standard SR benchmark images,Peak Signal-to-Noise Ratio (PSNR),dB,A measure of how similar two images are.,0.0,,10.0,True,14.0
eyegaze,float,tflite,14.8,,14.8,79.15,63.41,63.09,,,,,,,,2026-08-30,main,qualcomm-snapdragon-8-elite-for-galaxy,mpii_gaze,http://datasets.d2.mpi-inf.mpg.de/MPIIGaze/MPIIGaze.tar.gz,evaluation subset,Mean Angular Error,MAE (Degrees),Mean angular error between predicted and ground truth gaze directions.,0.0,,5.0,False,500.0
eyegaze,float,qnn_dlc,14.8,,14.8,79.19,63.39,63.05,,,,,,,,2026-08-30,main,qualcomm-snapdragon-8-elite-for-galaxy,mpii_gaze,http://datasets.d2.mpi-inf.mpg.de/MPIIGaze/MPIIGaze.tar.gz,evaluation subset,Mean Angular Error,MAE (Degrees),Mean angular error between predicted and ground truth gaze directions.,0.0,,5.0,False,500.0
eyegaze,float,qnn_dlc_via_qnn_ep,14.8,,14.8,79.19,63.39,63.05,,,,,,,,2026-08-30,main,qualcomm-snapdragon-8-elite-for-galaxy,mpii_gaze,http://datasets.d2.mpi-inf.mpg.de/MPIIGaze/MPIIGaze.tar.gz,evaluation subset,Mean Angular Error,MAE (Degrees),Mean angular error between predicted and ground truth gaze directions.,0.0,,5.0,False,500.0
eyegaze,float,onnx,14.8,,14.8,79.19,63.35,63.05,,,,,,,,2026-08-30,main,qualcomm-snapdragon-8-elite-for-galaxy,mpii_gaze,http://datasets.d2.mpi-inf.mpg.de/MPIIGaze/MPIIGaze.tar.gz,evaluation subset,Mean Angular Error,MAE (Degrees),Mean angular error between predicted and ground truth gaze directions.,0.0,,5.0,False,500.0
eyegaze,w8a16,qnn_dlc,14.8,14.4,14.4,54.8,41.27,31.82,,,,,,,,2026-08-30,main,qualcomm-snapdragon-8-elite-for-galaxy,mpii_gaze,http://datasets.d2.mpi-inf.mpg.de/MPIIGaze/MPIIGaze.tar.gz,evaluation subset,Mean Angular Error,MAE (Degrees),Mean angular error between predicted and ground truth gaze directions.,0.0,,5.0,False,500.0
eyegaze,w8a16,qnn_dlc_via_qnn_ep,14.8,14.4,14.4,54.8,41.27,31.82,,,,,,,,2026-08-30,main,qualcomm-snapdragon-8-elite-for-galaxy,mpii_gaze,http://datasets.d2.mpi-inf.mpg.de/MPIIGaze/MPIIGaze.tar.gz,evaluation subset,Mean Angular Error,MAE (Degrees),Mean angular error between predicted and ground truth gaze directions.,0.0,,5.0,False,500.0
eyegaze,w8a16,onnx,14.8,14.4,14.4,54.63,41.27,31.71,,,,,,,,2026-08-30,main,qualcomm-snapdragon-8-elite-for-galaxy,mpii_gaze,http://datasets.d2.mpi-inf.mpg.de/MPIIGaze/MPIIGaze.tar.gz,evaluation subset,Mean Angular Error,MAE (Degrees),Mean angular error between predicted and ground truth gaze directions.,0.0,,5.0,False,500.0
ffnet_40s,float,tflite,76.8,,76.8,66.31,,,,,,,,,,2026-08-30,main,qualcomm-snapdragon-8-elite-for-galaxy,cityscapes,https://www.cityscapes-dataset.com/,validation split,Mean Intersection Over Union,mIOU,Overlap of predicted and expected segmentation divided by the union size.,0.0,100.0,10.0,True,50.0
ffnet_40s,float,qnn_dlc,76.8,,76.8,66.31,,,,,,,,,,2026-08-30,main,qualcomm-snapdragon-8-elite-for-galaxy,cityscapes,https://www.cityscapes-dataset.com/,validation split,Mean Intersection Over Union,mIOU,Overlap of predicted and expected segmentation divided by the union size.,0.0,100.0,10.0,True,50.0
ffnet_40s,float,qnn_dlc_via_qnn_ep,76.8,,76.8,66.31,,,,,,,,,,2026-08-30,main,qualcomm-snapdragon-8-elite-for-galaxy,cityscapes,https://www.cityscapes-dataset.com/,validation split,Mean Intersection Over Union,mIOU,Overlap of predicted and expected segmentation divided by the union size.,0.0,100.0,10.0,True,50.0
ffnet_40s,float,onnx,76.8,,76.8,65.82,,,,,,,,,,2026-08-30,main,qualcomm-snapdragon-8-elite-for-galaxy,cityscapes,https://www.cityscapes-dataset.com/,validation split,Mean Intersection Over Union,mIOU,Overlap of predicted and expected segmentation divided by the union size.,0.0,100.0,10.0,True,50.0
ffnet_40s,w8a8,tflite,76.8,76.6,76.5,34.33,,,,,,,,,,2026-08-30,main,qualcomm-snapdragon-8-elite-for-galaxy,cityscapes,https://www.cityscapes-dataset.com/,validation split,Mean Intersection Over Union,mIOU,Overlap of predicted and expected segmentation divided by the union size.,0.0,100.0,10.0,True,50.0
ffnet_40s,w8a8,qnn_dlc,76.8,76.6,76.4,34.35,,,,,,,,,,2026-08-30,main,qualcomm-snapdragon-8-elite-for-galaxy,cityscapes,https://www.cityscapes-dataset.com/,validation split,Mean Intersection Over Union,mIOU,Overlap of predicted and expected segmentation divided by the union size.,0.0,100.0,10.0,True,50.0
ffnet_40s,w8a8,qnn_dlc_via_qnn_ep,76.8,76.6,76.4,34.35,,,,,,,,,,2026-08-30,main,qualcomm-snapdragon-8-elite-for-galaxy,cityscapes,https://www.cityscapes-dataset.com/,validation split,Mean Intersection Over Union,mIOU,Overlap of predicted and expected segmentation divided by the union size.,0.0,100.0,10.0,True,50.0
ffnet_40s,w8a8,onnx,76.8,76.6,76.4,34.35,,,,,,,,,,2026-08-30,main,qualcomm-snapdragon-8-elite-for-galaxy,cityscapes,https://www.cityscapes-dataset.com/,validation split,Mean Intersection Over Union,mIOU,Overlap of predicted and expected segmentation divided by the union size.,0.0,100.0,10.0,True,50.0
fomm,float,onnx,,,,62.03,62.29,30.21,,,,,,,,2026-08-30,main,qualcomm-snapdragon-8-elite-for-galaxy,,,,,,,,,,,
gear_guard_net,float,tflite,96.8,,96.8,77.19,87.12,4.54,,,,,,,,2026-08-30,main,qualcomm-snapdragon-8-elite-for-galaxy,gear_guard,,,,,,,,,,422.0
gear_guard_net,float,qnn_dlc,96.8,,96.8,77.19,87.12,4.54,,,,,,,,2026-08-30,main,qualcomm-snapdragon-8-elite-for-galaxy,gear_guard,,,,,,,,,,422.0
gear_guard_net,float,qnn_dlc_via_qnn_ep,96.8,,96.8,77.19,87.12,4.54,,,,,,,,2026-08-30,main,qualcomm-snapdragon-8-elite-for-galaxy,gear_guard,,,,,,,,,,422.0
gear_guard_net,float,onnx,96.8,,96.8,77.19,87.16,4.54,,,,,,,,2026-08-30,main,qualcomm-snapdragon-8-elite-for-galaxy,gear_guard,,,,,,,,,,422.0
gear_guard_net,w8a16,qnn_dlc,96.8,96.7,96.6,61.91,61.27,4.268,,,,,,,,2026-08-30,main,qualcomm-snapdragon-8-elite-for-galaxy,gear_guard,,,,,,,,,,422.0
gear_guard_net,w8a16,qnn_dlc_via_qnn_ep,96.8,96.7,96.6,61.91,61.27,4.268,,,,,,,,2026-08-30,main,qualcomm-snapdragon-8-elite-for-galaxy,gear_guard,,,,,,,,,,422.0
gear_guard_net,w8a16,onnx,96.8,96.7,96.6,61.91,61.27,4.268,,,,,,,,2026-08-30,main,qualcomm-snapdragon-8-elite-for-galaxy,gear_guard,,,,,,,,,,422.0
gear_guard_net,w8a8,tflite,96.8,94.7,94.8,23.05,34.96,4.241,,,,,,,,2026-08-30,main,qualcomm-snapdragon-8-elite-for-galaxy,gear_guard,,,,,,,,,,422.0
gear_guard_net,w8a8,qnn_dlc,96.8,94.7,95.0,23.05,34.97,4.241,,,,,,,,2026-08-30,main,qualcomm-snapdragon-8-elite-for-galaxy,gear_guard,,,,,,,,,,422.0
gear_guard_net,w8a8,qnn_dlc_via_qnn_ep,96.8,94.7,95.0,23.05,34.97,4.241,,,,,,,,2026-08-30,main,qualcomm-snapdragon-8-elite-for-galaxy,gear_guard,,,,,,,,,,422.0
gear_guard_net,w8a8,onnx,96.8,94.7,95.0,23.05,34.97,4.241,,,,,,,,2026-08-30,main,qualcomm-snapdragon-8-elite-for-galaxy,gear_guard,,,,,,,,,,422.0
maskrcnn,float,qnn_dlc,,,,78.17,73.38,72.5,72.82,78.06,72.81,45.55,14.53,6.61,6.199,2026-08-30,main,qualcomm-snapdragon-8-elite-for-galaxy,,,,,,,,,,,
maskrcnn,float,qnn_dlc_via_qnn_ep,,,,78.17,73.38,72.5,72.82,78.06,72.81,45.55,14.53,6.61,6.199,2026-08-30,main,qualcomm-snapdragon-8-elite-for-galaxy,,,,,,,,,,,
maskrcnn,float,onnx,,,,77.07,72.26,71.26,70.8,78.05,71.61,45.55,14.53,6.61,6.199,2026-08-30,main,qualcomm-snapdragon-8-elite-for-galaxy,,,,,,,,,,,
mediapipe_hand,float,tflite,,,,77.97,76.34,200.0,19.98,79.36,,,,,,2026-08-30,main,qualcomm-snapdragon-8-elite-for-galaxy,,,,,,,,,,,
mediapipe_hand,float,qnn_dlc,,,,77.97,76.34,200.0,19.98,79.42,,,,,,2026-08-30,main,qualcomm-snapdragon-8-elite-for-galaxy,,,,,,,,,,,
mediapipe_hand,float,qnn_dlc_via_qnn_ep,,,,77.97,76.34,200.0,19.98,79.42,,,,,,2026-08-30,main,qualcomm-snapdragon-8-elite-for-galaxy,,,,,,,,,,,
mediapipe_hand,float,onnx,,,,77.39,75.11,200.0,19.53,79.24,,,,,,2026-08-30,main,qualcomm-snapdragon-8-elite-for-galaxy,,,,,,,,,,,
mobile_facenet,float,tflite,98.2,,98.2,63.47,,,,,,,,,,2026-08-30,main,qualcomm-snapdragon-8-elite-for-galaxy,lfw,http://vis-www.cs.umass.edu/lfw/,LFW standard test split (6000 pairs),Accuracy,%,Verification accuracy on LFW pairs: fraction of same/different predictions that match ground truth at the cosine-angle threshold.,0.0,100.0,10.0,True,500.0
mobile_facenet,float,qnn_dlc,98.2,,98.2,63.47,,,,,,,,,,2026-08-30,main,qualcomm-snapdragon-8-elite-for-galaxy,lfw,http://vis-www.cs.umass.edu/lfw/,LFW standard test split (6000 pairs),Accuracy,%,Verification accuracy on LFW pairs: fraction of same/different predictions that match ground truth at the cosine-angle threshold.,0.0,100.0,10.0,True,500.0
mobile_facenet,float,qnn_dlc_via_qnn_ep,98.2,,98.2,63.47,,,,,,,,,,2026-08-30,main,qualcomm-snapdragon-8-elite-for-galaxy,lfw,http://vis-www.cs.umass.edu/lfw/,LFW standard test split (6000 pairs),Accuracy,%,Verification accuracy on LFW pairs: fraction of same/different predictions that match ground truth at the cosine-angle threshold.,0.0,100.0,10.0,True,500.0
mobile_facenet,float,onnx,98.2,,98.2,63.47,,,,,,,,,,2026-08-30,main,qualcomm-snapdragon-8-elite-for-galaxy,lfw,http://vis-www.cs.umass.edu/lfw/,LFW standard test split (6000 pairs),Accuracy,%,Verification accuracy on LFW pairs: fraction of same/different predictions that match ground truth at the cosine-angle threshold.,0.0,100.0,10.0,True,500.0
mobile_facenet,w8a16,qnn_dlc,98.2,98.2,98.2,39.19,,,,,,,,,,2026-08-30,main,qualcomm-snapdragon-8-elite-for-galaxy,lfw,http://vis-www.cs.umass.edu/lfw/,LFW standard test split (6000 pairs),Accuracy,%,Verification accuracy on LFW pairs: fraction of same/different predictions that match ground truth at the cosine-angle threshold.,0.0,100.0,10.0,True,500.0
mobile_facenet,w8a16,qnn_dlc_via_qnn_ep,98.2,98.2,98.2,39.19,,,,,,,,,,2026-08-30,main,qualcomm-snapdragon-8-elite-for-galaxy,lfw,http://vis-www.cs.umass.edu/lfw/,LFW standard test split (6000 pairs),Accuracy,%,Verification accuracy on LFW pairs: fraction of same/different predictions that match ground truth at the cosine-angle threshold.,0.0,100.0,10.0,True,500.0
mobile_facenet,w8a16,onnx,98.2,98.2,98.2,39.19,,,,,,,,,,2026-08-30,main,qualcomm-snapdragon-8-elite-for-galaxy,lfw,http://vis-www.cs.umass.edu/lfw/,LFW standard test split (6000 pairs),Accuracy,%,Verification accuracy on LFW pairs: fraction of same/different predictions that match ground truth at the cosine-angle threshold.,0.0,100.0,10.0,True,500.0
mobilenet_v2,float,tflite,72.4,,72.3,58.79,,,,,,,,,,2026-08-30,main,qualcomm-snapdragon-8-elite-for-galaxy,imagenet,https://www.image-net.org/,validation split,Top-1 Accuracy,%,Percentage of top 1 model predictions that are correct.,0.0,100.0,10.0,True,1000.0
mobilenet_v2,float,qnn_dlc,72.4,,72.3,58.79,,,,,,,,,,2026-08-30,main,qualcomm-snapdragon-8-elite-for-galaxy,imagenet,https://www.image-net.org/,validation split,Top-1 Accuracy,%,Percentage of top 1 model predictions that are correct.,0.0,100.0,10.0,True,1000.0
mobilenet_v2,float,qnn_dlc_via_qnn_ep,72.4,,72.3,58.79,,,,,,,,,,2026-08-30,main,qualcomm-snapdragon-8-elite-for-galaxy,imagenet,https://www.image-net.org/,validation split,Top-1 Accuracy,%,Percentage of top 1 model predictions that are correct.,0.0,100.0,10.0,True,1000.0
mobilenet_v2,float,onnx,72.4,,72.4,58.76,,,,,,,,,,2026-08-30,main,qualcomm-snapdragon-8-elite-for-galaxy,imagenet,https://www.image-net.org/,validation split,Top-1 Accuracy,%,Percentage of top 1 model predictions that are correct.,0.0,100.0,10.0,True,1000.0
mobilenet_v2,w8a16_mixed_int16,qnn_dlc,72.4,72.3,72.2,49.0,,,,,,,,,,2026-08-30,main,qualcomm-snapdragon-8-elite-for-galaxy,imagenet,https://www.image-net.org/,validation split,Top-1 Accuracy,%,Percentage of top 1 model predictions that are correct.,0.0,100.0,10.0,True,1000.0
mobilenet_v2,w8a16_mixed_int16,qnn_dlc_via_qnn_ep,72.4,72.3,72.2,49.0,,,,,,,,,,2026-08-30,main,qualcomm-snapdragon-8-elite-for-galaxy,imagenet,https://www.image-net.org/,validation split,Top-1 Accuracy,%,Percentage of top 1 model predictions that are correct.,0.0,100.0,10.0,True,1000.0
mobilenet_v2,w8a16_mixed_int16,onnx,72.4,72.3,72.2,49.0,,,,,,,,,,2026-08-30,main,qualcomm-snapdragon-8-elite-for-galaxy,imagenet,https://www.image-net.org/,validation split,Top-1 Accuracy,%,Percentage of top 1 model predictions that are correct.,0.0,100.0,10.0,True,1000.0
mobilenet_v2,w8a16,qnn_dlc,72.4,70.1,70.1,33.23,,,,,,,,,,2026-08-30,main,qualcomm-snapdragon-8-elite-for-galaxy,imagenet,https://www.image-net.org/,validation split,Top-1 Accuracy,%,Percentage of top 1 model predictions that are correct.,0.0,100.0,10.0,True,1000.0
mobilenet_v2,w8a16,qnn_dlc_via_qnn_ep,72.4,70.1,70.1,33.23,,,,,,,,,,2026-08-30,main,qualcomm-snapdragon-8-elite-for-galaxy,imagenet,https://www.image-net.org/,validation split,Top-1 Accuracy,%,Percentage of top 1 model predictions that are correct.,0.0,100.0,10.0,True,1000.0
mobilenet_v2,w8a16,onnx,72.4,70.1,70.1,33.23,,,,,,,,,,2026-08-30,main,qualcomm-snapdragon-8-elite-for-galaxy,imagenet,https://www.image-net.org/,validation split,Top-1 Accuracy,%,Percentage of top 1 model predictions that are correct.,0.0,100.0,10.0,True,1000.0
mobilenet_v2,w8a8,tflite,72.4,71.1,70.9,34.12,,,,,,,,,,2026-08-30,main,qualcomm-snapdragon-8-elite-for-galaxy,imagenet,https://www.image-net.org/,validation split,Top-1 Accuracy,%,Percentage of top 1 model predictions that are correct.,0.0,100.0,10.0,True,1000.0
mobilenet_v2,w8a8,qnn_dlc,72.4,71.1,70.8,34.1,,,,,,,,,,2026-08-30,main,qualcomm-snapdragon-8-elite-for-galaxy,imagenet,https://www.image-net.org/,validation split,Top-1 Accuracy,%,Percentage of top 1 model predictions that are correct.,0.0,100.0,10.0,True,1000.0
mobilenet_v2,w8a8,qnn_dlc_via_qnn_ep,72.4,71.1,70.8,34.1,,,,,,,,,,2026-08-30,main,qualcomm-snapdragon-8-elite-for-galaxy,imagenet,https://www.image-net.org/,validation split,Top-1 Accuracy,%,Percentage of top 1 model predictions that are correct.,0.0,100.0,10.0,True,1000.0
mobilenet_v2,w8a8,onnx,72.4,71.1,70.8,34.1,,,,,,,,,,2026-08-30,main,qualcomm-snapdragon-8-elite-for-galaxy,imagenet,https://www.image-net.org/,validation split,Top-1 Accuracy,%,Percentage of top 1 model predictions that are correct.,0.0,100.0,10.0,True,1000.0
nafnet_deblur,float,tflite,29.4,,29.4,77.82,,,,,,,,,,2026-08-30,main,qualcomm-snapdragon-8-elite-for-galaxy,reds,https://seungjunnah.github.io/Datasets/reds.html,REDS dataset for image deblurring,Peak Signal-to-Noise Ratio (PSNR),dB,A measure of how similar the denoised image is to the clean original.,0.0,,10.0,True,50.0
nafnet_deblur,float,qnn_dlc,29.4,,29.4,77.82,,,,,,,,,,2026-08-30,main,qualcomm-snapdragon-8-elite-for-galaxy,reds,https://seungjunnah.github.io/Datasets/reds.html,REDS dataset for image deblurring,Peak Signal-to-Noise Ratio (PSNR),dB,A measure of how similar the denoised image is to the clean original.,0.0,,10.0,True,50.0
nafnet_deblur,float,qnn_dlc_via_qnn_ep,29.4,,29.4,77.82,,,,,,,,,,2026-08-30,main,qualcomm-snapdragon-8-elite-for-galaxy,reds,https://seungjunnah.github.io/Datasets/reds.html,REDS dataset for image deblurring,Peak Signal-to-Noise Ratio (PSNR),dB,A measure of how similar the denoised image is to the clean original.,0.0,,10.0,True,50.0
nafnet_deblur,float,onnx,29.4,,29.4,77.82,,,,,,,,,,2026-08-30,main,qualcomm-snapdragon-8-elite-for-galaxy,reds,https://seungjunnah.github.io/Datasets/reds.html,REDS dataset for image deblurring,Peak Signal-to-Noise Ratio (PSNR),dB,A measure of how similar the denoised image is to the clean original.,0.0,,10.0,True,50.0
nafnet_deblur,w8a16,qnn_dlc,29.4,29.4,29.4,60.08,,,,,,,,,,2026-08-30,main,qualcomm-snapdragon-8-elite-for-galaxy,reds,https://seungjunnah.github.io/Datasets/reds.html,REDS dataset for image deblurring,Peak Signal-to-Noise Ratio (PSNR),dB,A measure of how similar the denoised image is to the clean original.,0.0,,10.0,True,50.0
nafnet_deblur,w8a16,qnn_dlc_via_qnn_ep,29.4,29.4,29.4,60.08,,,,,,,,,,2026-08-30,main,qualcomm-snapdragon-8-elite-for-galaxy,reds,https://seungjunnah.github.io/Datasets/reds.html,REDS dataset for image deblurring,Peak Signal-to-Noise Ratio (PSNR),dB,A measure of how similar the denoised image is to the clean original.,0.0,,10.0,True,50.0
nafnet_deblur,w8a16,onnx,29.4,29.4,29.4,60.08,,,,,,,,,,2026-08-30,main,qualcomm-snapdragon-8-elite-for-galaxy,reds,https://seungjunnah.github.io/Datasets/reds.html,REDS dataset for image deblurring,Peak Signal-to-Noise Ratio (PSNR),dB,A measure of how similar the denoised image is to the clean original.,0.0,,10.0,True,50.0
nafnet_deblur,w8a8,tflite,29.4,28.7,28.7,36.47,,,,,,,,,,2026-08-30,main,qualcomm-snapdragon-8-elite-for-galaxy,reds,https://seungjunnah.github.io/Datasets/reds.html,REDS dataset for image deblurring,Peak Signal-to-Noise Ratio (PSNR),dB,A measure of how similar the denoised image is to the clean original.,0.0,,10.0,True,50.0
nafnet_deblur,w8a8,qnn_dlc,29.4,28.7,28.6,36.4,,,,,,,,,,2026-08-30,main,qualcomm-snapdragon-8-elite-for-galaxy,reds,https://seungjunnah.github.io/Datasets/reds.html,REDS dataset for image deblurring,Peak Signal-to-Noise Ratio (PSNR),dB,A measure of how similar the denoised image is to the clean original.,0.0,,10.0,True,50.0
nafnet_deblur,w8a8,qnn_dlc_via_qnn_ep,29.4,28.7,28.6,36.4,,,,,,,,,,2026-08-30,main,qualcomm-snapdragon-8-elite-for-galaxy,reds,https://seungjunnah.github.io/Datasets/reds.html,REDS dataset for image deblurring,Peak Signal-to-Noise Ratio (PSNR),dB,A measure of how similar the denoised image is to the clean original.,0.0,,10.0,True,50.0
nafnet_deblur,w8a8,onnx,29.4,28.7,28.6,36.4,,,,,,,,,,2026-08-30,main,qualcomm-snapdragon-8-elite-for-galaxy,reds,https://seungjunnah.github.io/Datasets/reds.html,REDS dataset for image deblurring,Peak Signal-to-Noise Ratio (PSNR),dB,A measure of how similar the denoised image is to the clean original.,0.0,,10.0,True,50.0
nafnet_denoise,float,tflite,39.7,,39.7,81.26,,,,,,,,,,2026-08-30,main,qualcomm-snapdragon-8-elite-for-galaxy,sidd,https://www.eecs.yorku.ca/~kamel/sidd/,SIDD dataset for image denoising,Peak Signal-to-Noise Ratio (PSNR),dB,A measure of how similar the denoised image is to the clean original.,0.0,,10.0,True,50.0
nafnet_denoise,float,qnn_dlc,39.7,,39.7,81.26,,,,,,,,,,2026-08-30,main,qualcomm-snapdragon-8-elite-for-galaxy,sidd,https://www.eecs.yorku.ca/~kamel/sidd/,SIDD dataset for image denoising,Peak Signal-to-Noise Ratio (PSNR),dB,A measure of how similar the denoised image is to the clean original.,0.0,,10.0,True,50.0
nafnet_denoise,float,qnn_dlc_via_qnn_ep,39.7,,39.7,81.26,,,,,,,,,,2026-08-30,main,qualcomm-snapdragon-8-elite-for-galaxy,sidd,https://www.eecs.yorku.ca/~kamel/sidd/,SIDD dataset for image denoising,Peak Signal-to-Noise Ratio (PSNR),dB,A measure of how similar the denoised image is to the clean original.,0.0,,10.0,True,50.0
nafnet_denoise,float,onnx,39.7,,39.7,81.26,,,,,,,,,,2026-08-30,main,qualcomm-snapdragon-8-elite-for-galaxy,sidd,https://www.eecs.yorku.ca/~kamel/sidd/,SIDD dataset for image denoising,Peak Signal-to-Noise Ratio (PSNR),dB,A measure of how similar the denoised image is to the clean original.,0.0,,10.0,True,50.0
nafnet_denoise,w8a16,qnn_dlc,39.7,39.6,39.6,62.3,,,,,,,,,,2026-08-30,main,qualcomm-snapdragon-8-elite-for-galaxy,sidd,https://www.eecs.yorku.ca/~kamel/sidd/,SIDD dataset for image denoising,Peak Signal-to-Noise Ratio (PSNR),dB,A measure of how similar the denoised image is to the clean original.,0.0,,10.0,True,50.0
nafnet_denoise,w8a16,qnn_dlc_via_qnn_ep,39.7,39.6,39.6,62.3,,,,,,,,,,2026-08-30,main,qualcomm-snapdragon-8-elite-for-galaxy,sidd,https://www.eecs.yorku.ca/~kamel/sidd/,SIDD dataset for image denoising,Peak Signal-to-Noise Ratio (PSNR),dB,A measure of how similar the denoised image is to the clean original.,0.0,,10.0,True,50.0
nafnet_denoise,w8a16,onnx,39.7,39.6,39.6,62.3,,,,,,,,,,2026-08-30,main,qualcomm-snapdragon-8-elite-for-galaxy,sidd,https://www.eecs.yorku.ca/~kamel/sidd/,SIDD dataset for image denoising,Peak Signal-to-Noise Ratio (PSNR),dB,A measure of how similar the denoised image is to the clean original.,0.0,,10.0,True,50.0
posenet_mobilenet,float,tflite,47.8,,47.2,58.76,61.86,64.9,63.19,,,,,,,2026-08-30,main,qualcomm-snapdragon-8-elite-for-galaxy,coco_body,http://images.cocodataset.org/,val2017 split,Mean Average Precision,mAP,Mean Average Precision (across predicted classes).,0.0,100.0,10.0,True,1000.0
posenet_mobilenet,float,qnn_dlc,47.8,,47.2,58.76,61.86,64.9,63.19,,,,,,,2026-08-30,main,qualcomm-snapdragon-8-elite-for-galaxy,coco_body,http://images.cocodataset.org/,val2017 split,Mean Average Precision,mAP,Mean Average Precision (across predicted classes).,0.0,100.0,10.0,True,1000.0
posenet_mobilenet,float,qnn_dlc_via_qnn_ep,47.8,,47.2,58.76,61.86,64.9,63.19,,,,,,,2026-08-30,main,qualcomm-snapdragon-8-elite-for-galaxy,coco_body,http://images.cocodataset.org/,val2017 split,Mean Average Precision,mAP,Mean Average Precision (across predicted classes).,0.0,100.0,10.0,True,1000.0
posenet_mobilenet,float,onnx,47.8,,47.2,58.75,61.76,64.83,63.07,,,,,,,2026-08-30,main,qualcomm-snapdragon-8-elite-for-galaxy,coco_body,http://images.cocodataset.org/,val2017 split,Mean Average Precision,mAP,Mean Average Precision (across predicted classes).,0.0,100.0,10.0,True,1000.0
posenet_mobilenet,w8a16_mixed_int16,qnn_dlc,47.8,47.4,47.2,45.93,37.78,40.05,40.15,,,,,,,2026-08-30,main,qualcomm-snapdragon-8-elite-for-galaxy,coco_body,http://images.cocodataset.org/,val2017 split,Mean Average Precision,mAP,Mean Average Precision (across predicted classes).,0.0,100.0,10.0,True,1000.0
posenet_mobilenet,w8a16_mixed_int16,qnn_dlc_via_qnn_ep,47.8,47.4,47.1,45.96,37.78,40.05,40.15,,,,,,,2026-08-30,main,qualcomm-snapdragon-8-elite-for-galaxy,coco_body,http://images.cocodataset.org/,val2017 split,Mean Average Precision,mAP,Mean Average Precision (across predicted classes).,0.0,100.0,10.0,True,1000.0
posenet_mobilenet,w8a16_mixed_int16,onnx,47.8,47.4,47.1,45.91,37.78,40.05,40.15,,,,,,,2026-08-30,main,qualcomm-snapdragon-8-elite-for-galaxy,coco_body,http://images.cocodataset.org/,val2017 split,Mean Average Precision,mAP,Mean Average Precision (across predicted classes).,0.0,100.0,10.0,True,1000.0
posenet_mobilenet,w8a8,tflite,47.8,45.4,45.5,39.87,32.9,39.85,40.04,,,,,,,2026-08-30,main,qualcomm-snapdragon-8-elite-for-galaxy,coco_body,http://images.cocodataset.org/,val2017 split,Mean Average Precision,mAP,Mean Average Precision (across predicted classes).,0.0,100.0,10.0,True,1000.0
posenet_mobilenet,w8a8,qnn_dlc,47.8,45.4,45.3,39.87,32.9,39.85,40.04,,,,,,,2026-08-30,main,qualcomm-snapdragon-8-elite-for-galaxy,coco_body,http://images.cocodataset.org/,val2017 split,Mean Average Precision,mAP,Mean Average Precision (across predicted classes).,0.0,100.0,10.0,True,1000.0
posenet_mobilenet,w8a8,qnn_dlc_via_qnn_ep,47.8,45.4,45.3,39.87,32.9,39.85,40.04,,,,,,,2026-08-30,main,qualcomm-snapdragon-8-elite-for-galaxy,coco_body,http://images.cocodataset.org/,val2017 split,Mean Average Precision,mAP,Mean Average Precision (across predicted classes).,0.0,100.0,10.0,True,1000.0
posenet_mobilenet,w8a8,onnx,47.8,45.4,45.3,39.87,32.9,39.85,40.04,,,,,,,2026-08-30,main,qualcomm-snapdragon-8-elite-for-galaxy,coco_body,http://images.cocodataset.org/,val2017 split,Mean Average Precision,mAP,Mean Average Precision (across predicted classes).,0.0,100.0,10.0,True,1000.0
regnet,float,tflite,77.5,,77.6,77.81,,,,,,,,,,2026-08-30,main,qualcomm-snapdragon-8-elite-for-galaxy,imagenet,https://www.image-net.org/,validation split,Top-1 Accuracy,%,Percentage of top 1 model predictions that are correct.,0.0,100.0,10.0,True,1000.0
regnet,float,qnn_dlc,77.5,,77.6,77.81,,,,,,,,,,2026-08-30,main,qualcomm-snapdragon-8-elite-for-galaxy,imagenet,https://www.image-net.org/,validation split,Top-1 Accuracy,%,Percentage of top 1 model predictions that are correct.,0.0,100.0,10.0,True,1000.0
regnet,float,qnn_dlc_via_qnn_ep,77.5,,77.6,77.81,,,,,,,,,,2026-08-30,main,qualcomm-snapdragon-8-elite-for-galaxy,imagenet,https://www.image-net.org/,validation split,Top-1 Accuracy,%,Percentage of top 1 model predictions that are correct.,0.0,100.0,10.0,True,1000.0
regnet,float,onnx,77.5,,77.6,76.67,,,,,,,,,,2026-08-30,main,qualcomm-snapdragon-8-elite-for-galaxy,imagenet,https://www.image-net.org/,validation split,Top-1 Accuracy,%,Percentage of top 1 model predictions that are correct.,0.0,100.0,10.0,True,1000.0
regnet,w8a8,tflite,77.5,78.0,78.2,45.02,,,,,,,,,,2026-08-30,main,qualcomm-snapdragon-8-elite-for-galaxy,imagenet,https://www.image-net.org/,validation split,Top-1 Accuracy,%,Percentage of top 1 model predictions that are correct.,0.0,100.0,10.0,True,1000.0
regnet,w8a8,qnn_dlc,77.5,78.0,77.9,45.12,,,,,,,,,,2026-08-30,main,qualcomm-snapdragon-8-elite-for-galaxy,imagenet,https://www.image-net.org/,validation split,Top-1 Accuracy,%,Percentage of top 1 model predictions that are correct.,0.0,100.0,10.0,True,1000.0
regnet,w8a8,qnn_dlc_via_qnn_ep,77.5,78.0,77.9,45.12,,,,,,,,,,2026-08-30,main,qualcomm-snapdragon-8-elite-for-galaxy,imagenet,https://www.image-net.org/,validation split,Top-1 Accuracy,%,Percentage of top 1 model predictions that are correct.,0.0,100.0,10.0,True,1000.0
regnet,w8a8,onnx,77.5,78.0,77.9,45.12,,,,,,,,,,2026-08-30,main,qualcomm-snapdragon-8-elite-for-galaxy,imagenet,https://www.image-net.org/,validation split,Top-1 Accuracy,%,Percentage of top 1 model predictions that are correct.,0.0,100.0,10.0,True,1000.0
repvit,float,tflite,80.9,,81.0,51.22,,,,,,,,,,2026-08-30,main,qualcomm-snapdragon-8-elite-for-galaxy,imagenet_repvit,https://www.image-net.org/,validation split,Top-1 Accuracy,%,Percentage of top 1 model predictions that are correct.,0.0,100.0,10.0,True,1000.0
repvit,float,qnn_dlc,80.9,,81.0,51.22,,,,,,,,,,2026-08-30,main,qualcomm-snapdragon-8-elite-for-galaxy,imagenet_repvit,https://www.image-net.org/,validation split,Top-1 Accuracy,%,Percentage of top 1 model predictions that are correct.,0.0,100.0,10.0,True,1000.0
repvit,float,qnn_dlc_via_qnn_ep,80.9,,81.0,51.22,,,,,,,,,,2026-08-30,main,qualcomm-snapdragon-8-elite-for-galaxy,imagenet_repvit,https://www.image-net.org/,validation split,Top-1 Accuracy,%,Percentage of top 1 model predictions that are correct.,0.0,100.0,10.0,True,1000.0
repvit,float,onnx,80.9,,81.0,51.21,,,,,,,,,,2026-08-30,main,qualcomm-snapdragon-8-elite-for-galaxy,imagenet_repvit,https://www.image-net.org/,validation split,Top-1 Accuracy,%,Percentage of top 1 model predictions that are correct.,0.0,100.0,10.0,True,1000.0
resnet50,float,tflite,75.7,,75.7,77.27,,,,,,,,,,2026-08-30,main,qualcomm-snapdragon-8-elite-for-galaxy,imagenet,https://www.image-net.org/,validation split,Top-1 Accuracy,%,Percentage of top 1 model predictions that are correct.,0.0,100.0,10.0,True,1000.0
resnet50,float,qnn_dlc,75.7,,75.7,77.27,,,,,,,,,,2026-08-30,main,qualcomm-snapdragon-8-elite-for-galaxy,imagenet,https://www.image-net.org/,validation split,Top-1 Accuracy,%,Percentage of top 1 model predictions that are correct.,0.0,100.0,10.0,True,1000.0
resnet50,float,qnn_dlc_via_qnn_ep,75.7,,75.7,77.27,,,,,,,,,,2026-08-30,main,qualcomm-snapdragon-8-elite-for-galaxy,imagenet,https://www.image-net.org/,validation split,Top-1 Accuracy,%,Percentage of top 1 model predictions that are correct.,0.0,100.0,10.0,True,1000.0
resnet50,float,onnx,75.7,,75.7,76.27,,,,,,,,,,2026-08-30,main,qualcomm-snapdragon-8-elite-for-galaxy,imagenet,https://www.image-net.org/,validation split,Top-1 Accuracy,%,Percentage of top 1 model predictions that are correct.,0.0,100.0,10.0,True,1000.0
resnet50,w8a8,tflite,75.7,75.7,75.7,46.69,,,,,,,,,,2026-08-30,main,qualcomm-snapdragon-8-elite-for-galaxy,imagenet,https://www.image-net.org/,validation split,Top-1 Accuracy,%,Percentage of top 1 model predictions that are correct.,0.0,100.0,10.0,True,1000.0
resnet50,w8a8,qnn_dlc,75.7,75.7,75.4,46.65,,,,,,,,,,2026-08-30,main,qualcomm-snapdragon-8-elite-for-galaxy,imagenet,https://www.image-net.org/,validation split,Top-1 Accuracy,%,Percentage of top 1 model predictions that are correct.,0.0,100.0,10.0,True,1000.0
resnet50,w8a8,qnn_dlc_via_qnn_ep,75.7,75.7,75.4,46.65,,,,,,,,,,2026-08-30,main,qualcomm-snapdragon-8-elite-for-galaxy,imagenet,https://www.image-net.org/,validation split,Top-1 Accuracy,%,Percentage of top 1 model predictions that are correct.,0.0,100.0,10.0,True,1000.0
resnet50,w8a8,onnx,75.7,75.7,75.4,46.65,,,,,,,,,,2026-08-30,main,qualcomm-snapdragon-8-elite-for-galaxy,imagenet,https://www.image-net.org/,validation split,Top-1 Accuracy,%,Percentage of top 1 model predictions that are correct.,0.0,100.0,10.0,True,1000.0
resnext50,float,tflite,80.5,,80.5,78.61,,,,,,,,,,2026-08-30,main,qualcomm-snapdragon-8-elite-for-galaxy,imagenet,https://www.image-net.org/,validation split,Top-1 Accuracy,%,Percentage of top 1 model predictions that are correct.,0.0,100.0,10.0,True,1000.0
resnext50,float,qnn_dlc,80.5,,80.5,78.61,,,,,,,,,,2026-08-30,main,qualcomm-snapdragon-8-elite-for-galaxy,imagenet,https://www.image-net.org/,validation split,Top-1 Accuracy,%,Percentage of top 1 model predictions that are correct.,0.0,100.0,10.0,True,1000.0
resnext50,float,qnn_dlc_via_qnn_ep,80.5,,80.5,78.61,,,,,,,,,,2026-08-30,main,qualcomm-snapdragon-8-elite-for-galaxy,imagenet,https://www.image-net.org/,validation split,Top-1 Accuracy,%,Percentage of top 1 model predictions that are correct.,0.0,100.0,10.0,True,1000.0
resnext50,float,onnx,80.5,,80.5,77.92,,,,,,,,,,2026-08-30,main,qualcomm-snapdragon-8-elite-for-galaxy,imagenet,https://www.image-net.org/,validation split,Top-1 Accuracy,%,Percentage of top 1 model predictions that are correct.,0.0,100.0,10.0,True,1000.0
resnext50,w8a8,tflite,80.5,80.4,80.6,43.9,,,,,,,,,,2026-08-30,main,qualcomm-snapdragon-8-elite-for-galaxy,imagenet,https://www.image-net.org/,validation split,Top-1 Accuracy,%,Percentage of top 1 model predictions that are correct.,0.0,100.0,10.0,True,1000.0
resnext50,w8a8,qnn_dlc,80.5,80.4,80.7,43.89,,,,,,,,,,2026-08-30,main,qualcomm-snapdragon-8-elite-for-galaxy,imagenet,https://www.image-net.org/,validation split,Top-1 Accuracy,%,Percentage of top 1 model predictions that are correct.,0.0,100.0,10.0,True,1000.0
resnext50,w8a8,qnn_dlc_via_qnn_ep,80.5,80.4,80.7,43.89,,,,,,,,,,2026-08-30,main,qualcomm-snapdragon-8-elite-for-galaxy,imagenet,https://www.image-net.org/,validation split,Top-1 Accuracy,%,Percentage of top 1 model predictions that are correct.,0.0,100.0,10.0,True,1000.0
resnext50,w8a8,onnx,80.5,80.4,80.7,43.89,,,,,,,,,,2026-08-30,main,qualcomm-snapdragon-8-elite-for-galaxy,imagenet,https://www.image-net.org/,validation split,Top-1 Accuracy,%,Percentage of top 1 model predictions that are correct.,0.0,100.0,10.0,True,1000.0
segformer_base,float,tflite,29.1,,29.1,71.89,,,,,,,,,,2026-08-30,main,qualcomm-snapdragon-8-elite-for-galaxy,ade_segmentation,https://ade20k.csail.mit.edu/,validation split,Mean Intersection Over Union,mIOU,Overlap of predicted and expected segmentation divided by the union size.,0.0,100.0,10.0,True,100.0
segformer_base,float,qnn_dlc,29.1,,29.1,71.89,,,,,,,,,,2026-08-30,main,qualcomm-snapdragon-8-elite-for-galaxy,ade_segmentation,https://ade20k.csail.mit.edu/,validation split,Mean Intersection Over Union,mIOU,Overlap of predicted and expected segmentation divided by the union size.,0.0,100.0,10.0,True,100.0
segformer_base,float,qnn_dlc_via_qnn_ep,29.1,,29.1,71.89,,,,,,,,,,2026-08-30,main,qualcomm-snapdragon-8-elite-for-galaxy,ade_segmentation,https://ade20k.csail.mit.edu/,validation split,Mean Intersection Over Union,mIOU,Overlap of predicted and expected segmentation divided by the union size.,0.0,100.0,10.0,True,100.0
segformer_base,float,onnx,29.1,,29.1,71.63,,,,,,,,,,2026-08-30,main,qualcomm-snapdragon-8-elite-for-galaxy,ade_segmentation,https://ade20k.csail.mit.edu/,validation split,Mean Intersection Over Union,mIOU,Overlap of predicted and expected segmentation divided by the union size.,0.0,100.0,10.0,True,100.0
segformer_base,w8a16,qnn_dlc,29.1,29.4,29.4,52.64,,,,,,,,,,2026-08-30,main,qualcomm-snapdragon-8-elite-for-galaxy,ade_segmentation,https://ade20k.csail.mit.edu/,validation split,Mean Intersection Over Union,mIOU,Overlap of predicted and expected segmentation divided by the union size.,0.0,100.0,10.0,True,100.0
segformer_base,w8a16,qnn_dlc_via_qnn_ep,29.1,29.4,29.4,52.64,,,,,,,,,,2026-08-30,main,qualcomm-snapdragon-8-elite-for-galaxy,ade_segmentation,https://ade20k.csail.mit.edu/,validation split,Mean Intersection Over Union,mIOU,Overlap of predicted and expected segmentation divided by the union size.,0.0,100.0,10.0,True,100.0
segformer_base,w8a16,onnx,29.1,29.4,29.4,52.13,,,,,,,,,,2026-08-30,main,qualcomm-snapdragon-8-elite-for-galaxy,ade_segmentation,https://ade20k.csail.mit.edu/,validation split,Mean Intersection Over Union,mIOU,Overlap of predicted and expected segmentation divided by the union size.,0.0,100.0,10.0,True,100.0
segformer_base,w8a8,tflite,29.1,28.5,28.9,35.54,,,,,,,,,,2026-08-30,main,qualcomm-snapdragon-8-elite-for-galaxy,ade_segmentation,https://ade20k.csail.mit.edu/,validation split,Mean Intersection Over Union,mIOU,Overlap of predicted and expected segmentation divided by the union size.,0.0,100.0,10.0,True,100.0
segformer_base,w8a8,qnn_dlc,29.1,28.5,28.9,33.26,,,,,,,,,,2026-08-30,main,qualcomm-snapdragon-8-elite-for-galaxy,ade_segmentation,https://ade20k.csail.mit.edu/,validation split,Mean Intersection Over Union,mIOU,Overlap of predicted and expected segmentation divided by the union size.,0.0,100.0,10.0,True,100.0
segformer_base,w8a8,qnn_dlc_via_qnn_ep,29.1,28.5,28.9,33.26,,,,,,,,,,2026-08-30,main,qualcomm-snapdragon-8-elite-for-galaxy,ade_segmentation,https://ade20k.csail.mit.edu/,validation split,Mean Intersection Over Union,mIOU,Overlap of predicted and expected segmentation divided by the union size.,0.0,100.0,10.0,True,100.0
segformer_base,w8a8,onnx,29.1,28.5,28.9,33.26,,,,,,,,,,2026-08-30,main,qualcomm-snapdragon-8-elite-for-galaxy,ade_segmentation,https://ade20k.csail.mit.edu/,validation split,Mean Intersection Over Union,mIOU,Overlap of predicted and expected segmentation divided by the union size.,0.0,100.0,10.0,True,100.0
squeezenet1_1,float,tflite,59.5,,59.6,79.94,,,,,,,,,,2026-08-30,main,qualcomm-snapdragon-8-elite-for-galaxy,imagenet,https://www.image-net.org/,validation split,Top-1 Accuracy,%,Percentage of top 1 model predictions that are correct.,0.0,100.0,10.0,True,1000.0
squeezenet1_1,float,qnn_dlc,59.5,,59.6,79.94,,,,,,,,,,2026-08-30,main,qualcomm-snapdragon-8-elite-for-galaxy,imagenet,https://www.image-net.org/,validation split,Top-1 Accuracy,%,Percentage of top 1 model predictions that are correct.,0.0,100.0,10.0,True,1000.0
squeezenet1_1,float,qnn_dlc_via_qnn_ep,59.5,,59.6,79.94,,,,,,,,,,2026-08-30,main,qualcomm-snapdragon-8-elite-for-galaxy,imagenet,https://www.image-net.org/,validation split,Top-1 Accuracy,%,Percentage of top 1 model predictions that are correct.,0.0,100.0,10.0,True,1000.0
squeezenet1_1,float,onnx,59.5,,59.6,78.74,,,,,,,,,,2026-08-30,main,qualcomm-snapdragon-8-elite-for-galaxy,imagenet,https://www.image-net.org/,validation split,Top-1 Accuracy,%,Percentage of top 1 model predictions that are correct.,0.0,100.0,10.0,True,1000.0
squeezenet1_1,w8a8,tflite,59.5,59.7,59.2,47.87,,,,,,,,,,2026-08-30,main,qualcomm-snapdragon-8-elite-for-galaxy,imagenet,https://www.image-net.org/,validation split,Top-1 Accuracy,%,Percentage of top 1 model predictions that are correct.,0.0,100.0,10.0,True,1000.0
squeezenet1_1,w8a8,qnn_dlc,59.5,59.7,59.7,47.86,,,,,,,,,,2026-08-30,main,qualcomm-snapdragon-8-elite-for-galaxy,imagenet,https://www.image-net.org/,validation split,Top-1 Accuracy,%,Percentage of top 1 model predictions that are correct.,0.0,100.0,10.0,True,1000.0
squeezenet1_1,w8a8,qnn_dlc_via_qnn_ep,59.5,59.7,59.7,47.86,,,,,,,,,,2026-08-30,main,qualcomm-snapdragon-8-elite-for-galaxy,imagenet,https://www.image-net.org/,validation split,Top-1 Accuracy,%,Percentage of top 1 model predictions that are correct.,0.0,100.0,10.0,True,1000.0
squeezenet1_1,w8a8,onnx,59.5,59.7,59.7,47.86,,,,,,,,,,2026-08-30,main,qualcomm-snapdragon-8-elite-for-galaxy,imagenet,https://www.image-net.org/,validation split,Top-1 Accuracy,%,Percentage of top 1 model predictions that are correct.,0.0,100.0,10.0,True,1000.0
stereonet,float,tflite,,,,67.19,,,,,,,,,,2026-08-30,main,qualcomm-snapdragon-8-elite-for-galaxy,,,,,,,,,,,
stereonet,float,qnn_dlc,,,,67.18,,,,,,,,,,2026-08-30,main,qualcomm-snapdragon-8-elite-for-galaxy,,,,,,,,,,,
stereonet,float,qnn_dlc_via_qnn_ep,,,,67.18,,,,,,,,,,2026-08-30,main,qualcomm-snapdragon-8-elite-for-galaxy,,,,,,,,,,,
stereonet,float,onnx,,,,67.73,,,,,,,,,,2026-08-30,main,qualcomm-snapdragon-8-elite-for-galaxy,,,,,,,,,,,
wideresnet50,float,tflite,77.4,,77.2,82.58,,,,,,,,,,2026-08-30,main,qualcomm-snapdragon-8-elite-for-galaxy,imagenet,https://www.image-net.org/,validation split,Top-1 Accuracy,%,Percentage of top 1 model predictions that are correct.,0.0,100.0,10.0,True,1000.0
wideresnet50,float,qnn_dlc,77.4,,77.2,82.58,,,,,,,,,,2026-08-30,main,qualcomm-snapdragon-8-elite-for-galaxy,imagenet,https://www.image-net.org/,validation split,Top-1 Accuracy,%,Percentage of top 1 model predictions that are correct.,0.0,100.0,10.0,True,1000.0
wideresnet50,float,qnn_dlc_via_qnn_ep,77.4,,77.2,82.58,,,,,,,,,,2026-08-30,main,qualcomm-snapdragon-8-elite-for-galaxy,imagenet,https://www.image-net.org/,validation split,Top-1 Accuracy,%,Percentage of top 1 model predictions that are correct.,0.0,100.0,10.0,True,1000.0
wideresnet50,float,onnx,77.4,,77.4,81.1,,,,,,,,,,2026-08-30,main,qualcomm-snapdragon-8-elite-for-galaxy,imagenet,https://www.image-net.org/,validation split,Top-1 Accuracy,%,Percentage of top 1 model predictions that are correct.,0.0,100.0,10.0,True,1000.0
wideresnet50,w8a8,tflite,77.4,77.5,77.7,48.29,,,,,,,,,,2026-08-30,main,qualcomm-snapdragon-8-elite-for-galaxy,imagenet,https://www.image-net.org/,validation split,Top-1 Accuracy,%,Percentage of top 1 model predictions that are correct.,0.0,100.0,10.0,True,1000.0
wideresnet50,w8a8,qnn_dlc,77.4,77.5,77.2,48.28,,,,,,,,,,2026-08-30,main,qualcomm-snapdragon-8-elite-for-galaxy,imagenet,https://www.image-net.org/,validation split,Top-1 Accuracy,%,Percentage of top 1 model predictions that are correct.,0.0,100.0,10.0,True,1000.0
wideresnet50,w8a8,qnn_dlc_via_qnn_ep,77.4,77.5,77.2,48.28,,,,,,,,,,2026-08-30,main,qualcomm-snapdragon-8-elite-for-galaxy,imagenet,https://www.image-net.org/,validation split,Top-1 Accuracy,%,Percentage of top 1 model predictions that are correct.,0.0,100.0,10.0,True,1000.0
wideresnet50,w8a8,onnx,77.4,77.5,77.2,48.28,,,,,,,,,,2026-08-30,main,qualcomm-snapdragon-8-elite-for-galaxy,imagenet,https://www.image-net.org/,validation split,Top-1 Accuracy,%,Percentage of top 1 model predictions that are correct.,0.0,100.0,10.0,True,1000.0
yolo26_det,float,tflite,47.8,,47.6,58.96,53.41,,,,,,,,,2026-08-30,main,qualcomm-snapdragon-8-elite-for-galaxy,coco,https://cocodataset.org/,val2017 split,Mean Average Precision,mAP@0.5:0.95,Mean Average Precision averaged over IOU thresholds 0.5 to 0.95 in 0.05 increments.,0.0,100.0,10.0,True,300.0
yolo26_det,float,qnn_dlc,47.8,,47.6,58.96,53.41,,,,,,,,,2026-08-30,main,qualcomm-snapdragon-8-elite-for-galaxy,coco,https://cocodataset.org/,val2017 split,Mean Average Precision,mAP@0.5:0.95,Mean Average Precision averaged over IOU thresholds 0.5 to 0.95 in 0.05 increments.,0.0,100.0,10.0,True,300.0
yolo26_det,float,qnn_dlc_via_qnn_ep,47.8,,47.8,58.96,53.65,,,,,,,,,2026-08-30,main,qualcomm-snapdragon-8-elite-for-galaxy,coco,https://cocodataset.org/,val2017 split,Mean Average Precision,mAP@0.5:0.95,Mean Average Precision averaged over IOU thresholds 0.5 to 0.95 in 0.05 increments.,0.0,100.0,10.0,True,300.0
yolo26_det,float,onnx,47.8,,47.7,58.96,53.64,,,,,,,,,2026-08-30,main,qualcomm-snapdragon-8-elite-for-galaxy,coco,https://cocodataset.org/,val2017 split,Mean Average Precision,mAP@0.5:0.95,Mean Average Precision averaged over IOU thresholds 0.5 to 0.95 in 0.05 increments.,0.0,100.0,10.0,True,300.0
yolo26_det,w8a16,qnn_dlc,47.8,47.4,47.3,47.84,45.9,,,,,,,,,2026-08-30,main,qualcomm-snapdragon-8-elite-for-galaxy,coco,https://cocodataset.org/,val2017 split,Mean Average Precision,mAP@0.5:0.95,Mean Average Precision averaged over IOU thresholds 0.5 to 0.95 in 0.05 increments.,0.0,100.0,10.0,True,300.0
yolo26_det,w8a16,qnn_dlc_via_qnn_ep,47.8,47.4,47.4,47.84,45.9,,,,,,,,,2026-08-30,main,qualcomm-snapdragon-8-elite-for-galaxy,coco,https://cocodataset.org/,val2017 split,Mean Average Precision,mAP@0.5:0.95,Mean Average Precision averaged over IOU thresholds 0.5 to 0.95 in 0.05 increments.,0.0,100.0,10.0,True,300.0
yolo26_det,w8a16,onnx,47.8,47.4,47.2,44.3,41.88,,,,,,,,,2026-08-30,main,qualcomm-snapdragon-8-elite-for-galaxy,coco,https://cocodataset.org/,val2017 split,Mean Average Precision,mAP@0.5:0.95,Mean Average Precision averaged over IOU thresholds 0.5 to 0.95 in 0.05 increments.,0.0,100.0,10.0,True,300.0
yolo26_pose,float,tflite,56.3,,56.2,58.5,57.54,61.96,,,,,,,,2026-08-30,main,qualcomm-snapdragon-8-elite-for-galaxy,coco_keypoints,https://cocodataset.org/,val2017 split - images with at least one person keypoint annotation,Mean Average Precision,mAP,Mean Average Precision (across predicted classes).,0.0,100.0,10.0,True,300.0
yolo26_pose,float,qnn_dlc,56.3,,56.2,58.5,57.54,61.96,,,,,,,,2026-08-30,main,qualcomm-snapdragon-8-elite-for-galaxy,coco_keypoints,https://cocodataset.org/,val2017 split - images with at least one person keypoint annotation,Mean Average Precision,mAP,Mean Average Precision (across predicted classes).,0.0,100.0,10.0,True,300.0
yolo26_pose,float,qnn_dlc_via_qnn_ep,56.3,,56.3,58.5,57.79,61.96,,,,,,,,2026-08-30,main,qualcomm-snapdragon-8-elite-for-galaxy,coco_keypoints,https://cocodataset.org/,val2017 split - images with at least one person keypoint annotation,Mean Average Precision,mAP,Mean Average Precision (across predicted classes).,0.0,100.0,10.0,True,300.0
yolo26_pose,float,onnx,56.3,,56.2,58.5,57.74,61.95,,,,,,,,2026-08-30,main,qualcomm-snapdragon-8-elite-for-galaxy,coco_keypoints,https://cocodataset.org/,val2017 split - images with at least one person keypoint annotation,Mean Average Precision,mAP,Mean Average Precision (across predicted classes).,0.0,100.0,10.0,True,300.0
yolo26_pose,w8a16,qnn_dlc,56.3,56.3,56.3,50.35,50.02,53.2,,,,,,,,2026-08-30,main,qualcomm-snapdragon-8-elite-for-galaxy,coco_keypoints,https://cocodataset.org/,val2017 split - images with at least one person keypoint annotation,Mean Average Precision,mAP,Mean Average Precision (across predicted classes).,0.0,100.0,10.0,True,300.0
yolo26_pose,w8a16,qnn_dlc_via_qnn_ep,56.3,56.3,56.3,50.35,50.01,53.2,,,,,,,,2026-08-30,main,qualcomm-snapdragon-8-elite-for-galaxy,coco_keypoints,https://cocodataset.org/,val2017 split - images with at least one person keypoint annotation,Mean Average Precision,mAP,Mean Average Precision (across predicted classes).,0.0,100.0,10.0,True,300.0
yolo26_pose,w8a16,onnx,56.3,56.3,56.2,46.91,47.63,49.67,,,,,,,,2026-08-30,main,qualcomm-snapdragon-8-elite-for-galaxy,coco_keypoints,https://cocodataset.org/,val2017 split - images with at least one person keypoint annotation,Mean Average Precision,mAP,Mean Average Precision (across predicted classes).,0.0,100.0,10.0,True,300.0
yolo_world,float,tflite,,,,49.45,19.57,79.66,,,,,,,,2026-08-30,main,qualcomm-snapdragon-8-elite-for-galaxy,,,,,,,,,,,
yolo_world,float,qnn_dlc,,,,49.45,19.57,79.75,,,,,,,,2026-08-30,main,qualcomm-snapdragon-8-elite-for-galaxy,,,,,,,,,,,
yolo_world,float,qnn_dlc_via_qnn_ep,,,,49.45,19.57,79.29,,,,,,,,2026-08-30,main,qualcomm-snapdragon-8-elite-for-galaxy,,,,,,,,,,,
yolo_world,float,onnx,,,,49.45,19.57,79.29,,,,,,,,2026-08-30,main,qualcomm-snapdragon-8-elite-for-galaxy,,,,,,,,,,,
yolo_world,w8a8,tflite,,,,19.96,-10.61,12.42,,,,,,,,2026-08-30,main,qualcomm-snapdragon-8-elite-for-galaxy,,,,,,,,,,,
yolo_world,w8a8,qnn_dlc,,,,19.97,-10.61,11.47,,,,,,,,2026-08-30,main,qualcomm-snapdragon-8-elite-for-galaxy,,,,,,,,,,,
yolo_world,w8a8,qnn_dlc_via_qnn_ep,,,,19.97,-10.61,11.37,,,,,,,,2026-08-30,main,qualcomm-snapdragon-8-elite-for-galaxy,,,,,,,,,,,
yolo_world,w8a8,onnx,,,,19.97,-10.61,11.37,,,,,,,,2026-08-30,main,qualcomm-snapdragon-8-elite-for-galaxy,,,,,,,,,,,
yolo_world,w8a16,qnn_dlc,,,,41.34,-10.61,24.14,,,,,,,,2026-08-30,main,qualcomm-snapdragon-8-elite-for-galaxy,,,,,,,,,,,
yolo_world,w8a16,qnn_dlc_via_qnn_ep,,,,41.34,-10.61,24.56,,,,,,,,2026-08-30,main,qualcomm-snapdragon-8-elite-for-galaxy,,,,,,,,,,,
yolo_world,w8a16,onnx,,,,41.34,-10.61,24.5,,,,,,,,2026-08-30,main,qualcomm-snapdragon-8-elite-for-galaxy,,,,,,,,,,,
yoloe_seg,float,tflite,33.8,,33.2,51.92,49.19,53.2,52.72,,,,,,,2026-08-30,main,qualcomm-snapdragon-8-elite-for-galaxy,coco_seg,https://cocodataset.org/,val2017 split,Mean Average Precision,mAP@0.5:0.95,Mean Average Precision averaged over IOU thresholds 0.5 to 0.95 in 0.05 increments.,0.0,100.0,10.0,True,100.0
yoloe_seg,float,qnn_dlc,33.8,,33.2,51.92,49.19,53.2,52.72,,,,,,,2026-08-30,main,qualcomm-snapdragon-8-elite-for-galaxy,coco_seg,https://cocodataset.org/,val2017 split,Mean Average Precision,mAP@0.5:0.95,Mean Average Precision averaged over IOU thresholds 0.5 to 0.95 in 0.05 increments.,0.0,100.0,10.0,True,100.0
yoloe_seg,float,qnn_dlc_via_qnn_ep,33.8,,33.2,51.92,49.19,53.2,52.72,,,,,,,2026-08-30,main,qualcomm-snapdragon-8-elite-for-galaxy,coco_seg,https://cocodataset.org/,val2017 split,Mean Average Precision,mAP@0.5:0.95,Mean Average Precision averaged over IOU thresholds 0.5 to 0.95 in 0.05 increments.,0.0,100.0,10.0,True,100.0
yoloe_seg,float,onnx,33.8,,33.2,51.92,49.18,53.2,52.72,,,,,,,2026-08-30,main,qualcomm-snapdragon-8-elite-for-galaxy,coco_seg,https://cocodataset.org/,val2017 split,Mean Average Precision,mAP@0.5:0.95,Mean Average Precision averaged over IOU thresholds 0.5 to 0.95 in 0.05 increments.,0.0,100.0,10.0,True,100.0
yoloe_seg,w8a16,qnn_dlc,33.8,33.5,33.4,47.48,45.47,46.28,46.43,,,,,,,2026-08-30,main,qualcomm-snapdragon-8-elite-for-galaxy,coco_seg,https://cocodataset.org/,val2017 split,Mean Average Precision,mAP@0.5:0.95,Mean Average Precision averaged over IOU thresholds 0.5 to 0.95 in 0.05 increments.,0.0,100.0,10.0,True,100.0
yoloe_seg,w8a16,qnn_dlc_via_qnn_ep,33.8,33.5,,,,,,,,,,,,2026-08-30,main,qualcomm-snapdragon-8-elite-for-galaxy,coco_seg,https://cocodataset.org/,val2017 split,Mean Average Precision,mAP@0.5:0.95,Mean Average Precision averaged over IOU thresholds 0.5 to 0.95 in 0.05 increments.,0.0,100.0,10.0,True,100.0
yoloe_seg,w8a16,onnx,33.8,33.5,,,,,,,,,,,,2026-08-30,main,qualcomm-snapdragon-8-elite-for-galaxy,coco_seg,https://cocodataset.org/,val2017 split,Mean Average Precision,mAP@0.5:0.95,Mean Average Precision averaged over IOU thresholds 0.5 to 0.95 in 0.05 increments.,0.0,100.0,10.0,True,100.0
yoloe_seg,w8a8,tflite,33.8,31.7,32.1,23.46,35.86,35.1,36.47,,,,,,,2026-08-30,main,qualcomm-snapdragon-8-elite-for-galaxy,coco_seg,https://cocodataset.org/,val2017 split,Mean Average Precision,mAP@0.5:0.95,Mean Average Precision averaged over IOU thresholds 0.5 to 0.95 in 0.05 increments.,0.0,100.0,10.0,True,100.0
yoloe_seg,w8a8,qnn_dlc,33.8,31.7,32.5,23.46,35.75,35.13,36.48,,,,,,,2026-08-30,main,qualcomm-snapdragon-8-elite-for-galaxy,coco_seg,https://cocodataset.org/,val2017 split,Mean Average Precision,mAP@0.5:0.95,Mean Average Precision averaged over IOU thresholds 0.5 to 0.95 in 0.05 increments.,0.0,100.0,10.0,True,100.0
yoloe_seg,w8a8,qnn_dlc_via_qnn_ep,33.8,31.7,,,,,,,,,,,,2026-08-30,main,qualcomm-snapdragon-8-elite-for-galaxy,coco_seg,https://cocodataset.org/,val2017 split,Mean Average Precision,mAP@0.5:0.95,Mean Average Precision averaged over IOU thresholds 0.5 to 0.95 in 0.05 increments.,0.0,100.0,10.0,True,100.0
yoloe_seg,w8a8,onnx,33.8,31.7,,,,,,,,,,,,2026-08-30,main,qualcomm-snapdragon-8-elite-for-galaxy,coco_seg,https://cocodataset.org/,val2017 split,Mean Average Precision,mAP@0.5:0.95,Mean Average Precision averaged over IOU thresholds 0.5 to 0.95 in 0.05 increments.,0.0,100.0,10.0,True,100.0
yolov10_det,float,tflite,46.8,,46.7,61.79,56.19,,,,,,,,,2026-08-30,main,qualcomm-snapdragon-8-elite-for-galaxy,coco,https://cocodataset.org/,val2017 split,Mean Average Precision,mAP@0.5:0.95,Mean Average Precision averaged over IOU thresholds 0.5 to 0.95 in 0.05 increments.,0.0,100.0,10.0,True,300.0
yolov10_det,float,qnn_dlc,46.8,,46.7,61.79,56.19,,,,,,,,,2026-08-30,main,qualcomm-snapdragon-8-elite-for-galaxy,coco,https://cocodataset.org/,val2017 split,Mean Average Precision,mAP@0.5:0.95,Mean Average Precision averaged over IOU thresholds 0.5 to 0.95 in 0.05 increments.,0.0,100.0,10.0,True,300.0
yolov10_det,float,qnn_dlc_via_qnn_ep,46.8,,46.8,61.79,56.74,,,,,,,,,2026-08-30,main,qualcomm-snapdragon-8-elite-for-galaxy,coco,https://cocodataset.org/,val2017 split,Mean Average Precision,mAP@0.5:0.95,Mean Average Precision averaged over IOU thresholds 0.5 to 0.95 in 0.05 increments.,0.0,100.0,10.0,True,300.0
yolov10_det,float,onnx,46.8,,46.7,61.79,56.67,,,,,,,,,2026-08-30,main,qualcomm-snapdragon-8-elite-for-galaxy,coco,https://cocodataset.org/,val2017 split,Mean Average Precision,mAP@0.5:0.95,Mean Average Precision averaged over IOU thresholds 0.5 to 0.95 in 0.05 increments.,0.0,100.0,10.0,True,300.0
yolov10_det,w8a8_mixed_int16,qnn_dlc,46.8,46.0,0.00142,28.42,17.47,,,,,,,,,2026-08-30,main,qualcomm-snapdragon-8-elite-for-galaxy,coco,https://cocodataset.org/,val2017 split,Mean Average Precision,mAP@0.5:0.95,Mean Average Precision averaged over IOU thresholds 0.5 to 0.95 in 0.05 increments.,0.0,100.0,10.0,True,300.0
yolov10_det,w8a8_mixed_int16,qnn_dlc_via_qnn_ep,46.8,46.0,,,,,,,,,,,,2026-08-30,main,qualcomm-snapdragon-8-elite-for-galaxy,coco,https://cocodataset.org/,val2017 split,Mean Average Precision,mAP@0.5:0.95,Mean Average Precision averaged over IOU thresholds 0.5 to 0.95 in 0.05 increments.,0.0,100.0,10.0,True,300.0
yolov10_det,w8a8_mixed_int16,onnx,46.8,46.0,46.2,49.11,45.6,,,,,,,,,2026-08-30,main,qualcomm-snapdragon-8-elite-for-galaxy,coco,https://cocodataset.org/,val2017 split,Mean Average Precision,mAP@0.5:0.95,Mean Average Precision averaged over IOU thresholds 0.5 to 0.95 in 0.05 increments.,0.0,100.0,10.0,True,300.0
yolov10_det,w8a16,qnn_dlc,46.8,46.9,46.8,50.56,49.42,,,,,,,,,2026-08-30,main,qualcomm-snapdragon-8-elite-for-galaxy,coco,https://cocodataset.org/,val2017 split,Mean Average Precision,mAP@0.5:0.95,Mean Average Precision averaged over IOU thresholds 0.5 to 0.95 in 0.05 increments.,0.0,100.0,10.0,True,300.0
yolov10_det,w8a16,qnn_dlc_via_qnn_ep,46.8,46.9,46.8,50.56,49.42,,,,,,,,,2026-08-30,main,qualcomm-snapdragon-8-elite-for-galaxy,coco,https://cocodataset.org/,val2017 split,Mean Average Precision,mAP@0.5:0.95,Mean Average Precision averaged over IOU thresholds 0.5 to 0.95 in 0.05 increments.,0.0,100.0,10.0,True,300.0
yolov10_det,w8a16,onnx,46.8,46.9,46.3,47.05,45.25,,,,,,,,,2026-08-30,main,qualcomm-snapdragon-8-elite-for-galaxy,coco,https://cocodataset.org/,val2017 split,Mean Average Precision,mAP@0.5:0.95,Mean Average Precision averaged over IOU thresholds 0.5 to 0.95 in 0.05 increments.,0.0,100.0,10.0,True,300.0
yolov10_det,w8a8,tflite,46.8,34.8,34.2,15.95,38.26,,,,,,,,,2026-08-30,main,qualcomm-snapdragon-8-elite-for-galaxy,coco,https://cocodataset.org/,val2017 split,Mean Average Precision,mAP@0.5:0.95,Mean Average Precision averaged over IOU thresholds 0.5 to 0.95 in 0.05 increments.,0.0,100.0,10.0,True,300.0
yolov10_det,w8a8,qnn_dlc,46.8,34.8,0.838,15.77,25.96,,,,,,,,,2026-08-30,main,qualcomm-snapdragon-8-elite-for-galaxy,coco,https://cocodataset.org/,val2017 split,Mean Average Precision,mAP@0.5:0.95,Mean Average Precision averaged over IOU thresholds 0.5 to 0.95 in 0.05 increments.,0.0,100.0,10.0,True,300.0
yolov10_det,w8a8,qnn_dlc_via_qnn_ep,46.8,34.8,34.6,15.96,38.32,,,,,,,,,2026-08-30,main,qualcomm-snapdragon-8-elite-for-galaxy,coco,https://cocodataset.org/,val2017 split,Mean Average Precision,mAP@0.5:0.95,Mean Average Precision averaged over IOU thresholds 0.5 to 0.95 in 0.05 increments.,0.0,100.0,10.0,True,300.0
yolov10_det,w8a8,onnx,46.8,34.8,0.838,15.77,25.96,,,,,,,,,2026-08-30,main,qualcomm-snapdragon-8-elite-for-galaxy,coco,https://cocodataset.org/,val2017 split,Mean Average Precision,mAP@0.5:0.95,Mean Average Precision averaged over IOU thresholds 0.5 to 0.95 in 0.05 increments.,0.0,100.0,10.0,True,300.0
yolov5,float,tflite,49.6,,49.5,63.92,57.14,,,,,,,,,2026-08-30,main,qualcomm-snapdragon-8-elite-for-galaxy,coco,https://cocodataset.org/,val2017 split,Mean Average Precision,mAP@0.5:0.95,Mean Average Precision averaged over IOU thresholds 0.5 to 0.95 in 0.05 increments.,0.0,100.0,10.0,True,300.0
yolov5,float,qnn_dlc,49.6,,49.5,63.92,57.14,,,,,,,,,2026-08-30,main,qualcomm-snapdragon-8-elite-for-galaxy,coco,https://cocodataset.org/,val2017 split,Mean Average Precision,mAP@0.5:0.95,Mean Average Precision averaged over IOU thresholds 0.5 to 0.95 in 0.05 increments.,0.0,100.0,10.0,True,300.0
yolov5,float,qnn_dlc_via_qnn_ep,49.6,,49.5,63.92,57.74,,,,,,,,,2026-08-30,main,qualcomm-snapdragon-8-elite-for-galaxy,coco,https://cocodataset.org/,val2017 split,Mean Average Precision,mAP@0.5:0.95,Mean Average Precision averaged over IOU thresholds 0.5 to 0.95 in 0.05 increments.,0.0,100.0,10.0,True,300.0
yolov5,float,onnx,49.6,,49.5,63.92,57.77,,,,,,,,,2026-08-30,main,qualcomm-snapdragon-8-elite-for-galaxy,coco,https://cocodataset.org/,val2017 split,Mean Average Precision,mAP@0.5:0.95,Mean Average Precision averaged over IOU thresholds 0.5 to 0.95 in 0.05 increments.,0.0,100.0,10.0,True,300.0
yolov5,w8a16,qnn_dlc,49.6,49.4,49.5,57.14,50.8,,,,,,,,,2026-08-30,main,qualcomm-snapdragon-8-elite-for-galaxy,coco,https://cocodataset.org/,val2017 split,Mean Average Precision,mAP@0.5:0.95,Mean Average Precision averaged over IOU thresholds 0.5 to 0.95 in 0.05 increments.,0.0,100.0,10.0,True,300.0
yolov5,w8a16,qnn_dlc_via_qnn_ep,49.6,49.4,49.5,57.14,50.8,,,,,,,,,2026-08-30,main,qualcomm-snapdragon-8-elite-for-galaxy,coco,https://cocodataset.org/,val2017 split,Mean Average Precision,mAP@0.5:0.95,Mean Average Precision averaged over IOU thresholds 0.5 to 0.95 in 0.05 increments.,0.0,100.0,10.0,True,300.0
yolov5,w8a16,onnx,49.6,49.4,49.5,57.14,50.8,,,,,,,,,2026-08-30,main,qualcomm-snapdragon-8-elite-for-galaxy,coco,https://cocodataset.org/,val2017 split,Mean Average Precision,mAP@0.5:0.95,Mean Average Precision averaged over IOU thresholds 0.5 to 0.95 in 0.05 increments.,0.0,100.0,10.0,True,300.0
intern3_5_vl_2b,w4a16,geniex_qairt,79.8,,69.9,,,,,,,,,,,2026-09-01,main,qualcomm-snapdragon-x-elite,grace2,https://github.com/qualcomm/ai-hub-models/blob/main/tutorials/llm/grace.md,on-device prompt eval set,Grace2,%,Grading Response Accuracy Evaluation: percentage score from grading generated responses to the Grace2 prompt set with a grader LLM.,0.0,100.0,10.0,True,100.0
